[  +43 ms] executing: sysctl hw.optional.arm64
[   +8 ms] Exit code 0 from: sysctl hw.optional.arm64
[        ] hw.optional.arm64: 1
[   +7 ms] Artifact Instance of 'MaterialFonts' is not required, skipping update.
[        ] Artifact Instance of 'GradleWrapper' is not required, skipping update.
[        ] Artifact Instance of 'AndroidGenSnapshotArtifacts' is not required, skipping update.
[        ] Artifact Instance of 'AndroidInternalBuildArtifacts' is not required, skipping update.
[        ] Artifact Instance of 'IOSEngineArtifacts' is not required, skipping update.
[        ] Artifact Instance of 'FlutterWebSdk' is not required, skipping update.
[        ] Artifact Instance of 'LegacyCanvasKitRemover' is not required, skipping update.
[        ] Artifact Instance of 'FlutterSdk' is not required, skipping update.
[        ] Artifact Instance of 'WindowsEngineArtifacts' is not required, skipping update.
[        ] Artifact Instance of 'MacOSEngineArtifacts' is not required, skipping update.
[        ] Artifact Instance of 'LinuxEngineArtifacts' is not required, skipping update.
[        ] Artifact Instance of 'LinuxFuchsiaSDKArtifacts' is not required, skipping update.
[        ] Artifact Instance of 'MacOSFuchsiaSDKArtifacts' is not required, skipping update.
[        ] Artifact Instance of 'FlutterRunnerSDKArtifacts' is not required, skipping update.
[        ] Artifact Instance of 'FlutterRunnerDebugSymbols' is not required, skipping update.
[        ] Artifact Instance of 'IosUsbArtifacts' is not required, skipping update.
[        ] Artifact Instance of 'IosUsbArtifacts' is not required, skipping update.
[        ] Artifact Instance of 'IosUsbArtifacts' is not required, skipping update.
[        ] Artifact Instance of 'IosUsbArtifacts' is not required, skipping update.
[        ] Artifact Instance of 'IosUsbArtifacts' is not required, skipping update.
[        ] Artifact Instance of 'IosUsbArtifacts' is not required, skipping update.
[        ] Artifact Instance of 'FontSubsetArtifacts' is not required, skipping update.
[        ] Artifact Instance of 'PubDependencies' is not required, skipping update.
[   +1 ms] executing: [/Users/macair/development/flutter/] git -c log.showSignature=false log HEAD -n 1 --pretty=format:%ad --date=iso
[  +45 ms] Exit code 0 from: git -c log.showSignature=false log HEAD -n 1 --pretty=format:%ad --date=iso
[        ] 2026-06-24 11:07:06 -0700
[  +42 ms] executing: sysctl hw.optional.arm64
[   +5 ms] Exit code 0 from: sysctl hw.optional.arm64
[        ] hw.optional.arm64: 1
[        ] executing: /usr/bin/arch -arm64e xcrun xcodebuild -version
[ +352 ms] Exit code 0 from: /usr/bin/arch -arm64e xcrun xcodebuild -version
[        ] Xcode 26.6
           Build version 17F113
[   +2 ms] executing: /usr/bin/arch -arm64e xcrun xcdevice list --timeout 5
[   +5 ms] Artifact Instance of 'AndroidGenSnapshotArtifacts' is not required, skipping update.
[        ] Artifact Instance of 'AndroidInternalBuildArtifacts' is not required, skipping update.
[        ] Artifact Instance of 'IOSEngineArtifacts' is not required, skipping update.
[        ] Artifact Instance of 'FlutterWebSdk' is not required, skipping update.
[        ] Artifact Instance of 'FlutterEngineStamp' is not required, skipping update.
[        ] Artifact Instance of 'LegacyCanvasKitRemover' is not required, skipping update.
[   +1 ms] Artifact Instance of 'WindowsEngineArtifacts' is not required, skipping update.
[        ] Artifact Instance of 'MacOSEngineArtifacts' is not required, skipping update.
[        ] Artifact Instance of 'LinuxEngineArtifacts' is not required, skipping update.
[        ] Artifact Instance of 'LinuxFuchsiaSDKArtifacts' is not required, skipping update.
[        ] Artifact Instance of 'MacOSFuchsiaSDKArtifacts' is not required, skipping update.
[        ] Artifact Instance of 'FlutterRunnerSDKArtifacts' is not required, skipping update.
[        ] Artifact Instance of 'FlutterRunnerDebugSymbols' is not required, skipping update.
[  +33 ms] executing: /Users/macair/Library/Android/sdk/platform-tools/adb devices -l
[        ] executing: /usr/bin/arch -arm64e xcrun xcdevice list --timeout 2
[        ] executing: /usr/bin/arch -arm64e xcrun simctl list devices booted
[ +185 ms] /usr/bin/arch -arm64e xcrun simctl list devices booted iOS --json
[        ] executing: /usr/bin/arch -arm64e xcrun simctl list devices booted iOS --json
[  +57 ms] List of devices attached
[ +132 ms] {
             "devices" : {
               "com.apple.CoreSimulator.SimRuntime.watchOS-26-0" : [

               ],
               "com.apple.CoreSimulator.SimRuntime.iOS-26-0" : [

               ],
               "com.apple.CoreSimulator.SimRuntime.iOS-26-5" : [

               ],
               "com.apple.CoreSimulator.SimRuntime.iOS-26-1" : [

               ]
             }
           }
[+4172 ms] [
             {
               "simulator" : true,
               "operatingSystemVersion" : "26.1 (23B86)",
               "available" : true,
               "platform" : "com.apple.platform.iphonesimulator",
               "modelCode" : "iPad15,5",
               "identifier" : "55574E4D-93E7-4321-84B9-87E48CA4DCEC",
               "architecture" : "arm64",
               "modelUTI" : "com.apple.ipad-air-m3-13-1",
               "modelName" : "iPad Air 13-inch (M3)",
               "name" : "iPad Air 13-inch (M3)",
               "ignored" : false
             },
             {
               "simulator" : true,
               "operatingSystemVersion" : "26.5 (23F77)",
               "available" : true,
               "platform" : "com.apple.platform.iphonesimulator",
               "modelCode" : "iPad16,11",
               "identifier" : "15254688-07F0-497C-9843-10DB7F6CEC1B",
               "architecture" : "arm64",
               "modelUTI" : "com.apple.com.apple.ipad-air-13-inch-m4-1",
               "modelName" : "iPad Air 13-inch (M4)",
               "name" : "iPad Air 13-inch (M4)",
               "ignored" : false
             },
             {
               "simulator" : true,
               "operatingSystemVersion" : "26.0.1 (23A8464)",
               "available" : true,
               "platform" : "com.apple.platform.iphonesimulator",
               "modelCode" : "iPad16,4",
               "identifier" : "7D192181-7E80-4C44-B017-28F9FC68F3CA",
               "architecture" : "arm64",
               "modelUTI" : "com.apple.ipad-pro-m4-1",
               "modelName" : "iPad Pro 11-inch (M4)",
               "name" : "iPad Pro 11-inch (M4)",
               "ignored" : false
             },
             {
               "ignored" : false,
               "modelCode" : "iPhone16,2",
               "simulator" : false,
               "modelName" : "iPhone 15 Pro Max",
               "error" : {
                 "code" : -27,
                 "failureReason" : "",
                 "description" : "Browsing on the local area network for ה-iPhone של Shay",
                 "recoverySuggestion" : "Ensure the device is unlocked and attached with a cable or associated with the same local area network as this Mac.\nThe device must be opted into Developer Mode to connect wirelessly.",
                 "domain" : "com.apple.dt.deviceprep"
               },
               "operatingSystemVersion" : "26.3 (23D5114d)",
               "identifier" : "00008130-001414A434F2001C",
               "platform" : "com.apple.platform.iphoneos",
               "architecture" : "arm64e",
               "interface" : "usb",
               "available" : false,
               "name" : "ה-iPhone של Shay",
               "modelUTI" : "com.apple.iphone-15-pro-max-1"
             },
             {
               "simulator" : true,
               "operatingSystemVersion" : "26.0 (23R353)",
               "available" : true,
               "platform" : "com.apple.platform.watchsimulator",
               "modelCode" : "Watch7,12",
               "identifier" : "91B784EF-BD68-4131-BA8A-2FF97BB47743",
               "architecture" : "arm64",
               "modelUTI" : "com.apple.com.apple.apple-watch-ultra-3-8",
               "modelName" : "Apple Watch Ultra 3 (49mm)",
               "name" : "Apple Watch Ultra 3 (49mm)",
               "ignored" : false
             },
             {
               "simulator" : true,
               "operatingSystemVersion" : "26.0.1 (23A8464)",
               "available" : true,
               "platform" : "com.apple.platform.iphonesimulator",
               "modelCode" : "iPad17,4",
               "identifier" : "879A9AE0-77A0-4B94-95BB-D6FED443CBC8",
               "architecture" : "arm64",
               "modelUTI" : "com.apple.com.apple.ipad-pro-13-inch-m5-1",
               "modelName" : "iPad Pro 13-inch (M5)",
               "name" : "iPad Pro 13-inch (M5)",
               "ignored" : false
             },
             {
               "simulator" : true,
               "operatingSystemVersion" : "26.0.1 (23A8464)",
               "available" : true,
               "platform" : "com.apple.platform.iphonesimulator",
               "modelCode" : "iPad15,7",
               "identifier" : "1C19A10D-05CD-4FF8-8695-B4F752A1300A",
               "architecture" : "arm64",
               "modelUTI" : "com.apple.ipad-a16-1",
               "modelName" : "iPad (A16)",
               "name" : "iPad (A16)",
               "ignored" : false
             },
             {
               "simulator" : true,
               "operatingSystemVersion" : "26.0.1 (23A8464)",
               "available" : true,
               "platform" : "com.apple.platform.iphonesimulator",
               "modelCode" : "iPhone15,3",
               "identifier" : "92DD664E-EF4A-4E49-A13E-191D9BCE4835",
               "architecture" : "arm64",
               "modelUTI" : "com.apple.iphone-14-pro-max-1",
               "modelName" : "iPhone 14 Pro Max",
               "name" : "daria",
               "ignored" : false
             },
             {
               "simulator" : true,
               "operatingSystemVersion" : "26.1 (23B86)",
               "available" : true,
               "platform" : "com.apple.platform.iphonesimulator",
               "modelCode" : "iPhone15,3",
               "identifier" : "1D676D9B-F0AC-4EBF-B921-4E502A4D6BF1",
               "architecture" : "arm64",
               "modelUTI" : "com.apple.iphone-14-pro-max-1",
               "modelName" : "iPhone 14 Pro Max",
               "name" : "iPhone 14 Pro Max",
               "ignored" : false
             },
             {
               "simulator" : true,
               "operatingSystemVersion" : "26.0.1 (23A8464)",
               "available" : true,
               "platform" : "com.apple.platform.iphonesimulator",
               "modelCode" : "iPhone18,1",
               "identifier" : "19FBAF5B-3611-4D36-BFA5-08E63262F67C",
               "architecture" : "arm64",
               "modelUTI" : "com.apple.com.apple.iphone-17-pro-2",
               "modelName" : "iPhone 17 Pro",
               "name" : "iPhone 17 Pro",
               "ignored" : false
             },
             {
               "simulator" : true,
               "operatingSystemVersion" : "26.0.1 (23A8464)",
               "available" : true,
               "platform" : "com.apple.platform.iphonesimulator",
               "modelCode" : "iPad16,6",
               "identifier" : "8A53B96A-279C-428E-BE37-59EBA48BF038",
               "architecture" : "arm64",
               "modelUTI" : "com.apple.ipad-pro-m4-13-1",
               "modelName" : "iPad Pro 13-inch (M4)",
               "name" : "iPad Pro 13-inch (M4)",
               "ignored" : false
             },
             {
               "simulator" : true,
               "operatingSystemVersion" : "26.0 (23R353)",
               "available" : true,
               "platform" : "com.apple.platform.watchsimulator",
               "modelCode" : "Watch7,17",
               "identifier" : "460A8F66-6806-49E6-9D5E-7633A4DA2BC0",
               "architecture" : "arm64",
               "modelUTI" : "com.apple.com.apple.apple-watch-series-11-4",
               "modelName" : "Apple Watch Series 11 (42mm)",
               "name" : "Apple Watch Series 11 (42mm)",
               "ignored" : false
             },
             {
               "ignored" : false,
               "modelCode" : "iPhone18,2",
               "simulator" : false,
               "modelName" : "iPhone 17 Pro Max",
               "operatingSystemVersion" : "26.6 (23G71)",
               "identifier" : "00008150-000E7D291199401C",
               "platform" : "com.apple.platform.iphoneos",
               "architecture" : "arm64e",
               "interface" : "usb",
               "available" : true,
               "name" : "ה-iPhone של Shay",
               "modelUTI" : "com.apple.com.apple.iphone-17-pro-max-2"
             },
             {
               "simulator" : true,
               "operatingSystemVersion" : "26.5 (23F77)",
               "available" : true,
               "platform" : "com.apple.platform.iphonesimulator",
               "modelCode" : "iPhone18,4",
               "identifier" : "5C4183AF-802E-4371-B504-B536D5C6EA99",
               "architecture" : "arm64",
               "modelUTI" : "com.apple.com.apple.iphone-air-1",
               "modelName" : "iPhone Air",
               "name" : "iPhone Air",
               "ignored" : false
             },
             {
               "simulator" : true,
               "operatingSystemVersion" : "26.5 (23F77)",
               "available" : true,
               "platform" : "com.apple.platform.iphonesimulator",
               "modelCode" : "iPhone18,2",
               "identifier" : "40770DD0-0DA7-49D8-B867-48B8D0316274",
               "architecture" : "arm64",
               "modelUTI" : "com.apple.com.apple.iphone-17-pro-max-2",
               "modelName" : "iPhone 17 Pro Max",
               "name" : "iPhone 17 Pro Max",
               "ignored" : false
             },
             {
               "simulator" : true,
               "operatingSystemVersion" : "26.5 (23F77)",
               "available" : true,
               "platform" : "com.apple.platform.iphonesimulator",
               "modelCode" : "iPhone18,5",
               "identifier" : "FA346EA1-A652-4D18-828F-9FF08763E8F4",
               "architecture" : "arm64",
               "modelUTI" : "com.apple.com.apple.iphone-17e-1",
               "modelName" : "iPhone 17e",
               "name" : "iPhone 17e",
               "ignored" : false
             },
             {
               "simulator" : true,
               "operatingSystemVersion" : "26.1 (23B86)",
               "available" : true,
               "platform" : "com.apple.platform.iphonesimulator",
               "modelCode" : "iPad17,2",
               "identifier" : "CF971AA8-E34D-4D5F-9DD6-AE09955B8BD2",
               "architecture" : "arm64",
               "modelUTI" : "com.apple.com.apple.ipad-pro-11-inch-m5-1",
               "modelName" : "iPad Pro 11-inch (M5)",
               "name" : "iPad Pro 11-inch (M5)",
               "ignored" : false
             },
             {
               "simulator" : true,
               "operatingSystemVersion" : "26.0.1 (23A8464)",
               "available" : true,
               "platform" : "com.apple.platform.iphonesimulator",
               "modelCode" : "iPhone17,5",
               "identifier" : "F41ACB82-E097-4E80-BE26-860798F6A5B7",
               "architecture" : "arm64",
               "modelUTI" : "com.apple.iphone-16-e-1",
               "modelName" : "iPhone 16e",
               "name" : "iPhone 16e",
               "ignored" : false
             },
             {
               "simulator" : true,
               "operatingSystemVersion" : "26.5 (23F77)",
               "available" : true,
               "platform" : "com.apple.platform.iphonesimulator",
               "modelCode" : "iPad16,2",
               "identifier" : "4D97A5EE-A0F8-49D1-AE2C-89D1FA25A37A",
               "architecture" : "arm64",
               "modelUTI" : "com.apple.ipad-mini-a17-1",
               "modelName" : "iPad mini (A17 Pro)",
               "name" : "iPad mini (A17 Pro)",
               "ignored" : false
             },
             {
               "simulator" : true,
               "operatingSystemVersion" : "26.1 (23B86)",
               "available" : true,
               "platform" : "com.apple.platform.iphonesimulator",
               "modelCode" : "iPad15,7",
               "identifier" : "02B4DA6F-8683-458D-886E-05CA447B0331",
               "architecture" : "arm64",
               "modelUTI" : "com.apple.ipad-a16-1",
               "modelName" : "iPad (A16)",
               "name" : "iPad (A16)",
               "ignored" : false
             },
             {
               "simulator" : true,
               "operatingSystemVersion" : "26.0.1 (23A8464)",
               "available" : true,
               "platform" : "com.apple.platform.iphonesimulator",
               "modelCode" : "iPhone18,2",
               "identifier" : "BB4B4B99-22F3-4050-87CD-868C028520B7",
               "architecture" : "arm64",
               "modelUTI" : "com.apple.com.apple.iphone-17-pro-max-2",
               "modelName" : "iPhone 17 Pro Max",
               "name" : "iPhone 17 Pro Max",
               "ignored" : false
             },
             {
               "simulator" : true,
               "operatingSystemVersion" : "26.5 (23F77)",
               "available" : true,
               "platform" : "com.apple.platform.iphonesimulator",
               "modelCode" : "iPad16,9",
               "identifier" : "9770E025-227E-4712-B186-63AFE0AF129E",
               "architecture" : "arm64",
               "modelUTI" : "com.apple.com.apple.ipad-air-11-inch-m4-1",
               "modelName" : "iPad Air 11-inch (M4)",
               "name" : "iPad Air 11-inch (M4)",
               "ignored" : false
             },
             {
               "simulator" : true,
               "operatingSystemVersion" : "26.5 (23F77)",
               "available" : true,
               "platform" : "com.apple.platform.iphonesimulator",
               "modelCode" : "iPhone18,1",
               "identifier" : "FE58D459-0EA0-40C6-9216-4357F94B3F68",
               "architecture" : "arm64",
               "modelUTI" : "com.apple.com.apple.iphone-17-pro-2",
               "modelName" : "iPhone 17 Pro",
               "name" : "iPhone 17 Pro",
               "ignored" : false
             },
             {
               "simulator" : true,
               "operatingSystemVersion" : "26.1 (23B86)",
               "available" : true,
               "platform" : "com.apple.platform.iphonesimulator",
               "modelCode" : "iPad16,2",
               "identifier" : "36A454BA-C177-4FE1-93FB-219749132AC9",
               "architecture" : "arm64",
               "modelUTI" : "com.apple.ipad-mini-a17-1",
               "modelName" : "iPad mini (A17 Pro)",
               "name" : "iPad mini (A17 Pro)",
               "ignored" : false
             },
             {
               "simulator" : true,
               "operatingSystemVersion" : "26.0.1 (23A8464)",
               "available" : true,
               "platform" : "com.apple.platform.iphonesimulator",
               "modelCode" : "iPhone18,3",
               "identifier" : "47AC2C3B-B7F0-4F4E-9D1D-E191C8621257",
               "architecture" : "arm64",
               "modelUTI" : "com.apple.com.apple.iphone-17-2",
               "modelName" : "iPhone 17",
               "name" : "iPhone 17",
               "ignored" : false
             },
             {
               "simulator" : true,
               "operatingSystemVersion" : "26.0 (23R353)",
               "available" : true,
               "platform" : "com.apple.platform.watchsimulator",
               "modelCode" : "Watch7,16",
               "identifier" : "8D52F8DA-C8D2-4A6C-81C2-849AB8688F11",
               "architecture" : "arm64",
               "modelUTI" : "com.apple.com.apple.apple-watch-se-3-1",
               "modelName" : "Apple Watch SE 3 (44mm)",
               "name" : "Apple Watch SE 3 (44mm)",
               "ignored" : false
             },
             {
               "simulator" : true,
               "operatingSystemVersion" : "26.0.1 (23A8464)",
               "available" : true,
               "platform" : "com.apple.platform.iphonesimulator",
               "modelCode" : "iPad15,3",
               "identifier" : "63F93252-5044-4EBB-B769-1B0FDDE2383D",
               "architecture" : "arm64",
               "modelUTI" : "com.apple.ipad-air-m3-1",
               "modelName" : "iPad Air 11-inch (M3)",
               "name" : "iPad Air 11-inch (M3)",
               "ignored" : false
             },
             {
               "simulator" : true,
               "operatingSystemVersion" : "26.1 (23B86)",
               "available" : true,
               "platform" : "com.apple.platform.iphonesimulator",
               "modelCode" : "iPhone18,3",
               "identifier" : "CA8A7EC5-611A-4DFA-BB72-4D2FF2E73A74",
               "architecture" : "arm64",
               "modelUTI" : "com.apple.com.apple.iphone-17-2",
               "modelName" : "iPhone 17",
               "name" : "iPhone 17",
               "ignored" : false
             },
             {
               "simulator" : true,
               "operatingSystemVersion" : "26.1 (23B86)",
               "available" : true,
               "platform" : "com.apple.platform.iphonesimulator",
               "modelCode" : "iPhone18,2",
               "identifier" : "F433D43A-333A-4BBF-87EC-7B6E2737DD21",
               "architecture" : "arm64",
               "modelUTI" : "com.apple.com.apple.iphone-17-pro-max-2",
               "modelName" : "iPhone 17 Pro Max",
               "name" : "iPhone 17 Pro Max",
               "ignored" : false
             },
             {
               "simulator" : true,
               "operatingSystemVersion" : "26.1 (23B86)",
               "available" : true,
               "platform" : "com.apple.platform.iphonesimulator",
               "modelCode" : "iPhone17,5",
               "identifier" : "7359537F-F782-4579-B97C-6C929B1C5EB4",
               "architecture" : "arm64",
               "modelUTI" : "com.apple.iphone-16-e-1",
               "modelName" : "iPhone 16e",
               "name" : "iPhone 16e",
               "ignored" : false
             },
             {
               "simulator" : true,
               "operatingSystemVersion" : "26.0 (23R353)",
               "available" : true,
               "platform" : "com.apple.platform.watchsimulator",
               "modelCode" : "Watch7,18",
               "identifier" : "343149F5-A767-4F25-B8B0-39878AE5CED9",
               "architecture" : "arm64",
               "modelUTI" : "com.apple.com.apple.apple-watch-series-11-4",
               "modelName" : "Apple Watch Series 11 (46mm)",
               "name" : "Apple Watch Series 11 (46mm)",
               "ignored" : false
             },
             {
               "simulator" : true,
               "operatingSystemVersion" : "26.1 (23B86)",
               "available" : true,
               "platform" : "com.apple.platform.iphonesimulator",
               "modelCode" : "iPad15,3",
               "identifier" : "852EC85F-05A2-423F-B744-69EC12B6607E",
               "architecture" : "arm64",
               "modelUTI" : "com.apple.ipad-air-m3-1",
               "modelName" : "iPad Air 11-inch (M3)",
               "name" : "iPad Air 11-inch (M3)",
               "ignored" : false
             },
             {
               "simulator" : true,
               "operatingSystemVersion" : "26.5 (23F77)",
               "available" : true,
               "platform" : "com.apple.platform.iphonesimulator",
               "modelCode" : "iPad17,4",
               "identifier" : "78AD72FE-6187-4DDB-9209-94251CD778FF",
               "architecture" : "arm64",
               "modelUTI" : "com.apple.com.apple.ipad-pro-13-inch-m5-1",
               "modelName" : "iPad Pro 13-inch (M5)",
               "name" : "iPad Pro 13-inch (M5)",
               "ignored" : false
             },
             {
               "simulator" : true,
               "operatingSystemVersion" : "26.5 (23F77)",
               "available" : true,
               "platform" : "com.apple.platform.iphonesimulator",
               "modelCode" : "iPad17,2",
               "identifier" : "55EF7E6B-903C-4CF7-B995-3FDB40AE8FF7",
               "architecture" : "arm64",
               "modelUTI" : "com.apple.com.apple.ipad-pro-11-inch-m5-1",
               "modelName" : "iPad Pro 11-inch (M5)",
               "name" : "iPad Pro 11-inch (M5)",
               "ignored" : false
             },
             {
               "simulator" : true,
               "operatingSystemVersion" : "26.1 (23B86)",
               "available" : true,
               "platform" : "com.apple.platform.iphonesimulator",
               "modelCode" : "iPhone18,1",
               "identifier" : "A9D6A305-085F-4121-AE1C-F4E915CA2B3F",
               "architecture" : "arm64",
               "modelUTI" : "com.apple.com.apple.iphone-17-pro-2",
               "modelName" : "iPhone 17 Pro",
               "name" : "iPhone 17 Pro",
               "ignored" : false
             },
             {
               "simulator" : true,
               "operatingSystemVersion" : "26.1 (23B86)",
               "available" : true,
               "platform" : "com.apple.platform.iphonesimulator",
               "modelCode" : "iPhone18,4",
               "identifier" : "EB6B28A2-8FF3-4A88-BCB2-8D22E7FD3A69",
               "architecture" : "arm64",
               "modelUTI" : "com.apple.com.apple.iphone-air-1",
               "modelName" : "iPhone Air",
               "name" : "iPhone Air",
               "ignored" : false
             },
             {
               "simulator" : true,
               "operatingSystemVersion" : "26.1 (23B86)",
               "available" : true,
               "platform" : "com.apple.platform.iphonesimulator",
               "modelCode" : "iPad17,4",
               "identifier" : "E0B24359-543E-47C5-870E-50FA74141E52",
               "architecture" : "arm64",
               "modelUTI" : "com.apple.com.apple.ipad-pro-13-inch-m5-1",
               "modelName" : "iPad Pro 13-inch (M5)",
               "name" : "iPad Pro 13-inch (M5)",
               "ignored" : false
             },
             {
               "simulator" : true,
               "operatingSystemVersion" : "26.5 (23F77)",
               "available" : true,
               "platform" : "com.apple.platform.iphonesimulator",
               "modelCode" : "iPhone18,3",
               "identifier" : "D375A953-76AE-4AD7-A2E8-18D1A808299E",
               "architecture" : "arm64",
               "modelUTI" : "com.apple.com.apple.iphone-17-2",
               "modelName" : "iPhone 17",
               "name" : "iPhone 17",
               "ignored" : false
             },
             {
               "simulator" : true,
               "operatingSystemVersion" : "26.0.1 (23A8464)",
               "available" : true,
               "platform" : "com.apple.platform.iphonesimulator",
               "modelCode" : "iPad16,2",
               "identifier" : "A5B165D2-412C-4461-A7FA-5B8D0E72742A",
               "architecture" : "arm64",
               "modelUTI" : "com.apple.ipad-mini-a17-1",
               "modelName" : "iPad mini (A17 Pro)",
               "name" : "iPad mini (A17 Pro)",
               "ignored" : false
             },
             {
               "simulator" : true,
               "operatingSystemVersion" : "26.5 (23F77)",
               "available" : true,
               "platform" : "com.apple.platform.iphonesimulator",
               "modelCode" : "iPad15,7",
               "identifier" : "F0566CB4-F6E0-4C02-BD79-F153F3795941",
               "architecture" : "arm64",
               "modelUTI" : "com.apple.ipad-a16-1",
               "modelName" : "iPad (A16)",
               "name" : "iPad (A16)",
               "ignored" : false
             },
             {
               "simulator" : true,
               "operatingSystemVersion" : "26.0.1 (23A8464)",
               "available" : true,
               "platform" : "com.apple.platform.iphonesimulator",
               "modelCode" : "iPhone15,3",
               "identifier" : "FEC1F6E7-0604-47BE-9517-D0CA4D405905",
               "architecture" : "arm64",
               "modelUTI" : "com.apple.iphone-14-pro-max-1",
               "modelName" : "iPhone 14 Pro Max",
               "name" : "iPhone 14 Pro Max",
               "ignored" : false
             },
             {
               "simulator" : true,
               "operatingSystemVersion" : "26.0.1 (23A8464)",
               "available" : true,
               "platform" : "com.apple.platform.iphonesimulator",
               "modelCode" : "iPhone18,4",
               "identifier" : "B82B8E65-2127-4AA5-A6AE-143A6F6223C1",
               "architecture" : "arm64",
               "modelUTI" : "com.apple.com.apple.iphone-air-1",
               "modelName" : "iPhone Air",
               "name" : "iPhone Air",
               "ignored" : false
             },
             {
               "simulator" : true,
               "operatingSystemVersion" : "26.0.1 (23A8464)",
               "available" : true,
               "platform" : "com.apple.platform.iphonesimulator",
               "modelCode" : "iPad15,5",
               "identifier" : "000ECB5E-B119-4B44-80DA-4A42384DF4EA",
               "architecture" : "arm64",
               "modelUTI" : "com.apple.ipad-air-m3-13-1",
               "modelName" : "iPad Air 13-inch (M3)",
               "name" : "iPad Air 13-inch (M3)",
               "ignored" : false
             },
             {
               "simulator" : true,
               "operatingSystemVersion" : "26.0 (23R353)",
               "available" : true,
               "platform" : "com.apple.platform.watchsimulator",
               "modelCode" : "Watch7,13",
               "identifier" : "F1C29728-25D5-4C96-B6D9-6AD66DDDDF15",
               "architecture" : "arm64",
               "modelUTI" : "com.apple.com.apple.apple-watch-se-3-1",
               "modelName" : "Apple Watch SE 3 (40mm)",
               "name" : "Apple Watch SE 3 (40mm)",
               "ignored" : false
             },
             {
               "ignored" : false,
               "modelCode" : "Mac14,2",
               "simulator" : false,
               "modelName" : "MacBook Air",
               "operatingSystemVersion" : "26.6 (25G5028f)",
               "identifier" : "00008112-00016861219A401E",
               "platform" : "com.apple.platform.macosx",
               "architecture" : "arm64e",
               "interface" : "usb",
               "available" : true,
               "name" : "My Mac",
               "modelUTI" : "com.apple.macbookair-13-2022"
             },
             {
               "simulator" : true,
               "operatingSystemVersion" : "26.0.1 (23A8464)",
               "available" : true,
               "platform" : "com.apple.platform.iphonesimulator",
               "modelCode" : "iPad17,2",
               "identifier" : "1E47EE32-3165-43EC-8650-26122A15E6ED",
               "architecture" : "arm64",
               "modelUTI" : "com.apple.com.apple.ipad-pro-11-inch-m5-1",
               "modelName" : "iPad Pro 11-inch (M5)",
               "name" : "iPad Pro 11-inch (M5)",
               "ignored" : false
             }
           ]
[   +8 ms] executing: /usr/bin/arch -arm64e xcrun devicectl --version
[ +122 ms] executing: /usr/bin/arch -arm64e xcrun devicectl list devices --timeout 5 --json-output /var/folders/t7/4ns5bn2972v1xz_j79mgwsyw0000gn/T/flutter_tools.prcA3B/core_devices.KpD26E/core_device_list.json
[ +101 ms] {
             "info" : {
               "arguments" : [
                 "devicectl",
                 "list",
                 "devices",
                 "--timeout",
                 "5",
                 "--json-output",
                 "/var/folders/t7/4ns5bn2972v1xz_j79mgwsyw0000gn/T/flutter_tools.prcA3B/core_devices.KpD26E/core_device_list.json"
               ],
               "commandType" : "devicectl.list.devices",
               "environment" : {
                 "TERM" : "xterm-256color"
               },
               "jsonVersion" : 3,
               "outcome" : "success",
               "version" : "518.33"
             },
             "result" : {
               "devices" : [
                 {
                   "capabilities" : [
                     {
                       "featureIdentifier" : "com.apple.coredevice.feature.tags",
                       "name" : "Modify Tags"
                     },
                     {
                       "featureIdentifier" : "com.apple.coredevice.feature.default.user.credentials",
                       "name" : "Modify credentials for default users for a device"
                     },
                     {
                       "featureIdentifier" : "com.apple.coredevice.feature.unpairdevice",
                       "name" : "Unpair Device"
                     }
                   ],
                   "connectionProperties" : {
                     "authenticationType" : "manualPairing",
                     "isMobileDeviceOnly" : false,
                     "lastConnectionDate" : "2025-11-28T15:01:40.003Z",
                     "pairingState" : "paired",
                     "potentialHostnames" : [
                       "h-iPhone-sl-Shay.coredevice.local",
                       "ED09B0EF-978E-5095-B44D-2DDF4980A407.coredevice.local",
                       "00008130-001414A434F2001C.coredevice.local"
                     ],
                     "tunnelState" : "unavailable"
                   },
                   "deviceProperties" : {
                     "bootedFromSnapshot" : true,
                     "bootedSnapshotName" : "com.apple.os.update-B0105BB5D1A1D2C34B559171970930E421338C36864B1608EF6B7D7DAE000FDF",
                     "ddiServicesAvailable" : false,
                     "developerModeStatus" : "enabled",
                     "hasInternalOSBuild" : false,
                     "name" : "ה-iPhone של Shay",
                     "osBuildUpdate" : "23D5114d",
                     "osVersionNumber" : "26.3",
                     "releaseType" : "Beta",
                     "rootFileSystemIsWritable" : false,
                     "supportsCheckedAllocations" : false
                   },
                   "hardwareProperties" : {
                     "cpuType" : {
                       "name" : "arm64e",
                       "subType" : 2,
                       "type" : 16777228
                     },
                     "deviceType" : "iPhone",
                     "ecid" : 5652195029680156,
                     "hardwareModel" : "D84AP",
                     "internalStorageCapacity" : 256000000000,
                     "isProductionFused" : true,
                     "marketingName" : "iPhone 15 Pro Max",
                     "platform" : "iOS",
                     "productType" : "iPhone16,2",
                     "reality" : "physical",
                     "serialNumber" : "FGJX6L2DPW",
                     "supportedCPUTypes" : [
                       {
                         "name" : "arm64e",
                         "subType" : 2,
                         "type" : 16777228
                       },
                       {
                         "name" : "arm64",
                         "subType" : 0,
                         "type" : 16777228
                       }
                     ],
                     "supportedDeviceFamilies" : [
                       1
                     ],
                     "thinningProductType" : "iPhone16,2",
                     "udid" : "00008130-001414A434F2001C"
                   },
                   "identifier" : "ED09B0EF-978E-5095-B44D-2DDF4980A407",
                   "tags" : [

                   ],
                   "visibilityClass" : "default"
                 },
                 {
                   "capabilities" : [
                     {
                       "featureIdentifier" : "com.apple.coredevice.feature.acquireusageassertion",
                       "name" : "Acquire Usage Assertion"
                     },
                     {
                       "featureIdentifier" : "com.apple.coredevice.feature.applicationcontrol",
                       "name" : "Application Control"
                     },
                     {
                       "featureIdentifier" : "com.apple.coredevice.feature.capturesysdiagnose",
                       "name" : "Capture Sysdiagnose"
                     },
                     {
                       "featureIdentifier" : "com.apple.dt.serviceconnection.create",
                       "name" : "Create Service Connection"
                     },
                     {
                       "featureIdentifier" : "com.apple.dt.servicesocket.create",
                       "name" : "Create Service Socket"
                     },
                     {
                       "featureIdentifier" : "com.apple.coredevice.feature.disableddiservices",
                       "name" : "Disable Developer Disk Image Services"
                     },
                     {
                       "featureIdentifier" : "com.apple.coredevice.feature.disconnectdevice",
                       "name" : "Disconnect from Device"
                     },
                     {
                       "featureIdentifier" : "com.apple.coredevice.feature.fetchappicons",
                       "name" : "Fetch Application Icons"
                     },
                     {
                       "featureIdentifier" : "com.apple.coredevice.feature.getauthlistingidentifiers",
                       "name" : "Fetch AuthListing Identifiers"
                     },
                     {
                       "featureIdentifier" : "com.apple.coredevice.feature.fetchddimetadata",
                       "name" : "Fetch Developer Disk Image Services Metadata"
                     },
                     {
                       "featureIdentifier" : "com.apple.coredevice.feature.getdeviceinfo",
                       "name" : "Fetch Extended Device Info"
                     },
                     {
                       "featureIdentifier" : "com.apple.coredevice.feature.getdisplayinfo",
                       "name" : "Get Display Information"
                     },
                     {
                       "featureIdentifier" : "com.apple.coredevice.feature.getlockstate",
                       "name" : "Get Lock State"
                     },
                     {
                       "featureIdentifier" : "com.apple.coredevice.feature.installapp",
                       "name" : "Install Application"
                     },
                     {
                       "featureIdentifier" : "com.apple.coredevice.feature.installroot",
                       "name" : "Install Root"
                     },
                     {
                       "featureIdentifier" : "com.apple.coredevice.feature.launchapplication",
                       "name" : "Launch Application"
                     },
                     {
                       "featureIdentifier" : "com.apple.coredevice.feature.listFiles",
                       "name" : "List Files"
                     },
                     {
                       "featureIdentifier" : "com.apple.coredevice.feature.listroots",
                       "name" : "List Roots"
                     },
                     {
                       "featureIdentifier" : "com.apple.coredevice.feature.tags",
                       "name" : "Modify Tags"
                     },
                     {
                       "featureIdentifier" : "com.apple.coredevice.feature.default.user.credentials",
                       "name" : "Modify credentials for default users for a device"
                     },
                     {
                       "featureIdentifier" : "com.apple.coredevice.feature.monitorprocesstermination",
                       "name" : "Monitor Process for Termination"
                     },
                     {
                       "featureIdentifier" : "com.apple.dt.customer.postdarwinnotification",
                       "name" : "Post Darwin Notification"
                     },
                     {
                       "featureIdentifier" : "com.apple.coredevice.feature.processcontrol",
                       "name" : "Process Control"
                     },
                     {
                       "featureIdentifier" : "com.apple.coredevice.feature.querymobilegestalt",
                       "name" : "Query MobileGestalt"
                     },
                     {
                       "featureIdentifier" : "com.apple.coredevice.feature.rebootdevice",
                       "name" : "Reboot Device"
                     },
                     {
                       "featureIdentifier" : "com.apple.coredevice.feature.sendmemorywarningtoprocess",
                       "name" : "Send Memory Warning to Process"
                     },
                     {
                       "featureIdentifier" : "com.apple.coredevice.feature.sendsignaltoprocess",
                       "name" : "Send Signal to Process"
                     },
                     {
                       "featureIdentifier" : "com.apple.dt.profile",
                       "name" : "Service Hub Profile"
                     },
                     {
                       "featureIdentifier" : "com.apple.coredevice.feature.spawnexecutable",
                       "name" : "Spawn Executable"
                     },
                     {
                       "featureIdentifier" : "com.apple.coredevice.feature.streamapplist",
                       "name" : "Stream Application List"
                     },
                     {
                       "featureIdentifier" : "com.apple.coredevice.feature.streamprocesslist",
                       "name" : "Stream Process List"
                     },
                     {
                       "featureIdentifier" : "com.apple.coredevice.feature.transferFiles",
                       "name" : "Transfer Files"
                     },
                     {
                       "featureIdentifier" : "com.apple.coredevice.feature.uninstallapp",
                       "name" : "Uninstall Application"
                     },
                     {
                       "featureIdentifier" : "com.apple.coredevice.feature.uninstallroot",
                       "name" : "Uninstall Root"
                     },
                     {
                       "featureIdentifier" : "com.apple.coredevice.feature.unpairdevice",
                       "name" : "Unpair Device"
                     },
                     {
                       "featureIdentifier" : "com.apple.coredevice.feature.viewdevicescreen",
                       "name" : "View Device Screen"
                     }
                   ],
                   "connectionProperties" : {
                     "authenticationType" : "manualPairing",
                     "isMobileDeviceOnly" : false,
                     "lastConnectionDate" : "2026-07-26T13:12:00.000Z",
                     "localHostnames" : [
                       "h-iPhone-sl-Shay-1.coredevice.local",
                       "F1F78B6E-3039-5AFA-A449-AA18EFE948C7.coredevice.local",
                       "00008150-000E7D291199401C.coredevice.local"
                     ],
                     "pairingState" : "paired",
                     "potentialHostnames" : [
                       "h-iPhone-sl-Shay-1.coredevice.local",
                       "F1F78B6E-3039-5AFA-A449-AA18EFE948C7.coredevice.local",
                       "00008150-000E7D291199401C.coredevice.local"
                     ],
                     "transportType" : "wired",
                     "tunnelIPAddress" : "fd2c:c569:28a4::1",
                     "tunnelState" : "connected",
                     "tunnelTransportProtocol" : "tcp"
                   },
                   "deviceProperties" : {
                     "bootState" : "booted",
                     "bootedFromSnapshot" : true,
                     "bootedSnapshotName" : "com.apple.os.update-396F1902E07EC67AE1484D7C15C526CA877547ADE097724E93AD4744D9FD38BF",
                     "ddiServicesAvailable" : true,
                     "developerModeStatus" : "enabled",
                     "hasInternalOSBuild" : false,
                     "name" : "ה-iPhone של Shay",
                     "osBuildUpdate" : "23G71",
                     "osVersionNumber" : "26.6",
                     "providerSpecificValues" : {
                       "hasAMRestorableDeviceRef" : "true"
                     },
                     "rootFileSystemIsWritable" : false,
                     "screenViewingURL" : "devices://device/open?id=F1F78B6E-3039-5AFA-A449-AA18EFE948C7",
                     "supportsCheckedAllocations" : true
                   },
                   "hardwareProperties" : {
                     "cpuType" : {
                       "name" : "arm64e",
                       "subType" : 2,
                       "type" : 16777228
                     },
                     "deviceType" : "iPhone",
                     "ecid" : 4078265016336412,
                     "hardwareModel" : "V54AP",
                     "internalStorageCapacity" : 512000000000,
                     "isProductionFused" : true,
                     "marketingName" : "iPhone 17 Pro Max",
                     "platform" : "iOS",
                     "productType" : "iPhone18,2",
                     "reality" : "physical",
                     "serialNumber" : "GFV605627R",
                     "supportedCPUTypes" : [
                       {
                         "name" : "arm64e",
                         "subType" : 2,
                         "type" : 16777228
                       },
                       {
                         "name" : "arm64",
                         "subType" : 0,
                         "type" : 16777228
                       }
                     ],
                     "supportedDeviceFamilies" : [
                       1
                     ],
                     "thinningProductType" : "iPhone18,2",
                     "udid" : "00008150-000E7D291199401C"
                   },
                   "identifier" : "F1F78B6E-3039-5AFA-A449-AA18EFE948C7",
                   "tags" : [

                   ],
                   "visibilityClass" : "default"
                 }
               ]
             }
           }

[   +7 ms] Error: Browsing on the local area network for ה-iPhone של Shay. Ensure the device is unlocked and attached with a cable or associated with the same local area network as this Mac.
           The device must be opted into Developer Mode to connect wirelessly. (code -27)
[   +5 ms] Artifact Instance of 'AndroidGenSnapshotArtifacts' is not required, skipping update.
[        ] Artifact Instance of 'AndroidInternalBuildArtifacts' is not required, skipping update.
[   +1 ms] Artifact Instance of 'FlutterEngineStamp' is not required, skipping update.
[        ] Artifact Instance of 'WindowsEngineArtifacts' is not required, skipping update.
[   +1 ms] Artifact Instance of 'LinuxEngineArtifacts' is not required, skipping update.
[        ] Artifact Instance of 'LinuxFuchsiaSDKArtifacts' is not required, skipping update.
[        ] Artifact Instance of 'MacOSFuchsiaSDKArtifacts' is not required, skipping update.
[        ] Artifact Instance of 'FlutterRunnerSDKArtifacts' is not required, skipping update.
[        ] Artifact Instance of 'FlutterRunnerDebugSymbols' is not required, skipping update.
[  +29 ms] Skipping pub get: version match.
[  +94 ms] Found plugin url_launcher at /Users/macair/.pub-cache/hosted/pub.dev/url_launcher-6.3.2/
[   +3 ms] Found plugin url_launcher_windows at /Users/macair/.pub-cache/hosted/pub.dev/url_launcher_windows-3.1.5/
[   +3 ms] Found plugin url_launcher_web at /Users/macair/.pub-cache/hosted/pub.dev/url_launcher_web-2.4.3/
[   +2 ms] Found plugin url_launcher_macos at /Users/macair/.pub-cache/hosted/pub.dev/url_launcher_macos-3.2.5/
[   +1 ms] Found plugin url_launcher_linux at /Users/macair/.pub-cache/hosted/pub.dev/url_launcher_linux-3.2.2/
[   +1 ms] Found plugin url_launcher_ios at /Users/macair/.pub-cache/hosted/pub.dev/url_launcher_ios-6.4.1/
[   +1 ms] Found plugin url_launcher_android at /Users/macair/.pub-cache/hosted/pub.dev/url_launcher_android-6.3.32/
[   +1 ms] Found plugin shared_preferences at /Users/macair/.pub-cache/hosted/pub.dev/shared_preferences-2.5.5/
[   +1 ms] Found plugin shared_preferences_windows at /Users/macair/.pub-cache/hosted/pub.dev/shared_preferences_windows-2.4.1/
[   +1 ms] Found plugin path_provider_windows at /Users/macair/.pub-cache/hosted/pub.dev/path_provider_windows-2.3.0/
[   +2 ms] Found plugin shared_preferences_web at /Users/macair/.pub-cache/hosted/pub.dev/shared_preferences_web-2.4.3/
[        ] Found plugin shared_preferences_linux at /Users/macair/.pub-cache/hosted/pub.dev/shared_preferences_linux-2.4.1/
[        ] Found plugin path_provider_linux at /Users/macair/.pub-cache/hosted/pub.dev/path_provider_linux-2.2.2/
[   +1 ms] Found plugin shared_preferences_foundation at /Users/macair/.pub-cache/hosted/pub.dev/shared_preferences_foundation-2.5.6/
[        ] Found plugin shared_preferences_android at /Users/macair/.pub-cache/hosted/pub.dev/shared_preferences_android-2.4.27/
[   +3 ms] Found plugin image_picker at /Users/macair/.pub-cache/hosted/pub.dev/image_picker-1.2.3/
[   +1 ms] Found plugin image_picker_windows at /Users/macair/.pub-cache/hosted/pub.dev/image_picker_windows-0.2.2/
[   +3 ms] Found plugin file_selector_windows at /Users/macair/.pub-cache/hosted/pub.dev/file_selector_windows-0.9.3+5/
[   +1 ms] Found plugin image_picker_macos at /Users/macair/.pub-cache/hosted/pub.dev/image_picker_macos-0.2.2+1/
[        ] Found plugin file_selector_macos at /Users/macair/.pub-cache/hosted/pub.dev/file_selector_macos-0.9.5/
[        ] Found plugin image_picker_linux at /Users/macair/.pub-cache/hosted/pub.dev/image_picker_linux-0.2.2/
[        ] Found plugin file_selector_linux at /Users/macair/.pub-cache/hosted/pub.dev/file_selector_linux-0.9.4/
[        ] Found plugin image_picker_ios at /Users/macair/.pub-cache/hosted/pub.dev/image_picker_ios-0.8.13+6/
[        ] Found plugin image_picker_for_web at /Users/macair/.pub-cache/hosted/pub.dev/image_picker_for_web-3.1.1/
[        ] Found plugin image_picker_android at /Users/macair/.pub-cache/hosted/pub.dev/image_picker_android-0.8.13+19/
[        ] Found plugin flutter_plugin_android_lifecycle at /Users/macair/.pub-cache/hosted/pub.dev/flutter_plugin_android_lifecycle-2.0.35/
[   +1 ms] Found plugin path_provider at /Users/macair/.pub-cache/hosted/pub.dev/path_provider-2.1.6/
[        ] Found plugin path_provider_foundation at /Users/macair/.pub-cache/hosted/pub.dev/path_provider_foundation-2.6.0/
[   +3 ms] Found plugin path_provider_android at /Users/macair/.pub-cache/hosted/pub.dev/path_provider_android-2.3.1/
[        ] Found plugin jni_flutter at /Users/macair/.pub-cache/hosted/pub.dev/jni_flutter-1.0.1/
[        ] Found plugin jni at /Users/macair/.pub-cache/hosted/pub.dev/jni-1.0.0/
[   +1 ms] Found plugin geolocator at /Users/macair/.pub-cache/hosted/pub.dev/geolocator-13.0.4/
[        ] Found plugin geolocator_windows at /Users/macair/.pub-cache/hosted/pub.dev/geolocator_windows-0.2.5/
[   +1 ms] Found plugin geolocator_web at /Users/macair/.pub-cache/hosted/pub.dev/geolocator_web-4.1.4/
[        ] Found plugin geolocator_apple at /Users/macair/.pub-cache/hosted/pub.dev/geolocator_apple-2.3.14/
[        ] Found plugin geolocator_android at /Users/macair/.pub-cache/hosted/pub.dev/geolocator_android-4.6.2/
[   +1 ms] Found plugin geocoding at /Users/macair/.pub-cache/hosted/pub.dev/geocoding-3.0.0/
[   +1 ms] Found plugin geocoding_ios at /Users/macair/.pub-cache/hosted/pub.dev/geocoding_ios-3.1.0/
[        ] Found plugin geocoding_android at /Users/macair/.pub-cache/hosted/pub.dev/geocoding_android-3.3.1/
[  +62 ms] Found plugin url_launcher at /Users/macair/.pub-cache/hosted/pub.dev/url_launcher-6.3.2/
[        ] Found plugin url_launcher_windows at /Users/macair/.pub-cache/hosted/pub.dev/url_launcher_windows-3.1.5/
[   +1 ms] Found plugin url_launcher_web at /Users/macair/.pub-cache/hosted/pub.dev/url_launcher_web-2.4.3/
[        ] Found plugin url_launcher_macos at /Users/macair/.pub-cache/hosted/pub.dev/url_launcher_macos-3.2.5/
[        ] Found plugin url_launcher_linux at /Users/macair/.pub-cache/hosted/pub.dev/url_launcher_linux-3.2.2/
[        ] Found plugin url_launcher_ios at /Users/macair/.pub-cache/hosted/pub.dev/url_launcher_ios-6.4.1/
[        ] Found plugin url_launcher_android at /Users/macair/.pub-cache/hosted/pub.dev/url_launcher_android-6.3.32/
[        ] Found plugin shared_preferences at /Users/macair/.pub-cache/hosted/pub.dev/shared_preferences-2.5.5/
[   +1 ms] Found plugin shared_preferences_windows at /Users/macair/.pub-cache/hosted/pub.dev/shared_preferences_windows-2.4.1/
[   +1 ms] Found plugin path_provider_windows at /Users/macair/.pub-cache/hosted/pub.dev/path_provider_windows-2.3.0/
[   +2 ms] Found plugin shared_preferences_web at /Users/macair/.pub-cache/hosted/pub.dev/shared_preferences_web-2.4.3/
[        ] Found plugin shared_preferences_linux at /Users/macair/.pub-cache/hosted/pub.dev/shared_preferences_linux-2.4.1/
[        ] Found plugin path_provider_linux at /Users/macair/.pub-cache/hosted/pub.dev/path_provider_linux-2.2.2/
[        ] Found plugin shared_preferences_foundation at /Users/macair/.pub-cache/hosted/pub.dev/shared_preferences_foundation-2.5.6/
[        ] Found plugin shared_preferences_android at /Users/macair/.pub-cache/hosted/pub.dev/shared_preferences_android-2.4.27/
[   +1 ms] Found plugin image_picker at /Users/macair/.pub-cache/hosted/pub.dev/image_picker-1.2.3/
[        ] Found plugin image_picker_windows at /Users/macair/.pub-cache/hosted/pub.dev/image_picker_windows-0.2.2/
[   +1 ms] Found plugin file_selector_windows at /Users/macair/.pub-cache/hosted/pub.dev/file_selector_windows-0.9.3+5/
[        ] Found plugin image_picker_macos at /Users/macair/.pub-cache/hosted/pub.dev/image_picker_macos-0.2.2+1/
[        ] Found plugin file_selector_macos at /Users/macair/.pub-cache/hosted/pub.dev/file_selector_macos-0.9.5/
[        ] Found plugin image_picker_linux at /Users/macair/.pub-cache/hosted/pub.dev/image_picker_linux-0.2.2/
[        ] Found plugin file_selector_linux at /Users/macair/.pub-cache/hosted/pub.dev/file_selector_linux-0.9.4/
[        ] Found plugin image_picker_ios at /Users/macair/.pub-cache/hosted/pub.dev/image_picker_ios-0.8.13+6/
[        ] Found plugin image_picker_for_web at /Users/macair/.pub-cache/hosted/pub.dev/image_picker_for_web-3.1.1/
[        ] Found plugin image_picker_android at /Users/macair/.pub-cache/hosted/pub.dev/image_picker_android-0.8.13+19/
[        ] Found plugin flutter_plugin_android_lifecycle at /Users/macair/.pub-cache/hosted/pub.dev/flutter_plugin_android_lifecycle-2.0.35/
[        ] Found plugin path_provider at /Users/macair/.pub-cache/hosted/pub.dev/path_provider-2.1.6/
[        ] Found plugin path_provider_foundation at /Users/macair/.pub-cache/hosted/pub.dev/path_provider_foundation-2.6.0/
[   +2 ms] Found plugin path_provider_android at /Users/macair/.pub-cache/hosted/pub.dev/path_provider_android-2.3.1/
[        ] Found plugin jni_flutter at /Users/macair/.pub-cache/hosted/pub.dev/jni_flutter-1.0.1/
[        ] Found plugin jni at /Users/macair/.pub-cache/hosted/pub.dev/jni-1.0.0/
[        ] Found plugin geolocator at /Users/macair/.pub-cache/hosted/pub.dev/geolocator-13.0.4/
[        ] Found plugin geolocator_windows at /Users/macair/.pub-cache/hosted/pub.dev/geolocator_windows-0.2.5/
[   +1 ms] Found plugin geolocator_web at /Users/macair/.pub-cache/hosted/pub.dev/geolocator_web-4.1.4/
[        ] Found plugin geolocator_apple at /Users/macair/.pub-cache/hosted/pub.dev/geolocator_apple-2.3.14/
[        ] Found plugin geolocator_android at /Users/macair/.pub-cache/hosted/pub.dev/geolocator_android-4.6.2/
[        ] Found plugin geocoding at /Users/macair/.pub-cache/hosted/pub.dev/geocoding-3.0.0/
[        ] Found plugin geocoding_ios at /Users/macair/.pub-cache/hosted/pub.dev/geocoding_ios-3.1.0/
[        ] Found plugin geocoding_android at /Users/macair/.pub-cache/hosted/pub.dev/geocoding_android-3.3.1/
[  +17 ms] Skipping generating web_plugin_registrant.dart because it is up-to-date.
[  +33 ms] Found plugin url_launcher at /Users/macair/.pub-cache/hosted/pub.dev/url_launcher-6.3.2/
[        ] Found plugin url_launcher_windows at /Users/macair/.pub-cache/hosted/pub.dev/url_launcher_windows-3.1.5/
[   +1 ms] Found plugin url_launcher_web at /Users/macair/.pub-cache/hosted/pub.dev/url_launcher_web-2.4.3/
[        ] Found plugin url_launcher_macos at /Users/macair/.pub-cache/hosted/pub.dev/url_launcher_macos-3.2.5/
[        ] Found plugin url_launcher_linux at /Users/macair/.pub-cache/hosted/pub.dev/url_launcher_linux-3.2.2/
[        ] Found plugin url_launcher_ios at /Users/macair/.pub-cache/hosted/pub.dev/url_launcher_ios-6.4.1/
[        ] Found plugin url_launcher_android at /Users/macair/.pub-cache/hosted/pub.dev/url_launcher_android-6.3.32/
[        ] Found plugin shared_preferences at /Users/macair/.pub-cache/hosted/pub.dev/shared_preferences-2.5.5/
[        ] Found plugin shared_preferences_windows at /Users/macair/.pub-cache/hosted/pub.dev/shared_preferences_windows-2.4.1/
[        ] Found plugin path_provider_windows at /Users/macair/.pub-cache/hosted/pub.dev/path_provider_windows-2.3.0/
[   +1 ms] Found plugin shared_preferences_web at /Users/macair/.pub-cache/hosted/pub.dev/shared_preferences_web-2.4.3/
[        ] Found plugin shared_preferences_linux at /Users/macair/.pub-cache/hosted/pub.dev/shared_preferences_linux-2.4.1/
[        ] Found plugin path_provider_linux at /Users/macair/.pub-cache/hosted/pub.dev/path_provider_linux-2.2.2/
[   +1 ms] Found plugin shared_preferences_foundation at /Users/macair/.pub-cache/hosted/pub.dev/shared_preferences_foundation-2.5.6/
[        ] Found plugin shared_preferences_android at /Users/macair/.pub-cache/hosted/pub.dev/shared_preferences_android-2.4.27/
[   +1 ms] Found plugin image_picker at /Users/macair/.pub-cache/hosted/pub.dev/image_picker-1.2.3/
[        ] Found plugin image_picker_windows at /Users/macair/.pub-cache/hosted/pub.dev/image_picker_windows-0.2.2/
[   +1 ms] Found plugin file_selector_windows at /Users/macair/.pub-cache/hosted/pub.dev/file_selector_windows-0.9.3+5/
[        ] Found plugin image_picker_macos at /Users/macair/.pub-cache/hosted/pub.dev/image_picker_macos-0.2.2+1/
[        ] Found plugin file_selector_macos at /Users/macair/.pub-cache/hosted/pub.dev/file_selector_macos-0.9.5/
[        ] Found plugin image_picker_linux at /Users/macair/.pub-cache/hosted/pub.dev/image_picker_linux-0.2.2/
[        ] Found plugin file_selector_linux at /Users/macair/.pub-cache/hosted/pub.dev/file_selector_linux-0.9.4/
[        ] Found plugin image_picker_ios at /Users/macair/.pub-cache/hosted/pub.dev/image_picker_ios-0.8.13+6/
[        ] Found plugin image_picker_for_web at /Users/macair/.pub-cache/hosted/pub.dev/image_picker_for_web-3.1.1/
[        ] Found plugin image_picker_android at /Users/macair/.pub-cache/hosted/pub.dev/image_picker_android-0.8.13+19/
[        ] Found plugin flutter_plugin_android_lifecycle at /Users/macair/.pub-cache/hosted/pub.dev/flutter_plugin_android_lifecycle-2.0.35/
[   +1 ms] Found plugin path_provider at /Users/macair/.pub-cache/hosted/pub.dev/path_provider-2.1.6/
[        ] Found plugin path_provider_foundation at /Users/macair/.pub-cache/hosted/pub.dev/path_provider_foundation-2.6.0/
[   +1 ms] Found plugin path_provider_android at /Users/macair/.pub-cache/hosted/pub.dev/path_provider_android-2.3.1/
[        ] Found plugin jni_flutter at /Users/macair/.pub-cache/hosted/pub.dev/jni_flutter-1.0.1/
[        ] Found plugin jni at /Users/macair/.pub-cache/hosted/pub.dev/jni-1.0.0/
[        ] Found plugin geolocator at /Users/macair/.pub-cache/hosted/pub.dev/geolocator-13.0.4/
[        ] Found plugin geolocator_windows at /Users/macair/.pub-cache/hosted/pub.dev/geolocator_windows-0.2.5/
[        ] Found plugin geolocator_web at /Users/macair/.pub-cache/hosted/pub.dev/geolocator_web-4.1.4/
[   +1 ms] Found plugin geolocator_apple at /Users/macair/.pub-cache/hosted/pub.dev/geolocator_apple-2.3.14/
[        ] Found plugin geolocator_android at /Users/macair/.pub-cache/hosted/pub.dev/geolocator_android-4.6.2/
[        ] Found plugin geocoding at /Users/macair/.pub-cache/hosted/pub.dev/geocoding-3.0.0/
[        ] Found plugin geocoding_ios at /Users/macair/.pub-cache/hosted/pub.dev/geocoding_ios-3.1.0/
[        ] Found plugin geocoding_android at /Users/macair/.pub-cache/hosted/pub.dev/geocoding_android-3.3.1/
[   +9 ms] Generating /Users/macair/Documents/food_diary/android/app/src/main/java/io/flutter/plugins/GeneratedPluginRegistrant.java
[   +1 ms] Skipping generating GeneratedPluginRegistrant.java because it is up-to-date.
[   +4 ms] Skipping generating generated_plugin_registrant.h because it is up-to-date.
[        ] Skipping generating generated_plugin_registrant.cc because it is up-to-date.
[        ] Skipping generating generated_plugins.cmake because it is up-to-date.
[   +1 ms] Skipping generating generated_plugin_registrant.h because it is up-to-date.
[        ] Skipping generating generated_plugin_registrant.cc because it is up-to-date.
[   +1 ms] Skipping generating generated_plugins.cmake because it is up-to-date.
[   +1 ms] Skipping generating GeneratedPluginRegistrant.h because it is up-to-date.
[        ] Skipping generating GeneratedPluginRegistrant.m because it is up-to-date.
[   +1 ms] Skipping generating GeneratedPluginRegistrant.swift because it is up-to-date.
[ +159 ms] Initializing file store
[   +7 ms] Skipping target: gen_localizations
[   +1 ms] gen_dart_plugin_registrant: Starting due to {InvalidatedReasonKind.inputChanged: The following inputs have updated contents: /Users/macair/Documents/food_diary/.dart_tool/package_config.json,/Users/macair/Documents/food_diary/.dart_tool/flutter_build/dart_plugin_registrant.dart}
[  +62 ms] Found plugin url_launcher at /Users/macair/.pub-cache/hosted/pub.dev/url_launcher-6.3.2/
[        ] Found plugin url_launcher_windows at /Users/macair/.pub-cache/hosted/pub.dev/url_launcher_windows-3.1.5/
[   +1 ms] Found plugin url_launcher_web at /Users/macair/.pub-cache/hosted/pub.dev/url_launcher_web-2.4.3/
[        ] Found plugin url_launcher_macos at /Users/macair/.pub-cache/hosted/pub.dev/url_launcher_macos-3.2.5/
[        ] Found plugin url_launcher_linux at /Users/macair/.pub-cache/hosted/pub.dev/url_launcher_linux-3.2.2/
[        ] Found plugin url_launcher_ios at /Users/macair/.pub-cache/hosted/pub.dev/url_launcher_ios-6.4.1/
[        ] Found plugin url_launcher_android at /Users/macair/.pub-cache/hosted/pub.dev/url_launcher_android-6.3.32/
[        ] Found plugin shared_preferences at /Users/macair/.pub-cache/hosted/pub.dev/shared_preferences-2.5.5/
[        ] Found plugin shared_preferences_windows at /Users/macair/.pub-cache/hosted/pub.dev/shared_preferences_windows-2.4.1/
[        ] Found plugin path_provider_windows at /Users/macair/.pub-cache/hosted/pub.dev/path_provider_windows-2.3.0/
[   +1 ms] Found plugin shared_preferences_web at /Users/macair/.pub-cache/hosted/pub.dev/shared_preferences_web-2.4.3/
[        ] Found plugin shared_preferences_linux at /Users/macair/.pub-cache/hosted/pub.dev/shared_preferences_linux-2.4.1/
[        ] Found plugin path_provider_linux at /Users/macair/.pub-cache/hosted/pub.dev/path_provider_linux-2.2.2/
[        ] Found plugin shared_preferences_foundation at /Users/macair/.pub-cache/hosted/pub.dev/shared_preferences_foundation-2.5.6/
[        ] Found plugin shared_preferences_android at /Users/macair/.pub-cache/hosted/pub.dev/shared_preferences_android-2.4.27/
[   +1 ms] Found plugin image_picker at /Users/macair/.pub-cache/hosted/pub.dev/image_picker-1.2.3/
[        ] Found plugin image_picker_windows at /Users/macair/.pub-cache/hosted/pub.dev/image_picker_windows-0.2.2/
[   +1 ms] Found plugin file_selector_windows at /Users/macair/.pub-cache/hosted/pub.dev/file_selector_windows-0.9.3+5/
[        ] Found plugin image_picker_macos at /Users/macair/.pub-cache/hosted/pub.dev/image_picker_macos-0.2.2+1/
[        ] Found plugin file_selector_macos at /Users/macair/.pub-cache/hosted/pub.dev/file_selector_macos-0.9.5/
[        ] Found plugin image_picker_linux at /Users/macair/.pub-cache/hosted/pub.dev/image_picker_linux-0.2.2/
[        ] Found plugin file_selector_linux at /Users/macair/.pub-cache/hosted/pub.dev/file_selector_linux-0.9.4/
[        ] Found plugin image_picker_ios at /Users/macair/.pub-cache/hosted/pub.dev/image_picker_ios-0.8.13+6/
[        ] Found plugin image_picker_for_web at /Users/macair/.pub-cache/hosted/pub.dev/image_picker_for_web-3.1.1/
[        ] Found plugin image_picker_android at /Users/macair/.pub-cache/hosted/pub.dev/image_picker_android-0.8.13+19/
[        ] Found plugin flutter_plugin_android_lifecycle at /Users/macair/.pub-cache/hosted/pub.dev/flutter_plugin_android_lifecycle-2.0.35/
[        ] Found plugin path_provider at /Users/macair/.pub-cache/hosted/pub.dev/path_provider-2.1.6/
[        ] Found plugin path_provider_foundation at /Users/macair/.pub-cache/hosted/pub.dev/path_provider_foundation-2.6.0/
[   +2 ms] Found plugin path_provider_android at /Users/macair/.pub-cache/hosted/pub.dev/path_provider_android-2.3.1/
[        ] Found plugin jni_flutter at /Users/macair/.pub-cache/hosted/pub.dev/jni_flutter-1.0.1/
[        ] Found plugin jni at /Users/macair/.pub-cache/hosted/pub.dev/jni-1.0.0/
[        ] Found plugin geolocator at /Users/macair/.pub-cache/hosted/pub.dev/geolocator-13.0.4/
[        ] Found plugin geolocator_windows at /Users/macair/.pub-cache/hosted/pub.dev/geolocator_windows-0.2.5/
[        ] Found plugin geolocator_web at /Users/macair/.pub-cache/hosted/pub.dev/geolocator_web-4.1.4/
[        ] Found plugin geolocator_apple at /Users/macair/.pub-cache/hosted/pub.dev/geolocator_apple-2.3.14/
[        ] Found plugin geolocator_android at /Users/macair/.pub-cache/hosted/pub.dev/geolocator_android-4.6.2/
[        ] Found plugin geocoding at /Users/macair/.pub-cache/hosted/pub.dev/geocoding-3.0.0/
[   +1 ms] Found plugin geocoding_ios at /Users/macair/.pub-cache/hosted/pub.dev/geocoding_ios-3.1.0/
[        ] Found plugin geocoding_android at /Users/macair/.pub-cache/hosted/pub.dev/geocoding_android-3.3.1/
[   +7 ms] Skipping generating dart_plugin_registrant.dart because it is up-to-date.
[        ] gen_dart_plugin_registrant: Complete
[        ] Skipping target: _composite
[   +1 ms] complete
[   +2 ms] Launching lib/main.dart on ה-iPhone של Shay in debug mode...
[   +3 ms] /Users/macair/development/flutter/bin/cache/dart-sdk/bin/dartaotruntime /Users/macair/development/flutter/bin/cache/dart-sdk/bin/snapshots/frontend_server_aot.dart.snapshot --sdk-root /Users/macair/development/flutter/bin/cache/artifacts/engine/common/flutter_patched_sdk/ --incremental --target=flutter --experimental-emit-debug-metadata -DFLUTTER_VERSION=3.44.4 -DFLUTTER_CHANNEL=stable -DFLUTTER_GIT_URL=https://github.com/flutter/flutter.git -DFLUTTER_FRAMEWORK_REVISION=ad70ec4617 -DFLUTTER_ENGINE_REVISION=a10d8ac38d -DFLUTTER_DART_VERSION=3.12.2 --output-dill /var/folders/t7/4ns5bn2972v1xz_j79mgwsyw0000gn/T/flutter_tools.prcA3B/flutter_tool.ehusq3/app.dill --packages /Users/macair/Documents/food_diary/.dart_tool/package_config.json -Ddart.vm.profile=false -Ddart.vm.product=false --enable-asserts --track-widget-creation --filesystem-scheme org-dartlang-root --initialize-from-dill build/1e57b4283dd269ba75191ea2755bf355.cache.dill.track.dill --source file:///Users/macair/Documents/food_diary/.dart_tool/flutter_build/dart_plugin_registrant.dart --source package:flutter/src/dart_plugin_registrant.dart -Dflutter.dart_plugin_registrant=file:///Users/macair/Documents/food_diary/.dart_tool/flutter_build/dart_plugin_registrant.dart --verbosity=error --enable-experiment=alternative-invalidation-strategy
[   +4 ms] executing: [/Users/macair/Documents/food_diary/ios/] /usr/bin/arch -arm64e xcrun xcodebuild -clonedSourcePackagesDirPath /Users/macair/Documents/food_diary/build/ios/SourcePackages -resolvePackageDependencies
[  +10 ms] <- compile package:food_diary/main.dart
[+1879 ms] executing: [/Users/macair/Documents/food_diary/ios/] /usr/bin/arch -arm64e xcrun xcodebuild -clonedSourcePackagesDirPath /Users/macair/Documents/food_diary/build/ios/SourcePackages -skipPackageUpdates -skipPackagePluginValidation -skipPackageSignatureValidation -list
[ +240 ms] [
             {
               "simulator" : true,
               "operatingSystemVersion" : "26.1 (23B86)",
               "available" : true,
               "platform" : "com.apple.platform.iphonesimulator",
               "modelCode" : "iPad15,5",
               "identifier" : "55574E4D-93E7-4321-84B9-87E48CA4DCEC",
               "architecture" : "arm64",
               "modelUTI" : "com.apple.ipad-air-m3-13-1",
               "modelName" : "iPad Air 13-inch (M3)",
               "name" : "iPad Air 13-inch (M3)",
               "ignored" : false
             },
             {
               "simulator" : true,
               "operatingSystemVersion" : "26.5 (23F77)",
               "available" : true,
               "platform" : "com.apple.platform.iphonesimulator",
               "modelCode" : "iPad16,11",
               "identifier" : "15254688-07F0-497C-9843-10DB7F6CEC1B",
               "architecture" : "arm64",
               "modelUTI" : "com.apple.com.apple.ipad-air-13-inch-m4-1",
               "modelName" : "iPad Air 13-inch (M4)",
               "name" : "iPad Air 13-inch (M4)",
               "ignored" : false
             },
             {
               "simulator" : true,
               "operatingSystemVersion" : "26.0.1 (23A8464)",
               "available" : true,
               "platform" : "com.apple.platform.iphonesimulator",
               "modelCode" : "iPad16,4",
               "identifier" : "7D192181-7E80-4C44-B017-28F9FC68F3CA",
               "architecture" : "arm64",
               "modelUTI" : "com.apple.ipad-pro-m4-1",
               "modelName" : "iPad Pro 11-inch (M4)",
               "name" : "iPad Pro 11-inch (M4)",
               "ignored" : false
             },
             {
               "ignored" : false,
               "modelCode" : "iPhone16,2",
               "simulator" : false,
               "modelName" : "iPhone 15 Pro Max",
               "error" : {
                 "code" : -27,
                 "failureReason" : "",
                 "description" : "Browsing on the local area network for ה-iPhone של Shay",
                 "recoverySuggestion" : "Ensure the device is unlocked and attached with a cable or associated with the same local area network as this Mac.\nThe device must be opted into Developer Mode to connect wirelessly.",
                 "domain" : "com.apple.dt.deviceprep"
               },
               "operatingSystemVersion" : "26.3 (23D5114d)",
               "identifier" : "00008130-001414A434F2001C",
               "platform" : "com.apple.platform.iphoneos",
               "architecture" : "arm64e",
               "interface" : "usb",
               "available" : false,
               "name" : "ה-iPhone של Shay",
               "modelUTI" : "com.apple.iphone-15-pro-max-1"
             },
             {
               "simulator" : true,
               "operatingSystemVersion" : "26.0 (23R353)",
               "available" : true,
               "platform" : "com.apple.platform.watchsimulator",
               "modelCode" : "Watch7,12",
               "identifier" : "91B784EF-BD68-4131-BA8A-2FF97BB47743",
               "architecture" : "arm64",
               "modelUTI" : "com.apple.com.apple.apple-watch-ultra-3-8",
               "modelName" : "Apple Watch Ultra 3 (49mm)",
               "name" : "Apple Watch Ultra 3 (49mm)",
               "ignored" : false
             },
             {
               "simulator" : true,
               "operatingSystemVersion" : "26.0.1 (23A8464)",
               "available" : true,
               "platform" : "com.apple.platform.iphonesimulator",
               "modelCode" : "iPad17,4",
               "identifier" : "879A9AE0-77A0-4B94-95BB-D6FED443CBC8",
               "architecture" : "arm64",
               "modelUTI" : "com.apple.com.apple.ipad-pro-13-inch-m5-1",
               "modelName" : "iPad Pro 13-inch (M5)",
               "name" : "iPad Pro 13-inch (M5)",
               "ignored" : false
             },
             {
               "simulator" : true,
               "operatingSystemVersion" : "26.0.1 (23A8464)",
               "available" : true,
               "platform" : "com.apple.platform.iphonesimulator",
               "modelCode" : "iPad15,7",
               "identifier" : "1C19A10D-05CD-4FF8-8695-B4F752A1300A",
               "architecture" : "arm64",
               "modelUTI" : "com.apple.ipad-a16-1",
               "modelName" : "iPad (A16)",
               "name" : "iPad (A16)",
               "ignored" : false
             },
             {
               "simulator" : true,
               "operatingSystemVersion" : "26.0.1 (23A8464)",
               "available" : true,
               "platform" : "com.apple.platform.iphonesimulator",
               "modelCode" : "iPhone15,3",
               "identifier" : "92DD664E-EF4A-4E49-A13E-191D9BCE4835",
               "architecture" : "arm64",
               "modelUTI" : "com.apple.iphone-14-pro-max-1",
               "modelName" : "iPhone 14 Pro Max",
               "name" : "daria",
               "ignored" : false
             },
             {
               "simulator" : true,
               "operatingSystemVersion" : "26.1 (23B86)",
               "available" : true,
               "platform" : "com.apple.platform.iphonesimulator",
               "modelCode" : "iPhone15,3",
               "identifier" : "1D676D9B-F0AC-4EBF-B921-4E502A4D6BF1",
               "architecture" : "arm64",
               "modelUTI" : "com.apple.iphone-14-pro-max-1",
               "modelName" : "iPhone 14 Pro Max",
               "name" : "iPhone 14 Pro Max",
               "ignored" : false
             },
             {
               "simulator" : true,
               "operatingSystemVersion" : "26.0.1 (23A8464)",
               "available" : true,
               "platform" : "com.apple.platform.iphonesimulator",
               "modelCode" : "iPhone18,1",
               "identifier" : "19FBAF5B-3611-4D36-BFA5-08E63262F67C",
               "architecture" : "arm64",
               "modelUTI" : "com.apple.com.apple.iphone-17-pro-2",
               "modelName" : "iPhone 17 Pro",
               "name" : "iPhone 17 Pro",
               "ignored" : false
             },
             {
               "simulator" : true,
               "operatingSystemVersion" : "26.0.1 (23A8464)",
               "available" : true,
               "platform" : "com.apple.platform.iphonesimulator",
               "modelCode" : "iPad16,6",
               "identifier" : "8A53B96A-279C-428E-BE37-59EBA48BF038",
               "architecture" : "arm64",
               "modelUTI" : "com.apple.ipad-pro-m4-13-1",
               "modelName" : "iPad Pro 13-inch (M4)",
               "name" : "iPad Pro 13-inch (M4)",
               "ignored" : false
             },
             {
               "simulator" : true,
               "operatingSystemVersion" : "26.0 (23R353)",
               "available" : true,
               "platform" : "com.apple.platform.watchsimulator",
               "modelCode" : "Watch7,17",
               "identifier" : "460A8F66-6806-49E6-9D5E-7633A4DA2BC0",
               "architecture" : "arm64",
               "modelUTI" : "com.apple.com.apple.apple-watch-series-11-4",
               "modelName" : "Apple Watch Series 11 (42mm)",
               "name" : "Apple Watch Series 11 (42mm)",
               "ignored" : false
             },
             {
               "ignored" : false,
               "modelCode" : "iPhone18,2",
               "simulator" : false,
               "modelName" : "iPhone 17 Pro Max",
               "operatingSystemVersion" : "26.6 (23G71)",
               "identifier" : "00008150-000E7D291199401C",
               "platform" : "com.apple.platform.iphoneos",
               "architecture" : "arm64e",
               "interface" : "usb",
               "available" : true,
               "name" : "ה-iPhone של Shay",
               "modelUTI" : "com.apple.com.apple.iphone-17-pro-max-2"
             },
             {
               "simulator" : true,
               "operatingSystemVersion" : "26.5 (23F77)",
               "available" : true,
               "platform" : "com.apple.platform.iphonesimulator",
               "modelCode" : "iPhone18,4",
               "identifier" : "5C4183AF-802E-4371-B504-B536D5C6EA99",
               "architecture" : "arm64",
               "modelUTI" : "com.apple.com.apple.iphone-air-1",
               "modelName" : "iPhone Air",
               "name" : "iPhone Air",
               "ignored" : false
             },
             {
               "simulator" : true,
               "operatingSystemVersion" : "26.5 (23F77)",
               "available" : true,
               "platform" : "com.apple.platform.iphonesimulator",
               "modelCode" : "iPhone18,2",
               "identifier" : "40770DD0-0DA7-49D8-B867-48B8D0316274",
               "architecture" : "arm64",
               "modelUTI" : "com.apple.com.apple.iphone-17-pro-max-2",
               "modelName" : "iPhone 17 Pro Max",
               "name" : "iPhone 17 Pro Max",
               "ignored" : false
             },
             {
               "simulator" : true,
               "operatingSystemVersion" : "26.5 (23F77)",
               "available" : true,
               "platform" : "com.apple.platform.iphonesimulator",
               "modelCode" : "iPhone18,5",
               "identifier" : "FA346EA1-A652-4D18-828F-9FF08763E8F4",
               "architecture" : "arm64",
               "modelUTI" : "com.apple.com.apple.iphone-17e-1",
               "modelName" : "iPhone 17e",
               "name" : "iPhone 17e",
               "ignored" : false
             },
             {
               "simulator" : true,
               "operatingSystemVersion" : "26.1 (23B86)",
               "available" : true,
               "platform" : "com.apple.platform.iphonesimulator",
               "modelCode" : "iPad17,2",
               "identifier" : "CF971AA8-E34D-4D5F-9DD6-AE09955B8BD2",
               "architecture" : "arm64",
               "modelUTI" : "com.apple.com.apple.ipad-pro-11-inch-m5-1",
               "modelName" : "iPad Pro 11-inch (M5)",
               "name" : "iPad Pro 11-inch (M5)",
               "ignored" : false
             },
             {
               "simulator" : true,
               "operatingSystemVersion" : "26.0.1 (23A8464)",
               "available" : true,
               "platform" : "com.apple.platform.iphonesimulator",
               "modelCode" : "iPhone17,5",
               "identifier" : "F41ACB82-E097-4E80-BE26-860798F6A5B7",
               "architecture" : "arm64",
               "modelUTI" : "com.apple.iphone-16-e-1",
               "modelName" : "iPhone 16e",
               "name" : "iPhone 16e",
               "ignored" : false
             },
             {
               "simulator" : true,
               "operatingSystemVersion" : "26.5 (23F77)",
               "available" : true,
               "platform" : "com.apple.platform.iphonesimulator",
               "modelCode" : "iPad16,2",
               "identifier" : "4D97A5EE-A0F8-49D1-AE2C-89D1FA25A37A",
               "architecture" : "arm64",
               "modelUTI" : "com.apple.ipad-mini-a17-1",
               "modelName" : "iPad mini (A17 Pro)",
               "name" : "iPad mini (A17 Pro)",
               "ignored" : false
             },
             {
               "simulator" : true,
               "operatingSystemVersion" : "26.1 (23B86)",
               "available" : true,
               "platform" : "com.apple.platform.iphonesimulator",
               "modelCode" : "iPad15,7",
               "identifier" : "02B4DA6F-8683-458D-886E-05CA447B0331",
               "architecture" : "arm64",
               "modelUTI" : "com.apple.ipad-a16-1",
               "modelName" : "iPad (A16)",
               "name" : "iPad (A16)",
               "ignored" : false
             },
             {
               "simulator" : true,
               "operatingSystemVersion" : "26.0.1 (23A8464)",
               "available" : true,
               "platform" : "com.apple.platform.iphonesimulator",
               "modelCode" : "iPhone18,2",
               "identifier" : "BB4B4B99-22F3-4050-87CD-868C028520B7",
               "architecture" : "arm64",
               "modelUTI" : "com.apple.com.apple.iphone-17-pro-max-2",
               "modelName" : "iPhone 17 Pro Max",
               "name" : "iPhone 17 Pro Max",
               "ignored" : false
             },
             {
               "simulator" : true,
               "operatingSystemVersion" : "26.5 (23F77)",
               "available" : true,
               "platform" : "com.apple.platform.iphonesimulator",
               "modelCode" : "iPad16,9",
               "identifier" : "9770E025-227E-4712-B186-63AFE0AF129E",
               "architecture" : "arm64",
               "modelUTI" : "com.apple.com.apple.ipad-air-11-inch-m4-1",
               "modelName" : "iPad Air 11-inch (M4)",
               "name" : "iPad Air 11-inch (M4)",
               "ignored" : false
             },
             {
               "simulator" : true,
               "operatingSystemVersion" : "26.5 (23F77)",
               "available" : true,
               "platform" : "com.apple.platform.iphonesimulator",
               "modelCode" : "iPhone18,1",
               "identifier" : "FE58D459-0EA0-40C6-9216-4357F94B3F68",
               "architecture" : "arm64",
               "modelUTI" : "com.apple.com.apple.iphone-17-pro-2",
               "modelName" : "iPhone 17 Pro",
               "name" : "iPhone 17 Pro",
               "ignored" : false
             },
             {
               "simulator" : true,
               "operatingSystemVersion" : "26.1 (23B86)",
               "available" : true,
               "platform" : "com.apple.platform.iphonesimulator",
               "modelCode" : "iPad16,2",
               "identifier" : "36A454BA-C177-4FE1-93FB-219749132AC9",
               "architecture" : "arm64",
               "modelUTI" : "com.apple.ipad-mini-a17-1",
               "modelName" : "iPad mini (A17 Pro)",
               "name" : "iPad mini (A17 Pro)",
               "ignored" : false
             },
             {
               "simulator" : true,
               "operatingSystemVersion" : "26.0.1 (23A8464)",
               "available" : true,
               "platform" : "com.apple.platform.iphonesimulator",
               "modelCode" : "iPhone18,3",
               "identifier" : "47AC2C3B-B7F0-4F4E-9D1D-E191C8621257",
               "architecture" : "arm64",
               "modelUTI" : "com.apple.com.apple.iphone-17-2",
               "modelName" : "iPhone 17",
               "name" : "iPhone 17",
               "ignored" : false
             },
             {
               "simulator" : true,
               "operatingSystemVersion" : "26.0 (23R353)",
               "available" : true,
               "platform" : "com.apple.platform.watchsimulator",
               "modelCode" : "Watch7,16",
               "identifier" : "8D52F8DA-C8D2-4A6C-81C2-849AB8688F11",
               "architecture" : "arm64",
               "modelUTI" : "com.apple.com.apple.apple-watch-se-3-1",
               "modelName" : "Apple Watch SE 3 (44mm)",
               "name" : "Apple Watch SE 3 (44mm)",
               "ignored" : false
             },
             {
               "simulator" : true,
               "operatingSystemVersion" : "26.0.1 (23A8464)",
               "available" : true,
               "platform" : "com.apple.platform.iphonesimulator",
               "modelCode" : "iPad15,3",
               "identifier" : "63F93252-5044-4EBB-B769-1B0FDDE2383D",
               "architecture" : "arm64",
               "modelUTI" : "com.apple.ipad-air-m3-1",
               "modelName" : "iPad Air 11-inch (M3)",
               "name" : "iPad Air 11-inch (M3)",
               "ignored" : false
             },
             {
               "simulator" : true,
               "operatingSystemVersion" : "26.1 (23B86)",
               "available" : true,
               "platform" : "com.apple.platform.iphonesimulator",
               "modelCode" : "iPhone18,3",
               "identifier" : "CA8A7EC5-611A-4DFA-BB72-4D2FF2E73A74",
               "architecture" : "arm64",
               "modelUTI" : "com.apple.com.apple.iphone-17-2",
               "modelName" : "iPhone 17",
               "name" : "iPhone 17",
               "ignored" : false
             },
             {
               "simulator" : true,
               "operatingSystemVersion" : "26.1 (23B86)",
               "available" : true,
               "platform" : "com.apple.platform.iphonesimulator",
               "modelCode" : "iPhone18,2",
               "identifier" : "F433D43A-333A-4BBF-87EC-7B6E2737DD21",
               "architecture" : "arm64",
               "modelUTI" : "com.apple.com.apple.iphone-17-pro-max-2",
               "modelName" : "iPhone 17 Pro Max",
               "name" : "iPhone 17 Pro Max",
               "ignored" : false
             },
             {
               "simulator" : true,
               "operatingSystemVersion" : "26.1 (23B86)",
               "available" : true,
               "platform" : "com.apple.platform.iphonesimulator",
               "modelCode" : "iPhone17,5",
               "identifier" : "7359537F-F782-4579-B97C-6C929B1C5EB4",
               "architecture" : "arm64",
               "modelUTI" : "com.apple.iphone-16-e-1",
               "modelName" : "iPhone 16e",
               "name" : "iPhone 16e",
               "ignored" : false
             },
             {
               "simulator" : true,
               "operatingSystemVersion" : "26.0 (23R353)",
               "available" : true,
               "platform" : "com.apple.platform.watchsimulator",
               "modelCode" : "Watch7,18",
               "identifier" : "343149F5-A767-4F25-B8B0-39878AE5CED9",
               "architecture" : "arm64",
               "modelUTI" : "com.apple.com.apple.apple-watch-series-11-4",
               "modelName" : "Apple Watch Series 11 (46mm)",
               "name" : "Apple Watch Series 11 (46mm)",
               "ignored" : false
             },
             {
               "simulator" : true,
               "operatingSystemVersion" : "26.1 (23B86)",
               "available" : true,
               "platform" : "com.apple.platform.iphonesimulator",
               "modelCode" : "iPad15,3",
               "identifier" : "852EC85F-05A2-423F-B744-69EC12B6607E",
               "architecture" : "arm64",
               "modelUTI" : "com.apple.ipad-air-m3-1",
               "modelName" : "iPad Air 11-inch (M3)",
               "name" : "iPad Air 11-inch (M3)",
               "ignored" : false
             },
             {
               "simulator" : true,
               "operatingSystemVersion" : "26.5 (23F77)",
               "available" : true,
               "platform" : "com.apple.platform.iphonesimulator",
               "modelCode" : "iPad17,4",
               "identifier" : "78AD72FE-6187-4DDB-9209-94251CD778FF",
               "architecture" : "arm64",
               "modelUTI" : "com.apple.com.apple.ipad-pro-13-inch-m5-1",
               "modelName" : "iPad Pro 13-inch (M5)",
               "name" : "iPad Pro 13-inch (M5)",
               "ignored" : false
             },
             {
               "simulator" : true,
               "operatingSystemVersion" : "26.5 (23F77)",
               "available" : true,
               "platform" : "com.apple.platform.iphonesimulator",
               "modelCode" : "iPad17,2",
               "identifier" : "55EF7E6B-903C-4CF7-B995-3FDB40AE8FF7",
               "architecture" : "arm64",
               "modelUTI" : "com.apple.com.apple.ipad-pro-11-inch-m5-1",
               "modelName" : "iPad Pro 11-inch (M5)",
               "name" : "iPad Pro 11-inch (M5)",
               "ignored" : false
             },
             {
               "simulator" : true,
               "operatingSystemVersion" : "26.1 (23B86)",
               "available" : true,
               "platform" : "com.apple.platform.iphonesimulator",
               "modelCode" : "iPhone18,1",
               "identifier" : "A9D6A305-085F-4121-AE1C-F4E915CA2B3F",
               "architecture" : "arm64",
               "modelUTI" : "com.apple.com.apple.iphone-17-pro-2",
               "modelName" : "iPhone 17 Pro",
               "name" : "iPhone 17 Pro",
               "ignored" : false
             },
             {
               "simulator" : true,
               "operatingSystemVersion" : "26.1 (23B86)",
               "available" : true,
               "platform" : "com.apple.platform.iphonesimulator",
               "modelCode" : "iPhone18,4",
               "identifier" : "EB6B28A2-8FF3-4A88-BCB2-8D22E7FD3A69",
               "architecture" : "arm64",
               "modelUTI" : "com.apple.com.apple.iphone-air-1",
               "modelName" : "iPhone Air",
               "name" : "iPhone Air",
               "ignored" : false
             },
             {
               "simulator" : true,
               "operatingSystemVersion" : "26.1 (23B86)",
               "available" : true,
               "platform" : "com.apple.platform.iphonesimulator",
               "modelCode" : "iPad17,4",
               "identifier" : "E0B24359-543E-47C5-870E-50FA74141E52",
               "architecture" : "arm64",
               "modelUTI" : "com.apple.com.apple.ipad-pro-13-inch-m5-1",
               "modelName" : "iPad Pro 13-inch (M5)",
               "name" : "iPad Pro 13-inch (M5)",
               "ignored" : false
             },
             {
               "simulator" : true,
               "operatingSystemVersion" : "26.5 (23F77)",
               "available" : true,
               "platform" : "com.apple.platform.iphonesimulator",
               "modelCode" : "iPhone18,3",
               "identifier" : "D375A953-76AE-4AD7-A2E8-18D1A808299E",
               "architecture" : "arm64",
               "modelUTI" : "com.apple.com.apple.iphone-17-2",
               "modelName" : "iPhone 17",
               "name" : "iPhone 17",
               "ignored" : false
             },
             {
               "simulator" : true,
               "operatingSystemVersion" : "26.0.1 (23A8464)",
               "available" : true,
               "platform" : "com.apple.platform.iphonesimulator",
               "modelCode" : "iPad16,2",
               "identifier" : "A5B165D2-412C-4461-A7FA-5B8D0E72742A",
               "architecture" : "arm64",
               "modelUTI" : "com.apple.ipad-mini-a17-1",
               "modelName" : "iPad mini (A17 Pro)",
               "name" : "iPad mini (A17 Pro)",
               "ignored" : false
             },
             {
               "simulator" : true,
               "operatingSystemVersion" : "26.5 (23F77)",
               "available" : true,
               "platform" : "com.apple.platform.iphonesimulator",
               "modelCode" : "iPad15,7",
               "identifier" : "F0566CB4-F6E0-4C02-BD79-F153F3795941",
               "architecture" : "arm64",
               "modelUTI" : "com.apple.ipad-a16-1",
               "modelName" : "iPad (A16)",
               "name" : "iPad (A16)",
               "ignored" : false
             },
             {
               "simulator" : true,
               "operatingSystemVersion" : "26.0.1 (23A8464)",
               "available" : true,
               "platform" : "com.apple.platform.iphonesimulator",
               "modelCode" : "iPhone15,3",
               "identifier" : "FEC1F6E7-0604-47BE-9517-D0CA4D405905",
               "architecture" : "arm64",
               "modelUTI" : "com.apple.iphone-14-pro-max-1",
               "modelName" : "iPhone 14 Pro Max",
               "name" : "iPhone 14 Pro Max",
               "ignored" : false
             },
             {
               "simulator" : true,
               "operatingSystemVersion" : "26.0.1 (23A8464)",
               "available" : true,
               "platform" : "com.apple.platform.iphonesimulator",
               "modelCode" : "iPhone18,4",
               "identifier" : "B82B8E65-2127-4AA5-A6AE-143A6F6223C1",
               "architecture" : "arm64",
               "modelUTI" : "com.apple.com.apple.iphone-air-1",
               "modelName" : "iPhone Air",
               "name" : "iPhone Air",
               "ignored" : false
             },
             {
               "simulator" : true,
               "operatingSystemVersion" : "26.0.1 (23A8464)",
               "available" : true,
               "platform" : "com.apple.platform.iphonesimulator",
               "modelCode" : "iPad15,5",
               "identifier" : "000ECB5E-B119-4B44-80DA-4A42384DF4EA",
               "architecture" : "arm64",
               "modelUTI" : "com.apple.ipad-air-m3-13-1",
               "modelName" : "iPad Air 13-inch (M3)",
               "name" : "iPad Air 13-inch (M3)",
               "ignored" : false
             },
             {
               "simulator" : true,
               "operatingSystemVersion" : "26.0 (23R353)",
               "available" : true,
               "platform" : "com.apple.platform.watchsimulator",
               "modelCode" : "Watch7,13",
               "identifier" : "F1C29728-25D5-4C96-B6D9-6AD66DDDDF15",
               "architecture" : "arm64",
               "modelUTI" : "com.apple.com.apple.apple-watch-se-3-1",
               "modelName" : "Apple Watch SE 3 (40mm)",
               "name" : "Apple Watch SE 3 (40mm)",
               "ignored" : false
             },
             {
               "ignored" : false,
               "modelCode" : "Mac14,2",
               "simulator" : false,
               "modelName" : "MacBook Air",
               "operatingSystemVersion" : "26.6 (25G5028f)",
               "identifier" : "00008112-00016861219A401E",
               "platform" : "com.apple.platform.macosx",
               "architecture" : "arm64e",
               "interface" : "usb",
               "available" : true,
               "name" : "My Mac",
               "modelUTI" : "com.apple.macbookair-13-2022"
             },
             {
               "simulator" : true,
               "operatingSystemVersion" : "26.0.1 (23A8464)",
               "available" : true,
               "platform" : "com.apple.platform.iphonesimulator",
               "modelCode" : "iPad17,2",
               "identifier" : "1E47EE32-3165-43EC-8650-26122A15E6ED",
               "architecture" : "arm64",
               "modelUTI" : "com.apple.com.apple.ipad-pro-11-inch-m5-1",
               "modelName" : "iPad Pro 11-inch (M5)",
               "name" : "iPad Pro 11-inch (M5)",
               "ignored" : false
             }
           ]
[+1125 ms] Command line invocation:
               /Applications/Xcode.app/Contents/Developer/usr/bin/xcodebuild -clonedSourcePackagesDirPath /Users/macair/Documents/food_diary/build/ios/SourcePackages -skipPackageUpdates -skipPackagePluginValidation -skipPackageSignatureValidation -list

           Resolve Package Graph


           Resolved source packages:
             FlutterGeneratedPluginSwiftPackage: /Users/macair/Documents/food_diary/ios/Flutter/ephemeral/Packages/FlutterGeneratedPluginSwiftPackage
             url_launcher_ios: /Users/macair/Documents/food_diary/ios/Flutter/ephemeral/Packages/.packages/url_launcher_ios-6.4.1 @ local
             geolocator_apple: /Users/macair/Documents/food_diary/ios/Flutter/ephemeral/Packages/.packages/geolocator_apple-2.3.14 @ local
             image_picker_ios: /Users/macair/Documents/food_diary/ios/Flutter/ephemeral/Packages/.packages/image_picker_ios-0.8.13+6 @ local
             geocoding_ios: /Users/macair/Documents/food_diary/ios/Flutter/ephemeral/Packages/.packages/geocoding_ios-3.1.0 @ local
             shared_preferences_foundation: /Users/macair/Documents/food_diary/ios/Flutter/ephemeral/Packages/.packages/shared_preferences_foundation-2.5.6 @ local
             FlutterFramework: /Users/macair/Documents/food_diary/ios/Flutter/ephemeral/Packages/.packages/FlutterFramework @ local

           Information about project "Runner":
               Targets:
                   Runner
                   RunnerTests

               Build Configurations:
                   Debug
                   Release
                   Profile

               If no build configuration is specified and -scheme is not passed then "Release" is used.

               Schemes:
                   FlutterFramework
                   FlutterGeneratedPluginSwiftPackage
                   geocoding-ios
                   geolocator-apple
                   image-picker-ios
                   Runner
                   shared-preferences-foundation
                   url-launcher-ios
[   +5 ms] executing: [/Users/macair/Documents/food_diary/ios/Runner.xcodeproj/] /usr/bin/arch -arm64e xcrun xcodebuild -clonedSourcePackagesDirPath /Users/macair/Documents/food_diary/build/ios/SourcePackages -skipPackageUpdates -skipPackagePluginValidation -skipPackageSignatureValidation -project /Users/macair/Documents/food_diary/ios/Runner.xcodeproj -scheme Runner -configuration Debug -destination generic/platform=iOS -showBuildSettings BUILD_DIR=/Users/macair/Documents/food_diary/build/ios
[        ] executing: [/Users/macair/Documents/food_diary/ios/Runner.xcodeproj/] /usr/bin/arch -arm64e xcrun xcodebuild -clonedSourcePackagesDirPath /Users/macair/Documents/food_diary/build/ios/SourcePackages -skipPackageUpdates -skipPackagePluginValidation -skipPackageSignatureValidation -project /Users/macair/Documents/food_diary/ios/Runner.xcodeproj -scheme Runner -configuration Debug -destination generic/platform=iOS -showBuildSettings BUILD_DIR=/Users/macair/Documents/food_diary/build/ios
[+1811 ms] Command line invocation:
               /Applications/Xcode.app/Contents/Developer/usr/bin/xcodebuild -clonedSourcePackagesDirPath /Users/macair/Documents/food_diary/build/ios/SourcePackages -skipPackageUpdates -skipPackagePluginValidation -skipPackageSignatureValidation -project /Users/macair/Documents/food_diary/ios/Runner.xcodeproj -scheme Runner -configuration Debug -destination generic/platform=iOS -showBuildSettings BUILD_DIR=/Users/macair/Documents/food_diary/build/ios

           Build settings from command line:
               BUILD_DIR = /Users/macair/Documents/food_diary/build/ios

           Resolve Package Graph


           Resolved source packages:
             FlutterGeneratedPluginSwiftPackage: /Users/macair/Documents/food_diary/ios/Flutter/ephemeral/Packages/FlutterGeneratedPluginSwiftPackage
             geocoding_ios: /Users/macair/Documents/food_diary/ios/Flutter/ephemeral/Packages/.packages/geocoding_ios-3.1.0 @ local
             image_picker_ios: /Users/macair/Documents/food_diary/ios/Flutter/ephemeral/Packages/.packages/image_picker_ios-0.8.13+6 @ local
             geolocator_apple: /Users/macair/Documents/food_diary/ios/Flutter/ephemeral/Packages/.packages/geolocator_apple-2.3.14 @ local
             url_launcher_ios: /Users/macair/Documents/food_diary/ios/Flutter/ephemeral/Packages/.packages/url_launcher_ios-6.4.1 @ local
             FlutterFramework: /Users/macair/Documents/food_diary/ios/Flutter/ephemeral/Packages/.packages/FlutterFramework @ local
             shared_preferences_foundation: /Users/macair/Documents/food_diary/ios/Flutter/ephemeral/Packages/.packages/shared_preferences_foundation-2.5.6 @ local

           Build settings for action build and target Runner:
               ACTION = build
               AD_HOC_CODE_SIGNING_ALLOWED = NO
               AGGREGATE_TRACKED_DOMAINS = YES
               ALLOW_BUILD_REQUEST_OVERRIDES = NO
               ALLOW_TARGET_PLATFORM_SPECIALIZATION = NO
               ALTERNATE_GROUP = staff
               ALTERNATE_MODE = u+w,go-w,a+rX
               ALTERNATE_OWNER = macair
               ALTERNATIVE_DISTRIBUTION_WEB = NO
               ALWAYS_EMBED_SWIFT_STANDARD_LIBRARIES = NO
               ALWAYS_SEARCH_USER_PATHS = NO
               ALWAYS_USE_SEPARATE_HEADERMAPS = NO
               APPLICATION_EXTENSION_API_ONLY = NO
               APPLY_RULES_IN_COPY_FILES = NO
               APPLY_RULES_IN_COPY_HEADERS = NO
               APP_SHORTCUTS_ENABLE_FLEXIBLE_MATCHING = YES
               ARCHS = arm64
               ARCHS_BASE = arm64
               ARCHS_STANDARD = arm64
               ARCHS_STANDARD_32_64_BIT = armv7 arm64
               ARCHS_STANDARD_32_BIT = armv7
               ARCHS_STANDARD_64_BIT = arm64
               ARCHS_STANDARD_INCLUDING_64_BIT = arm64
               ARCHS_UNIVERSAL_IPHONE_OS = armv7 arm64
               ASSETCATALOG_COMPILER_APPICON_NAME = AppIcon
               ASSETCATALOG_COMPILER_GENERATE_SWIFT_ASSET_SYMBOL_EXTENSIONS = YES
               AUTOMATICALLY_MERGE_DEPENDENCIES = NO
               AUTOMATION_APPLE_EVENTS = NO
               AVAILABLE_PLATFORMS = android appletvos appletvsimulator driverkit freebsd iphoneos iphonesimulator linux macosx none openbsd qnx watchos watchsimulator webassembly xros xrsimulator
               BUILD_ACTIVE_RESOURCES_ONLY = NO
               BUILD_COMPONENTS = headers build
               BUILD_DIR = /Users/macair/Documents/food_diary/build/ios
               BUILD_LIBRARY_FOR_DISTRIBUTION = NO
               BUILD_ONLY_KNOWN_LOCALIZATIONS = NO
               BUILD_ROOT = /Users/macair/Library/Developer/Xcode/DerivedData/Runner-bawvfuiqbwsmssgqwywwydwipgkc/Build/Products
               BUILD_STYLE = 
               BUILD_VARIANTS = normal
               BUILT_PRODUCTS_DIR = /Users/macair/Documents/food_diary/build/ios/Debug-iphoneos
               BUNDLE_CONTENTS_FOLDER_PATH_deep = Contents/
               BUNDLE_EXECUTABLE_FOLDER_NAME_deep = MacOS
               BUNDLE_EXTENSIONS_FOLDER_PATH = Extensions
               BUNDLE_FORMAT = shallow
               BUNDLE_FRAMEWORKS_FOLDER_PATH = Frameworks
               BUNDLE_PLUGINS_FOLDER_PATH = PlugIns
               BUNDLE_PRIVATE_HEADERS_FOLDER_PATH = PrivateHeaders
               BUNDLE_PUBLIC_HEADERS_FOLDER_PATH = Headers
               CACHE_ROOT = /var/folders/t7/4ns5bn2972v1xz_j79mgwsyw0000gn/C/com.apple.DeveloperTools/26.6-17F113/Xcode
               CCHROOT = /var/folders/t7/4ns5bn2972v1xz_j79mgwsyw0000gn/C/com.apple.DeveloperTools/26.6-17F113/Xcode
               CHMOD = /bin/chmod
               CHOWN = chown
               CLANG_ANALYZER_NONNULL = YES
               CLANG_CACHE_FINE_GRAINED_OUTPUTS = YES
               CLANG_CXX_LANGUAGE_STANDARD = gnu++0x
               CLANG_CXX_LIBRARY = libc++
               CLANG_ENABLE_EXPLICIT_MODULES = YES
               CLANG_ENABLE_MODULES = YES
               CLANG_ENABLE_OBJC_ARC = YES
               CLANG_MODULES_BUILD_SESSION_FILE = /Users/macair/Library/Developer/Xcode/DerivedData/ModuleCache.noindex/Session.modulevalidation
               CLANG_WARN_BLOCK_CAPTURE_AUTORELEASING = YES
               CLANG_WARN_BOOL_CONVERSION = YES
               CLANG_WARN_COMMA = YES
               CLANG_WARN_CONSTANT_CONVERSION = YES
               CLANG_WARN_DEPRECATED_OBJC_IMPLEMENTATIONS = YES
               CLANG_WARN_DIRECT_OBJC_ISA_USAGE = YES_ERROR
               CLANG_WARN_EMPTY_BODY = YES
               CLANG_WARN_ENUM_CONVERSION = YES
               CLANG_WARN_INFINITE_RECURSION = YES
               CLANG_WARN_INT_CONVERSION = YES
               CLANG_WARN_NON_LITERAL_NULL_CONVERSION = YES
               CLANG_WARN_OBJC_IMPLICIT_RETAIN_SELF = YES
               CLANG_WARN_OBJC_LITERAL_CONVERSION = YES
               CLANG_WARN_OBJC_ROOT_CLASS = YES_ERROR
               CLANG_WARN_QUOTED_INCLUDE_IN_FRAMEWORK_HEADER = NO
               CLANG_WARN_RANGE_LOOP_ANALYSIS = YES
               CLANG_WARN_STRICT_PROTOTYPES = YES
               CLANG_WARN_SUSPICIOUS_MOVE = YES
               CLANG_WARN_UNREACHABLE_CODE = YES
               CLANG_WARN__DUPLICATE_METHOD_MATCH = YES
               CLASS_FILE_DIR = /Users/macair/Library/Developer/Xcode/DerivedData/Runner-bawvfuiqbwsmssgqwywwydwipgkc/Build/Intermediates.noindex/Runner.build/Debug-iphoneos/Runner.build/JavaClasses
               CLEAN_PRECOMPS = YES
               CLONE_HEADERS = NO
               COCOAPODS_PARALLEL_CODE_SIGN = true
               CODESIGNING_FOLDER_PATH = /Users/macair/Documents/food_diary/build/ios/Debug-iphoneos/Runner.app
               CODE_SIGNING_ALLOWED = YES
               CODE_SIGNING_REQUIRED = YES
               CODE_SIGN_CONTEXT_CLASS = XCiPhoneOSCodeSignContext
               CODE_SIGN_IDENTITY = iPhone Developer
               CODE_SIGN_INJECT_BASE_ENTITLEMENTS = YES
               COLOR_DIAGNOSTICS = NO
               COMBINE_HIDPI_IMAGES = NO
               COMPILATION_CACHE_CAS_PATH = /Users/macair/Library/Developer/Xcode/DerivedData/CompilationCache.noindex
               COMPILATION_CACHE_KEEP_CAS_DIRECTORY = YES
               COMPILER_INDEX_STORE_ENABLE = Default
               COMPOSITE_SDK_DIRS = /Users/macair/Library/Developer/Xcode/DerivedData/Runner-bawvfuiqbwsmssgqwywwydwipgkc/Build/Intermediates.noindex/CompositeSDKs
               COMPRESS_PNG_FILES = YES
               CONFIGURATION = Debug
               CONFIGURATION_BUILD_DIR = /Users/macair/Documents/food_diary/build/ios/Debug-iphoneos
               CONFIGURATION_TEMP_DIR = /Users/macair/Library/Developer/Xcode/DerivedData/Runner-bawvfuiqbwsmssgqwywwydwipgkc/Build/Intermediates.noindex/Runner.build/Debug-iphoneos
               CONTENTS_FOLDER_PATH = Runner.app
               CONTENTS_FOLDER_PATH_SHALLOW_BUNDLE_NO = Runner.app/Contents
               CONTENTS_FOLDER_PATH_SHALLOW_BUNDLE_YES = Runner.app
               COPYING_PRESERVES_HFS_DATA = NO
               COPY_HEADERS_RUN_UNIFDEF = NO
               COPY_PHASE_STRIP = NO
               CORRESPONDING_SIMULATOR_PLATFORM_DIR = /Applications/Xcode.app/Contents/Developer/Platforms/iPhoneSimulator.platform
               CORRESPONDING_SIMULATOR_PLATFORM_NAME = iphonesimulator
               CORRESPONDING_SIMULATOR_SDK_DIR = /Applications/Xcode.app/Contents/Developer/Platforms/iPhoneSimulator.platform/Developer/SDKs/iPhoneSimulator26.5.sdk
               CORRESPONDING_SIMULATOR_SDK_NAME = iphonesimulator26.5
               CP = /bin/cp
               CREATE_INFOPLIST_SECTION_IN_BINARY = NO
               CURRENT_ARCH = undefined_arch
               CURRENT_PROJECT_VERSION = 1
               CURRENT_VARIANT = normal
               DART_DEFINES = RkxVVFRFUl9WRVJTSU9OPTMuNDQuNA==,RkxVVFRFUl9DSEFOTkVMPXN0YWJsZQ==,RkxVVFRFUl9HSVRfVVJMPWh0dHBzOi8vZ2l0aHViLmNvbS9mbHV0dGVyL2ZsdXR0ZXIuZ2l0,RkxVVFRFUl9GUkFNRVdPUktfUkVWSVNJT049YWQ3MGVjNDYxNw==,RkxVVFRFUl9FTkdJTkVfUkVWSVNJT049YTEwZDhhYzM4ZA==,RkxVVFRFUl9EQVJUX1ZFUlNJT049My4xMi4y
               DART_OBFUSCATION = false
               DEAD_CODE_STRIPPING = YES
               DEBUGGING_SYMBOLS = YES
               DEBUG_INFORMATION_FORMAT = dwarf
               DEBUG_INFORMATION_VERSION = compiler-default
               DEFAULT_COMPILER = com.apple.compilers.llvm.clang.1_0
               DEFAULT_DEXT_INSTALL_PATH = /System/Library/DriverExtensions
               DEFAULT_KEXT_INSTALL_PATH = /System/Library/Extensions
               DEFINES_MODULE = NO
               DEPLOYMENT_LOCATION = NO
               DEPLOYMENT_POSTPROCESSING = NO
               DEPLOYMENT_TARGET_SETTING_NAME = IPHONEOS_DEPLOYMENT_TARGET
               DEPLOYMENT_TARGET_SUGGESTED_VALUES = 12.0 12.1 12.2 12.3 12.4 13.0 13.1 13.2 13.3 13.4 13.5 13.6 14.0 14.1 14.2 14.3 14.4 14.5 14.6 14.7 15.0 15.1 15.2 15.3 15.4 15.5 15.6 16.0 16.1 16.2 16.3 16.4 16.5 16.6 17.0 17.1 17.2 17.3 17.4 17.5 17.6 18.0 18.1 18.2 18.3 18.4 18.5 18.6 26.0 26.2 26.3 26.4 26.5
               DERIVED_FILES_DIR = /Users/macair/Library/Developer/Xcode/DerivedData/Runner-bawvfuiqbwsmssgqwywwydwipgkc/Build/Intermediates.noindex/Runner.build/Debug-iphoneos/Runner.build/DerivedSources
               DERIVED_FILE_DIR = /Users/macair/Library/Developer/Xcode/DerivedData/Runner-bawvfuiqbwsmssgqwywwydwipgkc/Build/Intermediates.noindex/Runner.build/Debug-iphoneos/Runner.build/DerivedSources
               DERIVED_SOURCES_DIR = /Users/macair/Library/Developer/Xcode/DerivedData/Runner-bawvfuiqbwsmssgqwywwydwipgkc/Build/Intermediates.noindex/Runner.build/Debug-iphoneos/Runner.build/DerivedSources
               DERIVE_MACCATALYST_PRODUCT_BUNDLE_IDENTIFIER = NO
               DEVELOPER_APPLICATIONS_DIR = /Applications/Xcode.app/Contents/Developer/Applications
               DEVELOPER_BIN_DIR = /Applications/Xcode.app/Contents/Developer/usr/bin
               DEVELOPER_DIR = /Applications/Xcode.app/Contents/Developer
               DEVELOPER_FRAMEWORKS_DIR = /Applications/Xcode.app/Contents/Developer/Library/Frameworks
               DEVELOPER_FRAMEWORKS_DIR_QUOTED = /Applications/Xcode.app/Contents/Developer/Library/Frameworks
               DEVELOPER_LIBRARY_DIR = /Applications/Xcode.app/Contents/Developer/Library
               DEVELOPER_SDK_DIR = /Applications/Xcode.app/Contents/Developer/Platforms/MacOSX.platform/Developer/SDKs
               DEVELOPER_TOOLS_DIR = /Applications/Xcode.app/Contents/Developer/Tools
               DEVELOPER_USR_DIR = /Applications/Xcode.app/Contents/Developer/usr
               DEVELOPMENT_LANGUAGE = en
               DEVELOPMENT_TEAM = 4ZVUAHH827
               DIAGNOSE_MISSING_TARGET_DEPENDENCIES = YES
               DIFF = /usr/bin/diff
               DOCUMENTATION_FOLDER_PATH = Runner.app/en.lproj/Documentation
               DONT_GENERATE_INFOPLIST_FILE = NO
               DRIVERKIT_DEPLOYMENT_TARGET = 25.5
               DSTROOT = /tmp/Runner.dst
               DT_TOOLCHAIN_DIR = /Applications/Xcode.app/Contents/Developer/Toolchains/XcodeDefault.xctoolchain
               DUMP_DEPENDENCIES = NO
               DUMP_DEPENDENCIES_OUTPUT_PATH = /Users/macair/Library/Developer/Xcode/DerivedData/Runner-bawvfuiqbwsmssgqwywwydwipgkc/Build/Intermediates.noindex/Runner.build/Debug-iphoneos/Runner.build/Runner-BuildDependencyInfo.json
               DWARF_DSYM_FILE_NAME = Runner.app.dSYM
               DWARF_DSYM_FILE_SHOULD_ACCOMPANY_PRODUCT = NO
               DWARF_DSYM_FOLDER_PATH = /Users/macair/Documents/food_diary/build/ios/Debug-iphoneos
               DYNAMIC_LIBRARY_EXTENSION = dylib
               EAGER_COMPILATION_ALLOW_SCRIPTS = NO
               EAGER_LINKING = NO
               EFFECTIVE_PLATFORM_NAME = -iphoneos
               EFFECTIVE_SWIFT_VERSION = 5
               EMBEDDED_CONTENT_CONTAINS_SWIFT = NO
               EMBEDDED_PROFILE_NAME = embedded.mobileprovision
               EMBED_ASSET_PACKS_IN_PRODUCT_BUNDLE = NO
               ENABLE_APP_SANDBOX = NO
               ENABLE_BITCODE = NO
               ENABLE_CODE_COVERAGE = YES
               ENABLE_COHORT_ARCHS = NO
               ENABLE_CPLUSPLUS_BOUNDS_SAFE_BUFFERS = NO
               ENABLE_C_BOUNDS_SAFETY = NO
               ENABLE_DEBUG_DYLIB = YES
               ENABLE_DEFAULT_HEADER_SEARCH_PATHS = YES
               ENABLE_DEFAULT_SEARCH_PATHS = YES
               ENABLE_ENHANCED_SECURITY = NO
               ENABLE_HARDENED_RUNTIME = NO
               ENABLE_HEADER_DEPENDENCIES = YES
               ENABLE_INCOMING_NETWORK_CONNECTIONS = NO
               ENABLE_ON_DEMAND_RESOURCES = YES
               ENABLE_OUTGOING_NETWORK_CONNECTIONS = NO
               ENABLE_POINTER_AUTHENTICATION = NO
               ENABLE_RESOURCE_ACCESS_AUDIO_INPUT = NO
               ENABLE_RESOURCE_ACCESS_BLUETOOTH = NO
               ENABLE_RESOURCE_ACCESS_CALENDARS = NO
               ENABLE_RESOURCE_ACCESS_CAMERA = NO
               ENABLE_RESOURCE_ACCESS_CONTACTS = NO
               ENABLE_RESOURCE_ACCESS_LOCATION = NO
               ENABLE_RESOURCE_ACCESS_PHOTO_LIBRARY = NO
               ENABLE_RESOURCE_ACCESS_PRINTING = NO
               ENABLE_RESOURCE_ACCESS_USB = NO
               ENABLE_SDK_IMPORTS = NO
               ENABLE_SECURITY_COMPILER_WARNINGS = NO
               ENABLE_STRICT_OBJC_MSGSEND = YES
               ENABLE_TESTABILITY = YES
               ENABLE_TESTING_SEARCH_PATHS = NO
               ENABLE_USER_SCRIPT_SANDBOXING = NO
               ENFORCE_VALID_ARCHS = YES
               ENTITLEMENTS_ALLOWED = YES
               ENTITLEMENTS_DESTINATION = Signature
               ENTITLEMENTS_REQUIRED = NO
               EXCLUDED_ARCHS = armv7
               EXCLUDED_INSTALLSRC_SUBDIRECTORY_PATTERNS = .DS_Store .svn .git .hg CVS
               EXCLUDED_RECURSIVE_SEARCH_PATH_SUBDIRECTORIES = *.nib *.lproj *.framework *.gch *.xcode* *.xcassets *.icon (*) .DS_Store CVS .svn .git .hg *.pbproj *.pbxproj
               EXECUTABLES_FOLDER_PATH = Runner.app/Executables
               EXECUTABLE_FOLDER_PATH = Runner.app
               EXECUTABLE_FOLDER_PATH_SHALLOW_BUNDLE_NO = Runner.app/MacOS
               EXECUTABLE_FOLDER_PATH_SHALLOW_BUNDLE_YES = Runner.app
               EXECUTABLE_NAME = Runner
               EXECUTABLE_PATH = Runner.app/Runner
               EXTENSIONS_FOLDER_PATH = Runner.app/Extensions
               FILE_LIST = /Users/macair/Library/Developer/Xcode/DerivedData/Runner-bawvfuiqbwsmssgqwywwydwipgkc/Build/Intermediates.noindex/Runner.build/Debug-iphoneos/Runner.build/Objects/LinkFileList
               FIXED_FILES_DIR = /Users/macair/Library/Developer/Xcode/DerivedData/Runner-bawvfuiqbwsmssgqwywwydwipgkc/Build/Intermediates.noindex/Runner.build/Debug-iphoneos/Runner.build/FixedFiles
               FLUTTER_APPLICATION_PATH = /Users/macair/Documents/food_diary
               FLUTTER_BUILD_DIR = build
               FLUTTER_BUILD_NAME = 1.0.0
               FLUTTER_BUILD_NUMBER = 1
               FLUTTER_FRAMEWORK_SWIFT_PACKAGE_PATH = /Users/macair/Documents/food_diary/ios/Flutter/ephemeral/Packages/.packages/FlutterFramework
               FLUTTER_ROOT = /Users/macair/development/flutter
               FLUTTER_TARGET = /Users/macair/Documents/food_diary/lib/main.dart
               FRAMEWORKS_FOLDER_PATH = Runner.app/Frameworks
               FRAMEWORK_FLAG_PREFIX = -framework
               FRAMEWORK_SEARCH_PATHS = /Users/macair/Documents/food_diary/build/ios/Debug-iphoneos 
               FRAMEWORK_VERSION = A
               FULL_PRODUCT_NAME = Runner.app
               FUSE_BUILD_PHASES = YES
               FUSE_BUILD_SCRIPT_PHASES = NO
               GCC3_VERSION = 3.3
               GCC_C_LANGUAGE_STANDARD = gnu99
               GCC_DYNAMIC_NO_PIC = NO
               GCC_INLINES_ARE_PRIVATE_EXTERN = YES
               GCC_NO_COMMON_BLOCKS = YES
               GCC_OPTIMIZATION_LEVEL = 0
               GCC_PFE_FILE_C_DIALECTS = c objective-c c++ objective-c++
               GCC_PREPROCESSOR_DEFINITIONS = DEBUG=1  COCOAPODS=1
               GCC_SYMBOLS_PRIVATE_EXTERN = NO
               GCC_THUMB_SUPPORT = YES
               GCC_TREAT_WARNINGS_AS_ERRORS = NO
               GCC_VERSION = com.apple.compilers.llvm.clang.1_0
               GCC_VERSION_IDENTIFIER = com_apple_compilers_llvm_clang_1_0
               GCC_WARN_64_TO_32_BIT_CONVERSION = YES
               GCC_WARN_ABOUT_RETURN_TYPE = YES_ERROR
               GCC_WARN_UNDECLARED_SELECTOR = YES
               GCC_WARN_UNINITIALIZED_AUTOS = YES_AGGRESSIVE
               GCC_WARN_UNUSED_FUNCTION = YES
               GCC_WARN_UNUSED_VARIABLE = YES
               GENERATED_MODULEMAP_DIR = /Users/macair/Library/Developer/Xcode/DerivedData/Runner-bawvfuiqbwsmssgqwywwydwipgkc/Build/Intermediates.noindex/GeneratedModuleMaps-iphoneos
               GENERATE_INFOPLIST_FILE = NO
               GENERATE_INTERMEDIATE_TEXT_BASED_STUBS = YES
               GENERATE_PKGINFO_FILE = YES
               GENERATE_PRELINK_OBJECT_FILE = NO
               GENERATE_PROFILING_CODE = NO
               GENERATE_TEXT_BASED_STUBS = NO
               GID = 20
               GROUP = staff
               HEADERMAP_INCLUDES_FLAT_ENTRIES_FOR_TARGET_BEING_BUILT = YES
               HEADERMAP_INCLUDES_FRAMEWORK_ENTRIES_FOR_ALL_PRODUCT_TYPES = YES
               HEADERMAP_INCLUDES_FRAMEWORK_ENTRIES_FOR_TARGETS_NOT_BEING_BUILT = YES
               HEADERMAP_INCLUDES_NONPUBLIC_NONPRIVATE_HEADERS = YES
               HEADERMAP_INCLUDES_PROJECT_HEADERS = YES
               HEADERMAP_USES_FRAMEWORK_PREFIX_ENTRIES = YES
               HEADERMAP_USES_VFS = NO
               HEADER_SEARCH_PATHS = /Users/macair/Documents/food_diary/build/ios/Debug-iphoneos/include 
               HOME = /Users/macair
               HOST_ARCH = arm64
               HOST_PLATFORM = macosx
               ICONV = /usr/bin/iconv
               IMPLICIT_DEPENDENCY_DOMAIN = default
               INDEX_STORE_COMPRESS = NO
               INDEX_STORE_ONLY_PROJECT_FILES = NO
               INFOPLIST_ENABLE_CFBUNDLEICONS_MERGE = YES
               INFOPLIST_EXPAND_BUILD_SETTINGS = YES
               INFOPLIST_FILE = Runner/Info.plist
               INFOPLIST_OUTPUT_FORMAT = binary
               INFOPLIST_PATH = Runner.app/Info.plist
               INFOPLIST_PREPROCESS = NO
               INFOSTRINGS_PATH = Runner.app/en.lproj/InfoPlist.strings
               INLINE_PRIVATE_FRAMEWORKS = NO
               INSTALLAPI_IGNORE_SKIP_INSTALL = YES
               INSTALLHDRS_COPY_PHASE = NO
               INSTALLHDRS_SCRIPT_PHASE = NO
               INSTALL_DIR = /tmp/Runner.dst/Applications
               INSTALL_GROUP = staff
               INSTALL_MODE_FLAG = u+w,go-w,a+rX
               INSTALL_OWNER = macair
               INSTALL_PATH = /Applications
               INSTALL_ROOT = /tmp/Runner.dst
               IPHONEOS_DEPLOYMENT_TARGET = 13.0
               IS_UNOPTIMIZED_BUILD = YES
               JAVAC_DEFAULT_FLAGS = -J-Xms64m -J-XX:NewSize=4M -J-Dfile.encoding=UTF8
               JAVA_APP_STUB = /System/Library/Frameworks/JavaVM.framework/Resources/MacOS/JavaApplicationStub
               JAVA_ARCHIVE_CLASSES = YES
               JAVA_ARCHIVE_TYPE = JAR
               JAVA_COMPILER = /usr/bin/javac
               JAVA_FOLDER_PATH = Runner.app/Java
               JAVA_FRAMEWORK_RESOURCES_DIRS = Resources
               JAVA_JAR_FLAGS = cv
               JAVA_SOURCE_SUBDIR = .
               JAVA_USE_DEPENDENCIES = YES
               JAVA_ZIP_FLAGS = -urg
               JIKES_DEFAULT_FLAGS = +E +OLDCSO
               KASAN_CFLAGS_CLASSIC = -DKASAN=1 -DKASAN_CLASSIC=1 -fsanitize=address -mllvm -asan-globals-live-support -mllvm -asan-force-dynamic-shadow
               KASAN_CFLAGS_TBI = -DKASAN=1 -DKASAN_TBI=1 -fsanitize=kernel-hwaddress -mllvm -hwasan-recover=0 -mllvm -hwasan-instrument-atomics=0 -mllvm -hwasan-instrument-stack=1 -mllvm -hwasan-generate-tags-with-calls=1 -mllvm -hwasan-instrument-with-calls=1 -mllvm -hwasan-use-short-granules=0 -mllvm -hwasan-memory-access-callback-prefix=__asan_
               KASAN_DEFAULT_CFLAGS = -DKASAN=1 -DKASAN_CLASSIC=1 -fsanitize=address -mllvm -asan-globals-live-support -mllvm -asan-force-dynamic-shadow
               KEEP_PRIVATE_EXTERNS = NO
               LD_DEPENDENCY_INFO_FILE = /Users/macair/Library/Developer/Xcode/DerivedData/Runner-bawvfuiqbwsmssgqwywwydwipgkc/Build/Intermediates.noindex/Runner.build/Debug-iphoneos/Runner.build/Objects-normal/undefined_arch/Runner_dependency_info.dat
               LD_EXPORT_SYMBOLS = YES
               LD_GENERATE_MAP_FILE = NO
               LD_MAP_FILE_PATH = /Users/macair/Library/Developer/Xcode/DerivedData/Runner-bawvfuiqbwsmssgqwywwydwipgkc/Build/Intermediates.noindex/Runner.build/Debug-iphoneos/Runner.build/Runner-LinkMap-normal-undefined_arch.txt
               LD_NO_PIE = NO
               LD_QUOTE_LINKER_ARGUMENTS_FOR_COMPILER_DRIVER = YES
               LD_RUNPATH_SEARCH_PATHS =  '@executable_path/Frameworks' '@loader_path/Frameworks' @executable_path/Frameworks
               LD_RUNPATH_SEARCH_PATHS_YES = @loader_path/../Frameworks
               LD_SHARED_CACHE_ELIGIBLE = Automatic
               LD_WARN_DUPLICATE_LIBRARIES = NO
               LD_WARN_UNUSED_DYLIBS = NO
               LEGACY_DEVELOPER_DIR = /Applications/Xcode.app/Contents/PlugIns/Xcode3Core.ideplugin/Contents/SharedSupport/Developer
               LEX = lex
               LIBRARY_DEXT_INSTALL_PATH = /Library/DriverExtensions
               LIBRARY_FLAG_NOSPACE = YES
               LIBRARY_FLAG_PREFIX = -l
               LIBRARY_KEXT_INSTALL_PATH = /Library/Extensions
               LIBRARY_SEARCH_PATHS = /Users/macair/Documents/food_diary/build/ios/Debug-iphoneos 
               LINKER_DISPLAYS_MANGLED_NAMES = NO
               LINK_FILE_LIST_normal_arm64 = /Users/macair/Library/Developer/Xcode/DerivedData/Runner-bawvfuiqbwsmssgqwywwydwipgkc/Build/Intermediates.noindex/Runner.build/Debug-iphoneos/Runner.build/Objects-normal/arm64/Runner.LinkFileList
               LINK_OBJC_RUNTIME = YES
               LINK_WITH_STANDARD_LIBRARIES = YES
               LLVM_TARGET_TRIPLE_OS_VERSION = ios13.0
               LLVM_TARGET_TRIPLE_VENDOR = apple
               LM_AUX_CONST_METADATA_LIST_PATH_normal_arm64 = /Users/macair/Library/Developer/Xcode/DerivedData/Runner-bawvfuiqbwsmssgqwywwydwipgkc/Build/Intermediates.noindex/Runner.build/Debug-iphoneos/Runner.build/Objects-normal/arm64/Runner.SwiftConstValuesFileList
               LOCALIZATION_EXPORT_SUPPORTED = YES
               LOCALIZATION_PREFERS_STRING_CATALOGS = NO
               LOCALIZED_RESOURCES_FOLDER_PATH = Runner.app/en.lproj
               LOCALIZED_STRING_CODE_COMMENTS = NO
               LOCALIZED_STRING_MACRO_NAMES = NSLocalizedString CFCopyLocalizedString
               LOCALIZED_STRING_SWIFTUI_SUPPORT = YES
               LOCAL_ADMIN_APPS_DIR = /Applications/Utilities
               LOCAL_APPS_DIR = /Applications
               LOCAL_DEVELOPER_DIR = /Library/Developer
               LOCAL_LIBRARY_DIR = /Library
               LOCROOT = /Users/macair/Documents/food_diary/ios
               LOCSYMROOT = /Users/macair/Documents/food_diary/ios
               MACH_O_TYPE = mh_execute
               MACOSX_DEPLOYMENT_TARGET = 26.5
               MAC_OS_X_PRODUCT_BUILD_VERSION = 25G5028f
               MAC_OS_X_VERSION_ACTUAL = 260600
               MAC_OS_X_VERSION_MAJOR = 260000
               MAC_OS_X_VERSION_MINOR = 260600
               MAKE_MERGEABLE = NO
               MERGEABLE_LIBRARY = NO
               MERGED_BINARY_TYPE = none
               MERGE_LINKED_LIBRARIES = NO
               METAL_LIBRARY_FILE_BASE = default
               METAL_LIBRARY_OUTPUT_DIR = /Users/macair/Documents/food_diary/build/ios/Debug-iphoneos/Runner.app
               MODULES_FOLDER_PATH = Runner.app/Modules
               MODULE_CACHE_DIR = /Users/macair/Library/Developer/Xcode/DerivedData/ModuleCache.noindex
               MTL_ENABLE_DEBUG_INFO = YES
               NATIVE_ARCH = arm64
               NATIVE_ARCH_32_BIT = arm
               NATIVE_ARCH_64_BIT = arm64
               NATIVE_ARCH_ACTUAL = arm64
               NO_COMMON = YES
               OBJECT_FILE_DIR = /Users/macair/Library/Developer/Xcode/DerivedData/Runner-bawvfuiqbwsmssgqwywwydwipgkc/Build/Intermediates.noindex/Runner.build/Debug-iphoneos/Runner.build/Objects
               OBJECT_FILE_DIR_normal = /Users/macair/Library/Developer/Xcode/DerivedData/Runner-bawvfuiqbwsmssgqwywwydwipgkc/Build/Intermediates.noindex/Runner.build/Debug-iphoneos/Runner.build/Objects-normal
               OBJROOT = /Users/macair/Library/Developer/Xcode/DerivedData/Runner-bawvfuiqbwsmssgqwywwydwipgkc/Build/Intermediates.noindex
               ONLY_ACTIVE_ARCH = NO
               OS = MACOS
               OSAC = /usr/bin/osacompile
               OTHER_MODULE_VERIFIER_FLAGS =  "-F/Users/macair/Documents/food_diary/build/ios/Debug-iphoneos/Flutter"
               PACKAGE_CONFIG = /Users/macair/Documents/food_diary/.dart_tool/package_config.json
               PACKAGE_TYPE = com.apple.package-type.wrapper.application
               PASCAL_STRINGS = YES
               PATH = /Applications/Xcode.app/Contents/SharedFrameworks/SwiftBuild.framework/Versions/A/PlugIns/SWBBuildService.bundle/Contents/PlugIns/SWBUniversalPlatformPlugin.bundle/Contents/Frameworks/SWBUniversalPlatform.framework/Resources:/Applications/Xcode.app/Contents/Developer/Toolchains/XcodeDefault.xctoolchain/usr/bin:/Applications/Xcode.app/Contents/Developer/Toolchains/XcodeDefault.xctoolchain/usr/local/bin:/Applications/Xcode.app/Contents/Developer/Toolchains/XcodeDefault.xctoolchain/usr/libexec:/Applications/Xcode.app/Contents/Developer/Platforms/iPhoneOS.platform/usr/bin:/Applications/Xcode.app/Contents/Developer/Platforms/iPhoneOS.platform/usr/local/bin:/Applications/Xcode.app/Contents/Developer/Platforms/iPhoneOS.platform/Developer/usr/bin:/Applications/Xcode.app/Contents/Developer/Platforms/iPhoneOS.platform/Developer/usr/local/bin:/Applications/Xcode.app/Contents/Developer/usr/bin:/Applications/Xcode.app/Contents/Developer/usr/local/bin:/Users/macair/development/flutter/bin/:/Users/macair/Library/Application Support/Code/User/globalStorage/github.copilot-chat/debugCommand:/Users/macair/Library/Application Support/Code/User/globalStorage/github.copilot-chat/copilotCli:/opt/homebrew/bin:/opt/homebrew/sbin:/usr/local/bin:/System/Cryptexes/App/usr/bin:/usr/bin:/bin:/usr/sbin:/sbin:/var/run/com.apple.security.cryptexd/codex.system/bootstrap/usr/local/bin:/var/run/com.apple.security.cryptexd/codex.system/bootstrap/usr/bin:/var/run/com.apple.security.cryptexd/codex.system/bootstrap/usr/appleinternal/bin:/pkg/env/global/bin:/Library/Apple/usr/bin:/Users/macair/Desktop/coffee trail/flutter/bin:/Users/macair/development/flutter/bin
               PATH_PREFIXES_EXCLUDED_FROM_HEADER_DEPENDENCIES = /usr/include /usr/local/include /System/Library/Frameworks /System/Library/PrivateFrameworks /Applications/Xcode.app/Contents/Developer/Headers /Applications/Xcode.app/Contents/Developer/SDKs /Applications/Xcode.app/Contents/Developer/Platforms
               PBDEVELOPMENTPLIST_PATH = Runner.app/pbdevelopment.plist
               PER_ARCH_MODULE_FILE_DIR = /Users/macair/Library/Developer/Xcode/DerivedData/Runner-bawvfuiqbwsmssgqwywwydwipgkc/Build/Intermediates.noindex/Runner.build/Debug-iphoneos/Runner.build/Objects-normal/undefined_arch
               PER_ARCH_OBJECT_FILE_DIR = /Users/macair/Library/Developer/Xcode/DerivedData/Runner-bawvfuiqbwsmssgqwywwydwipgkc/Build/Intermediates.noindex/Runner.build/Debug-iphoneos/Runner.build/Objects-normal/undefined_arch
               PER_VARIANT_OBJECT_FILE_DIR = /Users/macair/Library/Developer/Xcode/DerivedData/Runner-bawvfuiqbwsmssgqwywwydwipgkc/Build/Intermediates.noindex/Runner.build/Debug-iphoneos/Runner.build/Objects-normal
               PKGINFO_FILE_PATH = /Users/macair/Library/Developer/Xcode/DerivedData/Runner-bawvfuiqbwsmssgqwywwydwipgkc/Build/Intermediates.noindex/Runner.build/Debug-iphoneos/Runner.build/PkgInfo
               PKGINFO_PATH = Runner.app/PkgInfo
               PLATFORM_DEVELOPER_APPLICATIONS_DIR = /Applications/Xcode.app/Contents/Developer/Platforms/iPhoneOS.platform/Developer/Applications
               PLATFORM_DEVELOPER_BIN_DIR = /Applications/Xcode.app/Contents/Developer/Platforms/iPhoneOS.platform/Developer/usr/bin
               PLATFORM_DEVELOPER_LIBRARY_DIR = /Applications/Xcode.app/Contents/Developer/Platforms/iPhoneOS.platform/Developer/Library
               PLATFORM_DEVELOPER_SDK_DIR = /Applications/Xcode.app/Contents/Developer/Platforms/iPhoneOS.platform/Developer/SDKs
               PLATFORM_DEVELOPER_TOOLS_DIR = /Applications/Xcode.app/Contents/Developer/Platforms/iPhoneOS.platform/Developer/Tools
               PLATFORM_DEVELOPER_USR_DIR = /Applications/Xcode.app/Contents/Developer/Platforms/iPhoneOS.platform/Developer/usr
               PLATFORM_DIR = /Applications/Xcode.app/Contents/Developer/Platforms/iPhoneOS.platform
               PLATFORM_DISPLAY_NAME = iOS
               PLATFORM_FAMILY_NAME = iOS
               PLATFORM_NAME = iphoneos
               PLATFORM_PREFERRED_ARCH = arm64
               PLATFORM_PRODUCT_BUILD_VERSION = 23F81a
               PLATFORM_REQUIRES_SWIFT_AUTOLINK_EXTRACT = NO
               PLATFORM_REQUIRES_SWIFT_MODULEWRAP = NO
               PLATFORM_USES_DSYMS = YES
               PLIST_FILE_OUTPUT_FORMAT = binary
               PLUGINS_FOLDER_PATH = Runner.app/PlugIns
               PODS_BUILD_DIR = /Users/macair/Documents/food_diary/build/ios
               PODS_CONFIGURATION_BUILD_DIR = /Users/macair/Documents/food_diary/build/ios/Debug-iphoneos
               PODS_PODFILE_DIR_PATH = /Users/macair/Documents/food_diary/ios/.
               PODS_ROOT = /Users/macair/Documents/food_diary/ios/Pods
               PODS_XCFRAMEWORKS_BUILD_DIR = /Users/macair/Documents/food_diary/build/ios/Debug-iphoneos/XCFrameworkIntermediates
               PRECOMPS_INCLUDE_HEADERS_FROM_BUILT_PRODUCTS_DIR = YES
               PRECOMP_DESTINATION_DIR = /Users/macair/Library/Developer/Xcode/DerivedData/Runner-bawvfuiqbwsmssgqwywwydwipgkc/Build/Intermediates.noindex/Runner.build/Debug-iphoneos/Runner.build/PrefixHeaders
               PRIVATE_HEADERS_FOLDER_PATH = Runner.app/PrivateHeaders
               PROCESSED_INFOPLIST_PATH = /Users/macair/Library/Developer/Xcode/DerivedData/Runner-bawvfuiqbwsmssgqwywwydwipgkc/Build/Intermediates.noindex/Runner.build/Debug-iphoneos/Runner.build/Objects-normal/undefined_arch/Processed-Info.plist
               PRODUCT_BUNDLE_IDENTIFIER = com.dashay.foodiary
               PRODUCT_BUNDLE_PACKAGE_TYPE = APPL
               PRODUCT_MODULE_NAME = Runner
               PRODUCT_NAME = Runner
               PRODUCT_SETTINGS_PATH = /Users/macair/Documents/food_diary/ios/Runner/Info.plist
               PRODUCT_TYPE = com.apple.product-type.application
               PROFILING_CODE = NO
               PROJECT = Runner
               PROJECT_DERIVED_FILE_DIR = /Users/macair/Library/Developer/Xcode/DerivedData/Runner-bawvfuiqbwsmssgqwywwydwipgkc/Build/Intermediates.noindex/Runner.build/DerivedSources
               PROJECT_DIR = /Users/macair/Documents/food_diary/ios
               PROJECT_FILE_PATH = /Users/macair/Documents/food_diary/ios/Runner.xcodeproj
               PROJECT_GUID = 18c1723432283e0cc55f10a6dcfd9e02
               PROJECT_NAME = Runner
               PROJECT_TEMP_DIR = /Users/macair/Library/Developer/Xcode/DerivedData/Runner-bawvfuiqbwsmssgqwywwydwipgkc/Build/Intermediates.noindex/Runner.build
               PROJECT_TEMP_ROOT = /Users/macair/Library/Developer/Xcode/DerivedData/Runner-bawvfuiqbwsmssgqwywwydwipgkc/Build/Intermediates.noindex
               PROVISIONING_PROFILE_REQUIRED = YES
               PROVISIONING_PROFILE_REQUIRED_YES_YES = YES
               PROVISIONING_PROFILE_SUPPORTED = YES
               PUBLIC_HEADERS_FOLDER_PATH = Runner.app/Headers
               RECOMMENDED_IPHONEOS_DEPLOYMENT_TARGET = 15.0
               RECURSIVE_SEARCH_PATHS_FOLLOW_SYMLINKS = YES
               REMOVE_CVS_FROM_RESOURCES = YES
               REMOVE_GIT_FROM_RESOURCES = YES
               REMOVE_HEADERS_FROM_EMBEDDED_BUNDLES = YES
               REMOVE_HG_FROM_RESOURCES = YES
               REMOVE_STATIC_EXECUTABLES_FROM_EMBEDDED_BUNDLES = YES
               REMOVE_SVN_FROM_RESOURCES = YES
               RESCHEDULE_INDEPENDENT_HEADERS_PHASES = YES
               REZ_COLLECTOR_DIR = /Users/macair/Library/Developer/Xcode/DerivedData/Runner-bawvfuiqbwsmssgqwywwydwipgkc/Build/Intermediates.noindex/Runner.build/Debug-iphoneos/Runner.build/ResourceManagerResources
               REZ_OBJECTS_DIR = /Users/macair/Library/Developer/Xcode/DerivedData/Runner-bawvfuiqbwsmssgqwywwydwipgkc/Build/Intermediates.noindex/Runner.build/Debug-iphoneos/Runner.build/ResourceManagerResources/Objects
               REZ_SEARCH_PATHS = /Users/macair/Documents/food_diary/build/ios/Debug-iphoneos 
               RPATH_ORIGIN = @loader_path
               RUNTIME_EXCEPTION_ALLOW_DYLD_ENVIRONMENT_VARIABLES = NO
               RUNTIME_EXCEPTION_ALLOW_JIT = NO
               RUNTIME_EXCEPTION_ALLOW_UNSIGNED_EXECUTABLE_MEMORY = NO
               RUNTIME_EXCEPTION_DEBUGGING_TOOL = NO
               RUNTIME_EXCEPTION_DISABLE_EXECUTABLE_PAGE_PROTECTION = NO
               RUNTIME_EXCEPTION_DISABLE_LIBRARY_VALIDATION = NO
               SCANNING_PCM_KEEP_CACHE_DIRECTORY = YES
               SCAN_ALL_SOURCE_FILES_FOR_INCLUDES = NO
               SCRIPTS_FOLDER_PATH = Runner.app/Scripts
               SDKROOT = /Applications/Xcode.app/Contents/Developer/Platforms/iPhoneOS.platform/Developer/SDKs/iPhoneOS26.5.sdk
               SDK_DIR = /Applications/Xcode.app/Contents/Developer/Platforms/iPhoneOS.platform/Developer/SDKs/iPhoneOS26.5.sdk
               SDK_DIR_iphoneos = /Applications/Xcode.app/Contents/Developer/Platforms/iPhoneOS.platform/Developer/SDKs/iPhoneOS26.5.sdk
               SDK_DIR_iphoneos26_5 = /Applications/Xcode.app/Contents/Developer/Platforms/iPhoneOS.platform/Developer/SDKs/iPhoneOS26.5.sdk
               SDK_NAME = iphoneos26.5
               SDK_NAMES = iphoneos26.5
               SDK_PRODUCT_BUILD_VERSION = 23F81a
               SDK_STAT_CACHE_DIR = /Users/macair/Library/Developer/Xcode/DerivedData
               SDK_STAT_CACHE_ENABLE = YES
               SDK_STAT_CACHE_PATH = /Users/macair/Library/Developer/Xcode/DerivedData/SDKStatCaches.noindex/iphoneos26.5-23F81a-32daed1954a7d5dd0789fcaf2a9bb78b.sdkstatcache
               SDK_VERSION = 26.5
               SDK_VERSION_ACTUAL = 260500
               SDK_VERSION_MAJOR = 260000
               SDK_VERSION_MINOR = 260500
               SED = /usr/bin/sed
               SEPARATE_STRIP = NO
               SEPARATE_SYMBOL_EDIT = NO
               SET_DIR_MODE_OWNER_GROUP = YES
               SET_FILE_MODE_OWNER_GROUP = NO
               SHALLOW_BUNDLE = YES
               SHALLOW_BUNDLE_TRIPLE = ios
               SHALLOW_BUNDLE_ios_macabi = NO
               SHALLOW_BUNDLE_macos = NO
               SHARED_DERIVED_FILE_DIR = /Users/macair/Documents/food_diary/build/ios/Debug-iphoneos/DerivedSources
               SHARED_FRAMEWORKS_FOLDER_PATH = Runner.app/SharedFrameworks
               SHARED_PRECOMPS_DIR = /Users/macair/Library/Developer/Xcode/DerivedData/Runner-bawvfuiqbwsmssgqwywwydwipgkc/Build/Intermediates.noindex/PrecompiledHeaders
               SHARED_SUPPORT_FOLDER_PATH = Runner.app/SharedSupport
               SKIP_INSTALL = NO
               SKIP_MERGEABLE_LIBRARY_BUNDLE_HOOK = NO
               SOURCE_ROOT = /Users/macair/Documents/food_diary/ios
               SRCROOT = /Users/macair/Documents/food_diary/ios
               STRINGSDATA_DIR = /Users/macair/Library/Developer/Xcode/DerivedData/Runner-bawvfuiqbwsmssgqwywwydwipgkc/Build/Intermediates.noindex/Runner.build/Debug-iphoneos/Runner.build/Objects-normal/undefined_arch
               STRINGSDATA_ROOT = /Users/macair/Library/Developer/Xcode/DerivedData/Runner-bawvfuiqbwsmssgqwywwydwipgkc/Build/Intermediates.noindex/Runner.build/Debug-iphoneos/Runner.build
               STRINGS_FILE_INFOPLIST_RENAME = YES
               STRINGS_FILE_OUTPUT_ENCODING = binary
               STRING_CATALOG_GENERATE_SYMBOLS = YES
               STRIP_BITCODE_FROM_COPIED_FILES = YES
               STRIP_INSTALLED_PRODUCT = NO
               STRIP_STYLE = all
               STRIP_SWIFT_SYMBOLS = YES
               SUPPORTED_DEVICE_FAMILIES = 1,2
               SUPPORTED_PLATFORMS = iphoneos iphonesimulator
               SUPPORTS_MACCATALYST = NO
               SUPPORTS_MAC_DESIGNED_FOR_IPHONE_IPAD = YES
               SUPPORTS_ON_DEMAND_RESOURCES = YES
               SUPPORTS_TEXT_BASED_API = NO
               SUPPORTS_XR_DESIGNED_FOR_IPHONE_IPAD = YES
               SUPPRESS_WARNINGS = NO
               SWIFT_EMIT_CONST_VALUE_PROTOCOLS = AnyResolverProviding AppEntity AppEnum AppExtension AppIntent AppIntentsPackage AppShortcutProviding AppShortcutsProvider AppUnionValue AppUnionValueCasesProviding DynamicOptionsProvider EntityQuery ExtensionPointDefining IntentValueQuery Resolver TransientEntity _AssistantIntentsProvider _GenerativeFunctionExtractable _IntentValueRepresentable
               SWIFT_EMIT_LOC_STRINGS = NO
               SWIFT_ENABLE_EXPLICIT_MODULES = YES
               SWIFT_OBJC_BRIDGING_HEADER = Runner/Runner-Bridging-Header.h
               SWIFT_OPTIMIZATION_LEVEL = -Onone
               SWIFT_PLATFORM_TARGET_PREFIX = ios
               SWIFT_RESPONSE_FILE_PATH_normal_arm64 = /Users/macair/Library/Developer/Xcode/DerivedData/Runner-bawvfuiqbwsmssgqwywwydwipgkc/Build/Intermediates.noindex/Runner.build/Debug-iphoneos/Runner.build/Objects-normal/arm64/Runner.SwiftFileList
               SWIFT_VERSION = 5.0
               SYMROOT = /Users/macair/Library/Developer/Xcode/DerivedData/Runner-bawvfuiqbwsmssgqwywwydwipgkc/Build/Products
               SYSTEM_ADMIN_APPS_DIR = /Applications/Utilities
               SYSTEM_APPS_DIR = /Applications
               SYSTEM_CORE_SERVICES_DIR = /System/Library/CoreServices
               SYSTEM_DEMOS_DIR = /Applications/Extras
               SYSTEM_DEVELOPER_APPS_DIR = /Applications/Xcode.app/Contents/Developer/Applications
               SYSTEM_DEVELOPER_BIN_DIR = /Applications/Xcode.app/Contents/Developer/usr/bin
               SYSTEM_DEVELOPER_DEMOS_DIR = /Applications/Xcode.app/Contents/Developer/Applications/Utilities/Built Examples
               SYSTEM_DEVELOPER_DIR = /Applications/Xcode.app/Contents/Developer
               SYSTEM_DEVELOPER_DOC_DIR = /Applications/Xcode.app/Contents/Developer/ADC Reference Library
               SYSTEM_DEVELOPER_GRAPHICS_TOOLS_DIR = /Applications/Xcode.app/Contents/Developer/Applications/Graphics Tools
               SYSTEM_DEVELOPER_JAVA_TOOLS_DIR = /Applications/Xcode.app/Contents/Developer/Applications/Java Tools
               SYSTEM_DEVELOPER_PERFORMANCE_TOOLS_DIR = /Applications/Xcode.app/Contents/Developer/Applications/Performance Tools
               SYSTEM_DEVELOPER_RELEASENOTES_DIR = /Applications/Xcode.app/Contents/Developer/ADC Reference Library/releasenotes
               SYSTEM_DEVELOPER_TOOLS = /Applications/Xcode.app/Contents/Developer/Tools
               SYSTEM_DEVELOPER_TOOLS_DOC_DIR = /Applications/Xcode.app/Contents/Developer/ADC Reference Library/documentation/DeveloperTools
               SYSTEM_DEVELOPER_TOOLS_RELEASENOTES_DIR = /Applications/Xcode.app/Contents/Developer/ADC Reference Library/releasenotes/DeveloperTools
               SYSTEM_DEVELOPER_USR_DIR = /Applications/Xcode.app/Contents/Developer/usr
               SYSTEM_DEVELOPER_UTILITIES_DIR = /Applications/Xcode.app/Contents/Developer/Applications/Utilities
               SYSTEM_DEXT_INSTALL_PATH = /System/Library/DriverExtensions
               SYSTEM_DOCUMENTATION_DIR = /Library/Documentation
               SYSTEM_EXTENSIONS_FOLDER_PATH = Runner.app/SystemExtensions
               SYSTEM_EXTENSIONS_FOLDER_PATH_SHALLOW_BUNDLE_NO = Runner.app/Library/SystemExtensions
               SYSTEM_EXTENSIONS_FOLDER_PATH_SHALLOW_BUNDLE_YES = Runner.app/SystemExtensions
               SYSTEM_KEXT_INSTALL_PATH = /System/Library/Extensions
               SYSTEM_LIBRARY_DIR = /System/Library
               TAPI_DEMANGLE = YES
               TAPI_ENABLE_PROJECT_HEADERS = NO
               TAPI_LANGUAGE = objective-c
               TAPI_LANGUAGE_STANDARD = compiler-default
               TAPI_USE_SRCROOT = YES
               TAPI_VERIFY_MODE = Pedantic
               TARGETED_DEVICE_FAMILY = 1,2
               TARGETNAME = Runner
               TARGET_BUILD_DIR = /Users/macair/Documents/food_diary/build/ios/Debug-iphoneos
               TARGET_NAME = Runner
               TARGET_TEMP_DIR = /Users/macair/Library/Developer/Xcode/DerivedData/Runner-bawvfuiqbwsmssgqwywwydwipgkc/Build/Intermediates.noindex/Runner.build/Debug-iphoneos/Runner.build
               TEMP_DIR = /Users/macair/Library/Developer/Xcode/DerivedData/Runner-bawvfuiqbwsmssgqwywwydwipgkc/Build/Intermediates.noindex/Runner.build/Debug-iphoneos/Runner.build
               TEMP_FILES_DIR = /Users/macair/Library/Developer/Xcode/DerivedData/Runner-bawvfuiqbwsmssgqwywwydwipgkc/Build/Intermediates.noindex/Runner.build/Debug-iphoneos/Runner.build
               TEMP_FILE_DIR = /Users/macair/Library/Developer/Xcode/DerivedData/Runner-bawvfuiqbwsmssgqwywwydwipgkc/Build/Intermediates.noindex/Runner.build/Debug-iphoneos/Runner.build
               TEMP_ROOT = /Users/macair/Library/Developer/Xcode/DerivedData/Runner-bawvfuiqbwsmssgqwywwydwipgkc/Build/Intermediates.noindex
               TEMP_SANDBOX_DIR = /Users/macair/Library/Developer/Xcode/DerivedData/Runner-bawvfuiqbwsmssgqwywwydwipgkc/Build/Intermediates.noindex/TemporaryTaskSandboxes
               TEST_FRAMEWORK_SEARCH_PATHS =  /Applications/Xcode.app/Contents/Developer/Platforms/iPhoneOS.platform/Developer/Library/Frameworks /Applications/Xcode.app/Contents/Developer/Platforms/iPhoneOS.platform/Developer/SDKs/iPhoneOS26.5.sdk/Developer/Library/Frameworks
               TEST_LIBRARY_SEARCH_PATHS =  /Applications/Xcode.app/Contents/Developer/Platforms/iPhoneOS.platform/Developer/usr/lib
               TOOLCHAINS = com.apple.dt.toolchain.XcodeDefault
               TOOLCHAIN_DIR = /Applications/Xcode.app/Contents/Developer/Toolchains/XcodeDefault.xctoolchain
               TRACK_WIDGET_CREATION = true
               TREAT_MISSING_BASELINES_AS_TEST_FAILURES = NO
               TREAT_MISSING_SCRIPT_PHASE_OUTPUTS_AS_ERRORS = NO
               TREE_SHAKE_ICONS = false
               TVOS_DEPLOYMENT_TARGET = 26.5
               UID = 501
               UNINSTALLED_PRODUCTS_DIR = /Users/macair/Library/Developer/Xcode/DerivedData/Runner-bawvfuiqbwsmssgqwywwydwipgkc/Build/Intermediates.noindex/UninstalledProducts
               UNLOCALIZED_RESOURCES_FOLDER_PATH = Runner.app
               UNLOCALIZED_RESOURCES_FOLDER_PATH_SHALLOW_BUNDLE_NO = Runner.app/Resources
               UNLOCALIZED_RESOURCES_FOLDER_PATH_SHALLOW_BUNDLE_YES = Runner.app
               UNSTRIPPED_PRODUCT = NO
               USER = macair
               USER_APPS_DIR = /Users/macair/Applications
               USER_LIBRARY_DIR = /Users/macair/Library
               USE_DYNAMIC_NO_PIC = YES
               USE_HEADERMAP = YES
               USE_HEADER_SYMLINKS = NO
               USE_RECURSIVE_SCRIPT_INPUTS_IN_SCRIPT_PHASES = YES
               VALIDATE_DEVELOPMENT_ASSET_PATHS = YES_ERROR
               VALIDATE_PRODUCT = NO
               VALID_ARCHS = arm64 arm64e armv7 armv7s
               VERBOSE_PBXCP = NO
               VERSIONING_SYSTEM = apple-generic
               VERSIONPLIST_PATH = Runner.app/version.plist
               VERSION_INFO_BUILDER = macair
               VERSION_INFO_FILE = Runner_vers.c
               VERSION_INFO_STRING = "@(#)PROGRAM:Runner  PROJECT:Runner-1"
               WATCHOS_DEPLOYMENT_TARGET = 26.5
               WORKSPACE_DIR = /Users/macair/Documents/food_diary/ios/Runner.xcodeproj
               WRAPPER_EXTENSION = app
               WRAPPER_NAME = Runner.app
               WRAPPER_SUFFIX = .app
               WRAP_ASSET_PACKS_IN_SEPARATE_DIRECTORIES = NO
               XCODE_APP_SUPPORT_DIR = /Applications/Xcode.app/Contents/Developer/Library/Xcode
               XCODE_PRODUCT_BUILD_VERSION = 17F113
               XCODE_VERSION_ACTUAL = 2660
               XCODE_VERSION_MAJOR = 2600
               XCODE_VERSION_MINOR = 2660
               XPCSERVICES_FOLDER_PATH = Runner.app/XPCServices
               XROS_DEPLOYMENT_TARGET = 26.5
               YACC = yacc
               _DISCOVER_COMMAND_LINE_LINKER_INPUTS = YES
               _DISCOVER_COMMAND_LINE_LINKER_INPUTS_INCLUDE_WL = YES
               _LD_MULTIARCH = YES
               _WRAPPER_CONTENTS_DIR_SHALLOW_BUNDLE_NO = /Contents
               _WRAPPER_PARENT_PATH_SHALLOW_BUNDLE_NO = /..
               _WRAPPER_RESOURCES_DIR_SHALLOW_BUNDLE_NO = /Resources
               __DIAGNOSE_DEPRECATED_ARCHS = YES
               __IS_NOT_MACOS = YES
               __IS_NOT_MACOS_macosx = NO
               __IS_NOT_SIMULATOR = YES
               __IS_NOT_SIMULATOR_simulator = NO
               __ORIGINAL_SDK_DEFINED_LLVM_TARGET_TRIPLE_SYS = ios
               arch = undefined_arch
               variant = normal
[   +9 ms] executing: /usr/bin/plutil -convert xml1 -o - /Users/macair/Documents/food_diary/ios/Runner/Info.plist
[  +19 ms] Exit code 0 from: /usr/bin/plutil -convert xml1 -o - /Users/macair/Documents/food_diary/ios/Runner/Info.plist
[        ] <?xml version="1.0" encoding="UTF-8"?>
           <!DOCTYPE plist PUBLIC "-//Apple//DTD PLIST 1.0//EN" "http://www.apple.com/DTDs/PropertyList-1.0.dtd">
           <plist version="1.0">
           <dict>
           	<key>CADisableMinimumFrameDurationOnPhone</key>
           	<true/>
           	<key>CFBundleDevelopmentRegion</key>
           	<string>$(DEVELOPMENT_LANGUAGE)</string>
           	<key>CFBundleDisplayName</key>
           	<string>Food Diary</string>
           	<key>CFBundleExecutable</key>
           	<string>$(EXECUTABLE_NAME)</string>
           	<key>CFBundleIdentifier</key>
           	<string>$(PRODUCT_BUNDLE_IDENTIFIER)</string>
           	<key>CFBundleInfoDictionaryVersion</key>
           	<string>6.0</string>
           	<key>CFBundleName</key>
           	<string>food_diary</string>
           	<key>CFBundlePackageType</key>
           	<string>APPL</string>
           	<key>CFBundleShortVersionString</key>
           	<string>$(FLUTTER_BUILD_NAME)</string>
           	<key>CFBundleSignature</key>
           	<string>????</string>
           	<key>CFBundleVersion</key>
           	<string>$(FLUTTER_BUILD_NUMBER)</string>
           	<key>LSRequiresIPhoneOS</key>
           	<true/>
           	<key>UIApplicationSceneManifest</key>
           	<dict>
           		<key>UIApplicationSupportsMultipleScenes</key>
           		<false/>
           		<key>UISceneConfigurations</key>
           		<dict>
           			<key>UIWindowSceneSessionRoleApplication</key>
           			<array>
           				<dict>
           					<key>UISceneClassName</key>
           					<string>UIWindowScene</string>
           					<key>UISceneConfigurationName</key>
           					<string>flutter</string>
           					<key>UISceneDelegateClassName</key>
           					<string>$(PRODUCT_MODULE_NAME).SceneDelegate</string>
           					<key>UISceneStoryboardFile</key>
           					<string>Main</string>
           				</dict>
           			</array>
           		</dict>
           	</dict>
           	<key>UIApplicationSupportsIndirectInputEvents</key>
           	<true/>
           	<key>UILaunchStoryboardName</key>
           	<string>LaunchScreen</string>
           	<key>UIMainStoryboardFile</key>
           	<string>Main</string>
           	<key>UISupportedInterfaceOrientations</key>
           	<array>
           		<string>UIInterfaceOrientationPortrait</string>
           		<string>UIInterfaceOrientationLandscapeLeft</string>
           		<string>UIInterfaceOrientationLandscapeRight</string>
           	</array>
           	<key>UISupportedInterfaceOrientations~ipad</key>
           	<array>
           		<string>UIInterfaceOrientationPortrait</string>
           		<string>UIInterfaceOrientationPortraitUpsideDown</string>
           		<string>UIInterfaceOrientationLandscapeLeft</string>
           		<string>UIInterfaceOrientationLandscapeRight</string>
           	</array>
           </dict>
           </plist>
[ +111 ms] Building Runner for 00008150-000E7D291199401C
[ +109 ms] executing: xattr -r -d com.apple.FinderInfo /Users/macair/Documents/food_diary
[  +73 ms] executing: xattr -r -d com.apple.provenance /Users/macair/Documents/food_diary
[ +499 ms] Found plugin url_launcher at /Users/macair/.pub-cache/hosted/pub.dev/url_launcher-6.3.2/
[   +1 ms] Found plugin url_launcher_windows at /Users/macair/.pub-cache/hosted/pub.dev/url_launcher_windows-3.1.5/
[   +2 ms] Found plugin url_launcher_web at /Users/macair/.pub-cache/hosted/pub.dev/url_launcher_web-2.4.3/
[   +1 ms] Found plugin url_launcher_macos at /Users/macair/.pub-cache/hosted/pub.dev/url_launcher_macos-3.2.5/
[   +1 ms] Found plugin url_launcher_linux at /Users/macair/.pub-cache/hosted/pub.dev/url_launcher_linux-3.2.2/
[   +1 ms] Found plugin url_launcher_ios at /Users/macair/.pub-cache/hosted/pub.dev/url_launcher_ios-6.4.1/
[   +1 ms] Found plugin url_launcher_android at /Users/macair/.pub-cache/hosted/pub.dev/url_launcher_android-6.3.32/
[   +7 ms] Found plugin shared_preferences at /Users/macair/.pub-cache/hosted/pub.dev/shared_preferences-2.5.5/
[   +1 ms] Found plugin shared_preferences_windows at /Users/macair/.pub-cache/hosted/pub.dev/shared_preferences_windows-2.4.1/
[   +1 ms] Found plugin path_provider_windows at /Users/macair/.pub-cache/hosted/pub.dev/path_provider_windows-2.3.0/
[   +3 ms] Found plugin shared_preferences_web at /Users/macair/.pub-cache/hosted/pub.dev/shared_preferences_web-2.4.3/
[   +2 ms] Found plugin shared_preferences_linux at /Users/macair/.pub-cache/hosted/pub.dev/shared_preferences_linux-2.4.1/
[        ] Found plugin path_provider_linux at /Users/macair/.pub-cache/hosted/pub.dev/path_provider_linux-2.2.2/
[   +5 ms] Found plugin shared_preferences_foundation at /Users/macair/.pub-cache/hosted/pub.dev/shared_preferences_foundation-2.5.6/
[   +2 ms] Found plugin shared_preferences_android at /Users/macair/.pub-cache/hosted/pub.dev/shared_preferences_android-2.4.27/
[  +11 ms] Found plugin image_picker at /Users/macair/.pub-cache/hosted/pub.dev/image_picker-1.2.3/
[   +7 ms] Found plugin image_picker_windows at /Users/macair/.pub-cache/hosted/pub.dev/image_picker_windows-0.2.2/
[  +24 ms] Found plugin file_selector_windows at /Users/macair/.pub-cache/hosted/pub.dev/file_selector_windows-0.9.3+5/
[   +9 ms] Found plugin image_picker_macos at /Users/macair/.pub-cache/hosted/pub.dev/image_picker_macos-0.2.2+1/
[   +6 ms] Found plugin file_selector_macos at /Users/macair/.pub-cache/hosted/pub.dev/file_selector_macos-0.9.5/
[  +14 ms] Found plugin image_picker_linux at /Users/macair/.pub-cache/hosted/pub.dev/image_picker_linux-0.2.2/
[   +1 ms] Found plugin file_selector_linux at /Users/macair/.pub-cache/hosted/pub.dev/file_selector_linux-0.9.4/
[  +15 ms] Found plugin image_picker_ios at /Users/macair/.pub-cache/hosted/pub.dev/image_picker_ios-0.8.13+6/
[   +4 ms] Found plugin image_picker_for_web at /Users/macair/.pub-cache/hosted/pub.dev/image_picker_for_web-3.1.1/
[   +5 ms] Found plugin image_picker_android at /Users/macair/.pub-cache/hosted/pub.dev/image_picker_android-0.8.13+19/
[   +1 ms] Found plugin flutter_plugin_android_lifecycle at /Users/macair/.pub-cache/hosted/pub.dev/flutter_plugin_android_lifecycle-2.0.35/
[   +5 ms] Found plugin path_provider at /Users/macair/.pub-cache/hosted/pub.dev/path_provider-2.1.6/
[   +1 ms] Found plugin path_provider_foundation at /Users/macair/.pub-cache/hosted/pub.dev/path_provider_foundation-2.6.0/
[  +18 ms] Found plugin path_provider_android at /Users/macair/.pub-cache/hosted/pub.dev/path_provider_android-2.3.1/
[   +5 ms] Found plugin jni_flutter at /Users/macair/.pub-cache/hosted/pub.dev/jni_flutter-1.0.1/
[   +2 ms] Found plugin jni at /Users/macair/.pub-cache/hosted/pub.dev/jni-1.0.0/
[   +1 ms] Found plugin geolocator at /Users/macair/.pub-cache/hosted/pub.dev/geolocator-13.0.4/
[   +1 ms] Found plugin geolocator_windows at /Users/macair/.pub-cache/hosted/pub.dev/geolocator_windows-0.2.5/
[   +3 ms] Found plugin geolocator_web at /Users/macair/.pub-cache/hosted/pub.dev/geolocator_web-4.1.4/
[   +1 ms] Found plugin geolocator_apple at /Users/macair/.pub-cache/hosted/pub.dev/geolocator_apple-2.3.14/
[   +1 ms] Found plugin geolocator_android at /Users/macair/.pub-cache/hosted/pub.dev/geolocator_android-4.6.2/
[   +9 ms] Found plugin geocoding at /Users/macair/.pub-cache/hosted/pub.dev/geocoding-3.0.0/
[   +9 ms] Found plugin geocoding_ios at /Users/macair/.pub-cache/hosted/pub.dev/geocoding_ios-3.1.0/
[   +4 ms] Found plugin geocoding_android at /Users/macair/.pub-cache/hosted/pub.dev/geocoding_android-3.3.1/
[ +128 ms] All plugins found for ios are Swift Packages, but your project still has CocoaPods integration. To remove CocoaPods integration, complete the following steps:
             * In the ios/ directory run "pod deintegrate"
             * Also in the ios/ directory, delete the Podfile
             * Remove the include to "Pods/Target Support Files/Pods-Runner/Pods-Runner.debug.xcconfig" in your ios/Flutter/Debug.xcconfig
             * Remove the include to "Pods/Target Support Files/Pods-Runner/Pods-Runner.release.xcconfig" in your ios/Flutter/Release.xcconfig

           Removing CocoaPods integration will improve the project's build time.
[  +18 ms] executing: [/Users/macair/Documents/food_diary/ios/Runner.xcodeproj/] /usr/bin/arch -arm64e xcrun xcodebuild -clonedSourcePackagesDirPath /Users/macair/Documents/food_diary/build/ios/SourcePackages -skipPackageUpdates -skipPackagePluginValidation -skipPackageSignatureValidation -project /Users/macair/Documents/food_diary/ios/Runner.xcodeproj -scheme Runner -configuration Debug -destination id=00008150-000E7D291199401C -showBuildSettings BUILD_DIR=/Users/macair/Documents/food_diary/build/ios
[        ] executing: [/Users/macair/Documents/food_diary/ios/Runner.xcodeproj/] /usr/bin/arch -arm64e xcrun xcodebuild -clonedSourcePackagesDirPath /Users/macair/Documents/food_diary/build/ios/SourcePackages -skipPackageUpdates -skipPackagePluginValidation -skipPackageSignatureValidation -project /Users/macair/Documents/food_diary/ios/Runner.xcodeproj -scheme Runner -configuration Debug -destination id=00008150-000E7D291199401C -showBuildSettings BUILD_DIR=/Users/macair/Documents/food_diary/build/ios
[+6894 ms] Command line invocation:
               /Applications/Xcode.app/Contents/Developer/usr/bin/xcodebuild -clonedSourcePackagesDirPath /Users/macair/Documents/food_diary/build/ios/SourcePackages -skipPackageUpdates -skipPackagePluginValidation -skipPackageSignatureValidation -project /Users/macair/Documents/food_diary/ios/Runner.xcodeproj -scheme Runner -configuration Debug -destination id=00008150-000E7D291199401C -showBuildSettings BUILD_DIR=/Users/macair/Documents/food_diary/build/ios

           Build settings from command line:
               BUILD_DIR = /Users/macair/Documents/food_diary/build/ios

           Resolve Package Graph


           Resolved source packages:
             image_picker_ios: /Users/macair/Documents/food_diary/ios/Flutter/ephemeral/Packages/.packages/image_picker_ios-0.8.13+6 @ local
             url_launcher_ios: /Users/macair/Documents/food_diary/ios/Flutter/ephemeral/Packages/.packages/url_launcher_ios-6.4.1 @ local
             FlutterFramework: /Users/macair/Documents/food_diary/ios/Flutter/ephemeral/Packages/.packages/FlutterFramework @ local
             shared_preferences_foundation: /Users/macair/Documents/food_diary/ios/Flutter/ephemeral/Packages/.packages/shared_preferences_foundation-2.5.6 @ local
             FlutterGeneratedPluginSwiftPackage: /Users/macair/Documents/food_diary/ios/Flutter/ephemeral/Packages/FlutterGeneratedPluginSwiftPackage
             geocoding_ios: /Users/macair/Documents/food_diary/ios/Flutter/ephemeral/Packages/.packages/geocoding_ios-3.1.0 @ local
             geolocator_apple: /Users/macair/Documents/food_diary/ios/Flutter/ephemeral/Packages/.packages/geolocator_apple-2.3.14 @ local

           Build settings for action build and target Runner:
               ACTION = build
               AD_HOC_CODE_SIGNING_ALLOWED = NO
               AGGREGATE_TRACKED_DOMAINS = YES
               ALLOW_BUILD_REQUEST_OVERRIDES = NO
               ALLOW_TARGET_PLATFORM_SPECIALIZATION = NO
               ALTERNATE_GROUP = staff
               ALTERNATE_MODE = u+w,go-w,a+rX
               ALTERNATE_OWNER = macair
               ALTERNATIVE_DISTRIBUTION_WEB = NO
               ALWAYS_EMBED_SWIFT_STANDARD_LIBRARIES = NO
               ALWAYS_SEARCH_USER_PATHS = NO
               ALWAYS_USE_SEPARATE_HEADERMAPS = NO
               APPLICATION_EXTENSION_API_ONLY = NO
               APPLY_RULES_IN_COPY_FILES = NO
               APPLY_RULES_IN_COPY_HEADERS = NO
               APP_SHORTCUTS_ENABLE_FLEXIBLE_MATCHING = YES
               ARCHS = arm64
               ARCHS_BASE = arm64
               ARCHS_STANDARD = arm64
               ARCHS_STANDARD_32_64_BIT = armv7 arm64
               ARCHS_STANDARD_32_BIT = armv7
               ARCHS_STANDARD_64_BIT = arm64
               ARCHS_STANDARD_INCLUDING_64_BIT = arm64
               ARCHS_UNIVERSAL_IPHONE_OS = armv7 arm64
               ASSETCATALOG_COMPILER_APPICON_NAME = AppIcon
               ASSETCATALOG_COMPILER_GENERATE_SWIFT_ASSET_SYMBOL_EXTENSIONS = YES
               ASSETCATALOG_FILTER_FOR_DEVICE_MODEL = iPhone18,2
               ASSETCATALOG_FILTER_FOR_DEVICE_OS_VERSION = 26.6
               ASSETCATALOG_FILTER_FOR_THINNING_DEVICE_CONFIGURATION = iPhone18,2
               AUTOMATICALLY_MERGE_DEPENDENCIES = NO
               AUTOMATION_APPLE_EVENTS = NO
               AVAILABLE_PLATFORMS = android appletvos appletvsimulator driverkit freebsd iphoneos iphonesimulator linux macosx none openbsd qnx watchos watchsimulator webassembly xros xrsimulator
               BUILD_ACTIVE_RESOURCES_ONLY = YES
               BUILD_COMPONENTS = headers build
               BUILD_DIR = /Users/macair/Documents/food_diary/build/ios
               BUILD_LIBRARY_FOR_DISTRIBUTION = NO
               BUILD_ONLY_KNOWN_LOCALIZATIONS = NO
               BUILD_ROOT = /Users/macair/Library/Developer/Xcode/DerivedData/Runner-bawvfuiqbwsmssgqwywwydwipgkc/Build/Products
               BUILD_STYLE = 
               BUILD_VARIANTS = normal
               BUILT_PRODUCTS_DIR = /Users/macair/Documents/food_diary/build/ios/Debug-iphoneos
               BUNDLE_CONTENTS_FOLDER_PATH_deep = Contents/
               BUNDLE_EXECUTABLE_FOLDER_NAME_deep = MacOS
               BUNDLE_EXTENSIONS_FOLDER_PATH = Extensions
               BUNDLE_FORMAT = shallow
               BUNDLE_FRAMEWORKS_FOLDER_PATH = Frameworks
               BUNDLE_PLUGINS_FOLDER_PATH = PlugIns
               BUNDLE_PRIVATE_HEADERS_FOLDER_PATH = PrivateHeaders
               BUNDLE_PUBLIC_HEADERS_FOLDER_PATH = Headers
               CACHE_ROOT = /var/folders/t7/4ns5bn2972v1xz_j79mgwsyw0000gn/C/com.apple.DeveloperTools/26.6-17F113/Xcode
               CCHROOT = /var/folders/t7/4ns5bn2972v1xz_j79mgwsyw0000gn/C/com.apple.DeveloperTools/26.6-17F113/Xcode
               CHMOD = /bin/chmod
               CHOWN = chown
               CLANG_ANALYZER_NONNULL = YES
               CLANG_CACHE_FINE_GRAINED_OUTPUTS = YES
               CLANG_CXX_LANGUAGE_STANDARD = gnu++0x
               CLANG_CXX_LIBRARY = libc++
               CLANG_ENABLE_EXPLICIT_MODULES = YES
               CLANG_ENABLE_MODULES = YES
               CLANG_ENABLE_OBJC_ARC = YES
               CLANG_MODULES_BUILD_SESSION_FILE = /Users/macair/Library/Developer/Xcode/DerivedData/ModuleCache.noindex/Session.modulevalidation
               CLANG_WARN_BLOCK_CAPTURE_AUTORELEASING = YES
               CLANG_WARN_BOOL_CONVERSION = YES
               CLANG_WARN_COMMA = YES
               CLANG_WARN_CONSTANT_CONVERSION = YES
               CLANG_WARN_DEPRECATED_OBJC_IMPLEMENTATIONS = YES
               CLANG_WARN_DIRECT_OBJC_ISA_USAGE = YES_ERROR
               CLANG_WARN_EMPTY_BODY = YES
               CLANG_WARN_ENUM_CONVERSION = YES
               CLANG_WARN_INFINITE_RECURSION = YES
               CLANG_WARN_INT_CONVERSION = YES
               CLANG_WARN_NON_LITERAL_NULL_CONVERSION = YES
               CLANG_WARN_OBJC_IMPLICIT_RETAIN_SELF = YES
               CLANG_WARN_OBJC_LITERAL_CONVERSION = YES
               CLANG_WARN_OBJC_ROOT_CLASS = YES_ERROR
               CLANG_WARN_QUOTED_INCLUDE_IN_FRAMEWORK_HEADER = NO
               CLANG_WARN_RANGE_LOOP_ANALYSIS = YES
               CLANG_WARN_STRICT_PROTOTYPES = YES
               CLANG_WARN_SUSPICIOUS_MOVE = YES
               CLANG_WARN_UNREACHABLE_CODE = YES
               CLANG_WARN__DUPLICATE_METHOD_MATCH = YES
               CLASS_FILE_DIR = /Users/macair/Library/Developer/Xcode/DerivedData/Runner-bawvfuiqbwsmssgqwywwydwipgkc/Build/Intermediates.noindex/Runner.build/Debug-iphoneos/Runner.build/JavaClasses
               CLEAN_PRECOMPS = YES
               CLONE_HEADERS = NO
               COCOAPODS_PARALLEL_CODE_SIGN = true
               CODESIGNING_FOLDER_PATH = /Users/macair/Documents/food_diary/build/ios/Debug-iphoneos/Runner.app
               CODE_SIGNING_ALLOWED = YES
               CODE_SIGNING_REQUIRED = YES
               CODE_SIGN_CONTEXT_CLASS = XCiPhoneOSCodeSignContext
               CODE_SIGN_IDENTITY = iPhone Developer
               CODE_SIGN_INJECT_BASE_ENTITLEMENTS = YES
               COLOR_DIAGNOSTICS = NO
               COMBINE_HIDPI_IMAGES = NO
               COMPILATION_CACHE_CAS_PATH = /Users/macair/Library/Developer/Xcode/DerivedData/CompilationCache.noindex
               COMPILATION_CACHE_KEEP_CAS_DIRECTORY = YES
               COMPILER_INDEX_STORE_ENABLE = Default
               COMPOSITE_SDK_DIRS = /Users/macair/Library/Developer/Xcode/DerivedData/Runner-bawvfuiqbwsmssgqwywwydwipgkc/Build/Intermediates.noindex/CompositeSDKs
               COMPRESS_PNG_FILES = YES
               CONFIGURATION = Debug
               CONFIGURATION_BUILD_DIR = /Users/macair/Documents/food_diary/build/ios/Debug-iphoneos
               CONFIGURATION_TEMP_DIR = /Users/macair/Library/Developer/Xcode/DerivedData/Runner-bawvfuiqbwsmssgqwywwydwipgkc/Build/Intermediates.noindex/Runner.build/Debug-iphoneos
               CONTENTS_FOLDER_PATH = Runner.app
               CONTENTS_FOLDER_PATH_SHALLOW_BUNDLE_NO = Runner.app/Contents
               CONTENTS_FOLDER_PATH_SHALLOW_BUNDLE_YES = Runner.app
               COPYING_PRESERVES_HFS_DATA = NO
               COPY_HEADERS_RUN_UNIFDEF = NO
               COPY_PHASE_STRIP = NO
               CORRESPONDING_SIMULATOR_PLATFORM_DIR = /Applications/Xcode.app/Contents/Developer/Platforms/iPhoneSimulator.platform
               CORRESPONDING_SIMULATOR_PLATFORM_NAME = iphonesimulator
               CORRESPONDING_SIMULATOR_SDK_DIR = /Applications/Xcode.app/Contents/Developer/Platforms/iPhoneSimulator.platform/Developer/SDKs/iPhoneSimulator26.5.sdk
               CORRESPONDING_SIMULATOR_SDK_NAME = iphonesimulator26.5
               CP = /bin/cp
               CREATE_INFOPLIST_SECTION_IN_BINARY = NO
               CURRENT_ARCH = undefined_arch
               CURRENT_PROJECT_VERSION = 1
               CURRENT_VARIANT = normal
               DART_DEFINES = RkxVVFRFUl9WRVJTSU9OPTMuNDQuNA==,RkxVVFRFUl9DSEFOTkVMPXN0YWJsZQ==,RkxVVFRFUl9HSVRfVVJMPWh0dHBzOi8vZ2l0aHViLmNvbS9mbHV0dGVyL2ZsdXR0ZXIuZ2l0,RkxVVFRFUl9GUkFNRVdPUktfUkVWSVNJT049YWQ3MGVjNDYxNw==,RkxVVFRFUl9FTkdJTkVfUkVWSVNJT049YTEwZDhhYzM4ZA==,RkxVVFRFUl9EQVJUX1ZFUlNJT049My4xMi4y
               DART_OBFUSCATION = false
               DEAD_CODE_STRIPPING = YES
               DEBUGGING_SYMBOLS = YES
               DEBUG_INFORMATION_FORMAT = dwarf
               DEBUG_INFORMATION_VERSION = compiler-default
               DEFAULT_COMPILER = com.apple.compilers.llvm.clang.1_0
               DEFAULT_DEXT_INSTALL_PATH = /System/Library/DriverExtensions
               DEFAULT_KEXT_INSTALL_PATH = /System/Library/Extensions
               DEFINES_MODULE = NO
               DEPLOYMENT_LOCATION = NO
               DEPLOYMENT_POSTPROCESSING = NO
               DEPLOYMENT_TARGET_SETTING_NAME = IPHONEOS_DEPLOYMENT_TARGET
               DEPLOYMENT_TARGET_SUGGESTED_VALUES = 12.0 12.1 12.2 12.3 12.4 13.0 13.1 13.2 13.3 13.4 13.5 13.6 14.0 14.1 14.2 14.3 14.4 14.5 14.6 14.7 15.0 15.1 15.2 15.3 15.4 15.5 15.6 16.0 16.1 16.2 16.3 16.4 16.5 16.6 17.0 17.1 17.2 17.3 17.4 17.5 17.6 18.0 18.1 18.2 18.3 18.4 18.5 18.6 26.0 26.2 26.3 26.4 26.5
               DERIVED_FILES_DIR = /Users/macair/Library/Developer/Xcode/DerivedData/Runner-bawvfuiqbwsmssgqwywwydwipgkc/Build/Intermediates.noindex/Runner.build/Debug-iphoneos/Runner.build/DerivedSources
               DERIVED_FILE_DIR = /Users/macair/Library/Developer/Xcode/DerivedData/Runner-bawvfuiqbwsmssgqwywwydwipgkc/Build/Intermediates.noindex/Runner.build/Debug-iphoneos/Runner.build/DerivedSources
               DERIVED_SOURCES_DIR = /Users/macair/Library/Developer/Xcode/DerivedData/Runner-bawvfuiqbwsmssgqwywwydwipgkc/Build/Intermediates.noindex/Runner.build/Debug-iphoneos/Runner.build/DerivedSources
               DERIVE_MACCATALYST_PRODUCT_BUNDLE_IDENTIFIER = NO
               DEVELOPER_APPLICATIONS_DIR = /Applications/Xcode.app/Contents/Developer/Applications
               DEVELOPER_BIN_DIR = /Applications/Xcode.app/Contents/Developer/usr/bin
               DEVELOPER_DIR = /Applications/Xcode.app/Contents/Developer
               DEVELOPER_FRAMEWORKS_DIR = /Applications/Xcode.app/Contents/Developer/Library/Frameworks
               DEVELOPER_FRAMEWORKS_DIR_QUOTED = /Applications/Xcode.app/Contents/Developer/Library/Frameworks
               DEVELOPER_LIBRARY_DIR = /Applications/Xcode.app/Contents/Developer/Library
               DEVELOPER_SDK_DIR = /Applications/Xcode.app/Contents/Developer/Platforms/MacOSX.platform/Developer/SDKs
               DEVELOPER_TOOLS_DIR = /Applications/Xcode.app/Contents/Developer/Tools
               DEVELOPER_USR_DIR = /Applications/Xcode.app/Contents/Developer/usr
               DEVELOPMENT_LANGUAGE = en
               DEVELOPMENT_TEAM = 4ZVUAHH827
               DIAGNOSE_MISSING_TARGET_DEPENDENCIES = YES
               DIFF = /usr/bin/diff
               DOCUMENTATION_FOLDER_PATH = Runner.app/en.lproj/Documentation
               DONT_GENERATE_INFOPLIST_FILE = NO
               DRIVERKIT_DEPLOYMENT_TARGET = 25.5
               DSTROOT = /tmp/Runner.dst
               DT_TOOLCHAIN_DIR = /Applications/Xcode.app/Contents/Developer/Toolchains/XcodeDefault.xctoolchain
               DUMP_DEPENDENCIES = NO
               DUMP_DEPENDENCIES_OUTPUT_PATH = /Users/macair/Library/Developer/Xcode/DerivedData/Runner-bawvfuiqbwsmssgqwywwydwipgkc/Build/Intermediates.noindex/Runner.build/Debug-iphoneos/Runner.build/Runner-BuildDependencyInfo.json
               DWARF_DSYM_FILE_NAME = Runner.app.dSYM
               DWARF_DSYM_FILE_SHOULD_ACCOMPANY_PRODUCT = NO
               DWARF_DSYM_FOLDER_PATH = /Users/macair/Documents/food_diary/build/ios/Debug-iphoneos
               DYNAMIC_LIBRARY_EXTENSION = dylib
               EAGER_COMPILATION_ALLOW_SCRIPTS = NO
               EAGER_LINKING = NO
               EFFECTIVE_PLATFORM_NAME = -iphoneos
               EFFECTIVE_SWIFT_VERSION = 5
               EMBEDDED_CONTENT_CONTAINS_SWIFT = NO
               EMBEDDED_PROFILE_NAME = embedded.mobileprovision
               EMBED_ASSET_PACKS_IN_PRODUCT_BUNDLE = NO
               ENABLE_APP_SANDBOX = NO
               ENABLE_BITCODE = NO
               ENABLE_CODE_COVERAGE = YES
               ENABLE_COHORT_ARCHS = NO
               ENABLE_CPLUSPLUS_BOUNDS_SAFE_BUFFERS = NO
               ENABLE_C_BOUNDS_SAFETY = NO
               ENABLE_DEBUG_DYLIB = YES
               ENABLE_DEFAULT_HEADER_SEARCH_PATHS = YES
               ENABLE_DEFAULT_SEARCH_PATHS = YES
               ENABLE_ENHANCED_SECURITY = NO
               ENABLE_HARDENED_RUNTIME = NO
               ENABLE_HEADER_DEPENDENCIES = YES
               ENABLE_INCOMING_NETWORK_CONNECTIONS = NO
               ENABLE_ON_DEMAND_RESOURCES = YES
               ENABLE_OUTGOING_NETWORK_CONNECTIONS = NO
               ENABLE_POINTER_AUTHENTICATION = NO
               ENABLE_RESOURCE_ACCESS_AUDIO_INPUT = NO
               ENABLE_RESOURCE_ACCESS_BLUETOOTH = NO
               ENABLE_RESOURCE_ACCESS_CALENDARS = NO
               ENABLE_RESOURCE_ACCESS_CAMERA = NO
               ENABLE_RESOURCE_ACCESS_CONTACTS = NO
               ENABLE_RESOURCE_ACCESS_LOCATION = NO
               ENABLE_RESOURCE_ACCESS_PHOTO_LIBRARY = NO
               ENABLE_RESOURCE_ACCESS_PRINTING = NO
               ENABLE_RESOURCE_ACCESS_USB = NO
               ENABLE_SDK_IMPORTS = NO
               ENABLE_SECURITY_COMPILER_WARNINGS = NO
               ENABLE_STRICT_OBJC_MSGSEND = YES
               ENABLE_TESTABILITY = YES
               ENABLE_TESTING_SEARCH_PATHS = NO
               ENABLE_USER_SCRIPT_SANDBOXING = NO
               ENFORCE_VALID_ARCHS = YES
               ENTITLEMENTS_ALLOWED = YES
               ENTITLEMENTS_DESTINATION = Signature
               ENTITLEMENTS_REQUIRED = NO
               EXCLUDED_ARCHS = armv7
               EXCLUDED_INSTALLSRC_SUBDIRECTORY_PATTERNS = .DS_Store .svn .git .hg CVS
               EXCLUDED_RECURSIVE_SEARCH_PATH_SUBDIRECTORIES = *.nib *.lproj *.framework *.gch *.xcode* *.xcassets *.icon (*) .DS_Store CVS .svn .git .hg *.pbproj *.pbxproj
               EXECUTABLES_FOLDER_PATH = Runner.app/Executables
               EXECUTABLE_FOLDER_PATH = Runner.app
               EXECUTABLE_FOLDER_PATH_SHALLOW_BUNDLE_NO = Runner.app/MacOS
               EXECUTABLE_FOLDER_PATH_SHALLOW_BUNDLE_YES = Runner.app
               EXECUTABLE_NAME = Runner
               EXECUTABLE_PATH = Runner.app/Runner
               EXTENSIONS_FOLDER_PATH = Runner.app/Extensions
               FILE_LIST = /Users/macair/Library/Developer/Xcode/DerivedData/Runner-bawvfuiqbwsmssgqwywwydwipgkc/Build/Intermediates.noindex/Runner.build/Debug-iphoneos/Runner.build/Objects/LinkFileList
               FIXED_FILES_DIR = /Users/macair/Library/Developer/Xcode/DerivedData/Runner-bawvfuiqbwsmssgqwywwydwipgkc/Build/Intermediates.noindex/Runner.build/Debug-iphoneos/Runner.build/FixedFiles
               FLUTTER_APPLICATION_PATH = /Users/macair/Documents/food_diary
               FLUTTER_BUILD_DIR = build
               FLUTTER_BUILD_NAME = 1.0.0
               FLUTTER_BUILD_NUMBER = 1
               FLUTTER_FRAMEWORK_SWIFT_PACKAGE_PATH = /Users/macair/Documents/food_diary/ios/Flutter/ephemeral/Packages/.packages/FlutterFramework
               FLUTTER_ROOT = /Users/macair/development/flutter
               FLUTTER_TARGET = /Users/macair/Documents/food_diary/lib/main.dart
               FRAMEWORKS_FOLDER_PATH = Runner.app/Frameworks
               FRAMEWORK_FLAG_PREFIX = -framework
               FRAMEWORK_SEARCH_PATHS = /Users/macair/Documents/food_diary/build/ios/Debug-iphoneos 
               FRAMEWORK_VERSION = A
               FULL_PRODUCT_NAME = Runner.app
               FUSE_BUILD_PHASES = YES
               FUSE_BUILD_SCRIPT_PHASES = NO
               GCC3_VERSION = 3.3
               GCC_C_LANGUAGE_STANDARD = gnu99
               GCC_DYNAMIC_NO_PIC = NO
               GCC_INLINES_ARE_PRIVATE_EXTERN = YES
               GCC_NO_COMMON_BLOCKS = YES
               GCC_OPTIMIZATION_LEVEL = 0
               GCC_PFE_FILE_C_DIALECTS = c objective-c c++ objective-c++
               GCC_PREPROCESSOR_DEFINITIONS = DEBUG=1  COCOAPODS=1
               GCC_SYMBOLS_PRIVATE_EXTERN = NO
               GCC_THUMB_SUPPORT = YES
               GCC_TREAT_WARNINGS_AS_ERRORS = NO
               GCC_VERSION = com.apple.compilers.llvm.clang.1_0
               GCC_VERSION_IDENTIFIER = com_apple_compilers_llvm_clang_1_0
               GCC_WARN_64_TO_32_BIT_CONVERSION = YES
               GCC_WARN_ABOUT_RETURN_TYPE = YES_ERROR
               GCC_WARN_UNDECLARED_SELECTOR = YES
               GCC_WARN_UNINITIALIZED_AUTOS = YES_AGGRESSIVE
               GCC_WARN_UNUSED_FUNCTION = YES
               GCC_WARN_UNUSED_VARIABLE = YES
               GENERATED_MODULEMAP_DIR = /Users/macair/Library/Developer/Xcode/DerivedData/Runner-bawvfuiqbwsmssgqwywwydwipgkc/Build/Intermediates.noindex/GeneratedModuleMaps-iphoneos
               GENERATE_INFOPLIST_FILE = NO
               GENERATE_INTERMEDIATE_TEXT_BASED_STUBS = YES
               GENERATE_PKGINFO_FILE = YES
               GENERATE_PRELINK_OBJECT_FILE = NO
               GENERATE_PROFILING_CODE = NO
               GENERATE_TEXT_BASED_STUBS = NO
               GID = 20
               GROUP = staff
               HEADERMAP_INCLUDES_FLAT_ENTRIES_FOR_TARGET_BEING_BUILT = YES
               HEADERMAP_INCLUDES_FRAMEWORK_ENTRIES_FOR_ALL_PRODUCT_TYPES = YES
               HEADERMAP_INCLUDES_FRAMEWORK_ENTRIES_FOR_TARGETS_NOT_BEING_BUILT = YES
               HEADERMAP_INCLUDES_NONPUBLIC_NONPRIVATE_HEADERS = YES
               HEADERMAP_INCLUDES_PROJECT_HEADERS = YES
               HEADERMAP_USES_FRAMEWORK_PREFIX_ENTRIES = YES
               HEADERMAP_USES_VFS = NO
               HEADER_SEARCH_PATHS = /Users/macair/Documents/food_diary/build/ios/Debug-iphoneos/include 
               HOME = /Users/macair
               HOST_ARCH = arm64
               HOST_PLATFORM = macosx
               ICONV = /usr/bin/iconv
               IMPLICIT_DEPENDENCY_DOMAIN = default
               INDEX_STORE_COMPRESS = NO
               INDEX_STORE_ONLY_PROJECT_FILES = NO
               INFOPLIST_ENABLE_CFBUNDLEICONS_MERGE = YES
               INFOPLIST_EXPAND_BUILD_SETTINGS = YES
               INFOPLIST_FILE = Runner/Info.plist
               INFOPLIST_OUTPUT_FORMAT = binary
               INFOPLIST_PATH = Runner.app/Info.plist
               INFOPLIST_PREPROCESS = NO
               INFOSTRINGS_PATH = Runner.app/en.lproj/InfoPlist.strings
               INLINE_PRIVATE_FRAMEWORKS = NO
               INSTALLAPI_IGNORE_SKIP_INSTALL = YES
               INSTALLHDRS_COPY_PHASE = NO
               INSTALLHDRS_SCRIPT_PHASE = NO
               INSTALL_DIR = /tmp/Runner.dst/Applications
               INSTALL_GROUP = staff
               INSTALL_MODE_FLAG = u+w,go-w,a+rX
               INSTALL_OWNER = macair
               INSTALL_PATH = /Applications
               INSTALL_ROOT = /tmp/Runner.dst
               IPHONEOS_DEPLOYMENT_TARGET = 13.0
               IS_UNOPTIMIZED_BUILD = YES
               JAVAC_DEFAULT_FLAGS = -J-Xms64m -J-XX:NewSize=4M -J-Dfile.encoding=UTF8
               JAVA_APP_STUB = /System/Library/Frameworks/JavaVM.framework/Resources/MacOS/JavaApplicationStub
               JAVA_ARCHIVE_CLASSES = YES
               JAVA_ARCHIVE_TYPE = JAR
               JAVA_COMPILER = /usr/bin/javac
               JAVA_FOLDER_PATH = Runner.app/Java
               JAVA_FRAMEWORK_RESOURCES_DIRS = Resources
               JAVA_JAR_FLAGS = cv
               JAVA_SOURCE_SUBDIR = .
               JAVA_USE_DEPENDENCIES = YES
               JAVA_ZIP_FLAGS = -urg
               JIKES_DEFAULT_FLAGS = +E +OLDCSO
               KASAN_CFLAGS_CLASSIC = -DKASAN=1 -DKASAN_CLASSIC=1 -fsanitize=address -mllvm -asan-globals-live-support -mllvm -asan-force-dynamic-shadow
               KASAN_CFLAGS_TBI = -DKASAN=1 -DKASAN_TBI=1 -fsanitize=kernel-hwaddress -mllvm -hwasan-recover=0 -mllvm -hwasan-instrument-atomics=0 -mllvm -hwasan-instrument-stack=1 -mllvm -hwasan-generate-tags-with-calls=1 -mllvm -hwasan-instrument-with-calls=1 -mllvm -hwasan-use-short-granules=0 -mllvm -hwasan-memory-access-callback-prefix=__asan_
               KASAN_DEFAULT_CFLAGS = -DKASAN=1 -DKASAN_CLASSIC=1 -fsanitize=address -mllvm -asan-globals-live-support -mllvm -asan-force-dynamic-shadow
               KEEP_PRIVATE_EXTERNS = NO
               LD_DEPENDENCY_INFO_FILE = /Users/macair/Library/Developer/Xcode/DerivedData/Runner-bawvfuiqbwsmssgqwywwydwipgkc/Build/Intermediates.noindex/Runner.build/Debug-iphoneos/Runner.build/Objects-normal/undefined_arch/Runner_dependency_info.dat
               LD_EXPORT_SYMBOLS = YES
               LD_GENERATE_MAP_FILE = NO
               LD_MAP_FILE_PATH = /Users/macair/Library/Developer/Xcode/DerivedData/Runner-bawvfuiqbwsmssgqwywwydwipgkc/Build/Intermediates.noindex/Runner.build/Debug-iphoneos/Runner.build/Runner-LinkMap-normal-undefined_arch.txt
               LD_NO_PIE = NO
               LD_QUOTE_LINKER_ARGUMENTS_FOR_COMPILER_DRIVER = YES
               LD_RUNPATH_SEARCH_PATHS =  '@executable_path/Frameworks' '@loader_path/Frameworks' @executable_path/Frameworks
               LD_RUNPATH_SEARCH_PATHS_YES = @loader_path/../Frameworks
               LD_SHARED_CACHE_ELIGIBLE = Automatic
               LD_WARN_DUPLICATE_LIBRARIES = NO
               LD_WARN_UNUSED_DYLIBS = NO
               LEGACY_DEVELOPER_DIR = /Applications/Xcode.app/Contents/PlugIns/Xcode3Core.ideplugin/Contents/SharedSupport/Developer
               LEX = lex
               LIBRARY_DEXT_INSTALL_PATH = /Library/DriverExtensions
               LIBRARY_FLAG_NOSPACE = YES
               LIBRARY_FLAG_PREFIX = -l
               LIBRARY_KEXT_INSTALL_PATH = /Library/Extensions
               LIBRARY_SEARCH_PATHS = /Users/macair/Documents/food_diary/build/ios/Debug-iphoneos 
               LINKER_DISPLAYS_MANGLED_NAMES = NO
               LINK_FILE_LIST_normal_arm64 = /Users/macair/Library/Developer/Xcode/DerivedData/Runner-bawvfuiqbwsmssgqwywwydwipgkc/Build/Intermediates.noindex/Runner.build/Debug-iphoneos/Runner.build/Objects-normal/arm64/Runner.LinkFileList
               LINK_OBJC_RUNTIME = YES
               LINK_WITH_STANDARD_LIBRARIES = YES
               LLVM_TARGET_TRIPLE_OS_VERSION = ios13.0
               LLVM_TARGET_TRIPLE_VENDOR = apple
               LM_AUX_CONST_METADATA_LIST_PATH_normal_arm64 = /Users/macair/Library/Developer/Xcode/DerivedData/Runner-bawvfuiqbwsmssgqwywwydwipgkc/Build/Intermediates.noindex/Runner.build/Debug-iphoneos/Runner.build/Objects-normal/arm64/Runner.SwiftConstValuesFileList
               LOCALIZATION_EXPORT_SUPPORTED = YES
               LOCALIZATION_PREFERS_STRING_CATALOGS = NO
               LOCALIZED_RESOURCES_FOLDER_PATH = Runner.app/en.lproj
               LOCALIZED_STRING_CODE_COMMENTS = NO
               LOCALIZED_STRING_MACRO_NAMES = NSLocalizedString CFCopyLocalizedString
               LOCALIZED_STRING_SWIFTUI_SUPPORT = YES
               LOCAL_ADMIN_APPS_DIR = /Applications/Utilities
               LOCAL_APPS_DIR = /Applications
               LOCAL_DEVELOPER_DIR = /Library/Developer
               LOCAL_LIBRARY_DIR = /Library
               LOCROOT = /Users/macair/Documents/food_diary/ios
               LOCSYMROOT = /Users/macair/Documents/food_diary/ios
               MACH_O_TYPE = mh_execute
               MACOSX_DEPLOYMENT_TARGET = 26.5
               MAC_OS_X_PRODUCT_BUILD_VERSION = 25G5028f
               MAC_OS_X_VERSION_ACTUAL = 260600
               MAC_OS_X_VERSION_MAJOR = 260000
               MAC_OS_X_VERSION_MINOR = 260600
               MAKE_MERGEABLE = NO
               MERGEABLE_LIBRARY = NO
               MERGED_BINARY_TYPE = none
               MERGE_LINKED_LIBRARIES = NO
               METAL_LIBRARY_FILE_BASE = default
               METAL_LIBRARY_OUTPUT_DIR = /Users/macair/Documents/food_diary/build/ios/Debug-iphoneos/Runner.app
               MODULES_FOLDER_PATH = Runner.app/Modules
               MODULE_CACHE_DIR = /Users/macair/Library/Developer/Xcode/DerivedData/ModuleCache.noindex
               MTL_ENABLE_DEBUG_INFO = YES
               NATIVE_ARCH = arm64
               NATIVE_ARCH_32_BIT = arm
               NATIVE_ARCH_64_BIT = arm64
               NATIVE_ARCH_ACTUAL = arm64
               NO_COMMON = YES
               OBJECT_FILE_DIR = /Users/macair/Library/Developer/Xcode/DerivedData/Runner-bawvfuiqbwsmssgqwywwydwipgkc/Build/Intermediates.noindex/Runner.build/Debug-iphoneos/Runner.build/Objects
               OBJECT_FILE_DIR_normal = /Users/macair/Library/Developer/Xcode/DerivedData/Runner-bawvfuiqbwsmssgqwywwydwipgkc/Build/Intermediates.noindex/Runner.build/Debug-iphoneos/Runner.build/Objects-normal
               OBJROOT = /Users/macair/Library/Developer/Xcode/DerivedData/Runner-bawvfuiqbwsmssgqwywwydwipgkc/Build/Intermediates.noindex
               ONLY_ACTIVE_ARCH = YES
               OS = MACOS
               OSAC = /usr/bin/osacompile
               OTHER_MODULE_VERIFIER_FLAGS =  "-F/Users/macair/Documents/food_diary/build/ios/Debug-iphoneos/Flutter"
               PACKAGE_CONFIG = /Users/macair/Documents/food_diary/.dart_tool/package_config.json
               PACKAGE_TYPE = com.apple.package-type.wrapper.application
               PASCAL_STRINGS = YES
               PATH = /Applications/Xcode.app/Contents/SharedFrameworks/SwiftBuild.framework/Versions/A/PlugIns/SWBBuildService.bundle/Contents/PlugIns/SWBUniversalPlatformPlugin.bundle/Contents/Frameworks/SWBUniversalPlatform.framework/Resources:/Applications/Xcode.app/Contents/Developer/Toolchains/XcodeDefault.xctoolchain/usr/bin:/Applications/Xcode.app/Contents/Developer/Toolchains/XcodeDefault.xctoolchain/usr/local/bin:/Applications/Xcode.app/Contents/Developer/Toolchains/XcodeDefault.xctoolchain/usr/libexec:/Applications/Xcode.app/Contents/Developer/Platforms/iPhoneOS.platform/usr/bin:/Applications/Xcode.app/Contents/Developer/Platforms/iPhoneOS.platform/usr/local/bin:/Applications/Xcode.app/Contents/Developer/Platforms/iPhoneOS.platform/Developer/usr/bin:/Applications/Xcode.app/Contents/Developer/Platforms/iPhoneOS.platform/Developer/usr/local/bin:/Applications/Xcode.app/Contents/Developer/usr/bin:/Applications/Xcode.app/Contents/Developer/usr/local/bin:/Users/macair/development/flutter/bin/:/Users/macair/Library/Application Support/Code/User/globalStorage/github.copilot-chat/debugCommand:/Users/macair/Library/Application Support/Code/User/globalStorage/github.copilot-chat/copilotCli:/opt/homebrew/bin:/opt/homebrew/sbin:/usr/local/bin:/System/Cryptexes/App/usr/bin:/usr/bin:/bin:/usr/sbin:/sbin:/var/run/com.apple.security.cryptexd/codex.system/bootstrap/usr/local/bin:/var/run/com.apple.security.cryptexd/codex.system/bootstrap/usr/bin:/var/run/com.apple.security.cryptexd/codex.system/bootstrap/usr/appleinternal/bin:/pkg/env/global/bin:/Library/Apple/usr/bin:/Users/macair/Desktop/coffee trail/flutter/bin:/Users/macair/development/flutter/bin
               PATH_PREFIXES_EXCLUDED_FROM_HEADER_DEPENDENCIES = /usr/include /usr/local/include /System/Library/Frameworks /System/Library/PrivateFrameworks /Applications/Xcode.app/Contents/Developer/Headers /Applications/Xcode.app/Contents/Developer/SDKs /Applications/Xcode.app/Contents/Developer/Platforms
               PBDEVELOPMENTPLIST_PATH = Runner.app/pbdevelopment.plist
               PER_ARCH_MODULE_FILE_DIR = /Users/macair/Library/Developer/Xcode/DerivedData/Runner-bawvfuiqbwsmssgqwywwydwipgkc/Build/Intermediates.noindex/Runner.build/Debug-iphoneos/Runner.build/Objects-normal/undefined_arch
               PER_ARCH_OBJECT_FILE_DIR = /Users/macair/Library/Developer/Xcode/DerivedData/Runner-bawvfuiqbwsmssgqwywwydwipgkc/Build/Intermediates.noindex/Runner.build/Debug-iphoneos/Runner.build/Objects-normal/undefined_arch
               PER_VARIANT_OBJECT_FILE_DIR = /Users/macair/Library/Developer/Xcode/DerivedData/Runner-bawvfuiqbwsmssgqwywwydwipgkc/Build/Intermediates.noindex/Runner.build/Debug-iphoneos/Runner.build/Objects-normal
               PKGINFO_FILE_PATH = /Users/macair/Library/Developer/Xcode/DerivedData/Runner-bawvfuiqbwsmssgqwywwydwipgkc/Build/Intermediates.noindex/Runner.build/Debug-iphoneos/Runner.build/PkgInfo
               PKGINFO_PATH = Runner.app/PkgInfo
               PLATFORM_DEVELOPER_APPLICATIONS_DIR = /Applications/Xcode.app/Contents/Developer/Platforms/iPhoneOS.platform/Developer/Applications
               PLATFORM_DEVELOPER_BIN_DIR = /Applications/Xcode.app/Contents/Developer/Platforms/iPhoneOS.platform/Developer/usr/bin
               PLATFORM_DEVELOPER_LIBRARY_DIR = /Applications/Xcode.app/Contents/Developer/Platforms/iPhoneOS.platform/Developer/Library
               PLATFORM_DEVELOPER_SDK_DIR = /Applications/Xcode.app/Contents/Developer/Platforms/iPhoneOS.platform/Developer/SDKs
               PLATFORM_DEVELOPER_TOOLS_DIR = /Applications/Xcode.app/Contents/Developer/Platforms/iPhoneOS.platform/Developer/Tools
               PLATFORM_DEVELOPER_USR_DIR = /Applications/Xcode.app/Contents/Developer/Platforms/iPhoneOS.platform/Developer/usr
               PLATFORM_DIR = /Applications/Xcode.app/Contents/Developer/Platforms/iPhoneOS.platform
               PLATFORM_DISPLAY_NAME = iOS
               PLATFORM_FAMILY_NAME = iOS
               PLATFORM_NAME = iphoneos
               PLATFORM_PREFERRED_ARCH = arm64
               PLATFORM_PRODUCT_BUILD_VERSION = 23F81a
               PLATFORM_REQUIRES_SWIFT_AUTOLINK_EXTRACT = NO
               PLATFORM_REQUIRES_SWIFT_MODULEWRAP = NO
               PLATFORM_USES_DSYMS = YES
               PLIST_FILE_OUTPUT_FORMAT = binary
               PLUGINS_FOLDER_PATH = Runner.app/PlugIns
               PODS_BUILD_DIR = /Users/macair/Documents/food_diary/build/ios
               PODS_CONFIGURATION_BUILD_DIR = /Users/macair/Documents/food_diary/build/ios/Debug-iphoneos
               PODS_PODFILE_DIR_PATH = /Users/macair/Documents/food_diary/ios/.
               PODS_ROOT = /Users/macair/Documents/food_diary/ios/Pods
               PODS_XCFRAMEWORKS_BUILD_DIR = /Users/macair/Documents/food_diary/build/ios/Debug-iphoneos/XCFrameworkIntermediates
               PRECOMPS_INCLUDE_HEADERS_FROM_BUILT_PRODUCTS_DIR = YES
               PRECOMP_DESTINATION_DIR = /Users/macair/Library/Developer/Xcode/DerivedData/Runner-bawvfuiqbwsmssgqwywwydwipgkc/Build/Intermediates.noindex/Runner.build/Debug-iphoneos/Runner.build/PrefixHeaders
               PRIVATE_HEADERS_FOLDER_PATH = Runner.app/PrivateHeaders
               PROCESSED_INFOPLIST_PATH = /Users/macair/Library/Developer/Xcode/DerivedData/Runner-bawvfuiqbwsmssgqwywwydwipgkc/Build/Intermediates.noindex/Runner.build/Debug-iphoneos/Runner.build/Objects-normal/undefined_arch/Processed-Info.plist
               PRODUCT_BUNDLE_IDENTIFIER = com.dashay.foodiary
               PRODUCT_BUNDLE_PACKAGE_TYPE = APPL
               PRODUCT_MODULE_NAME = Runner
               PRODUCT_NAME = Runner
               PRODUCT_SETTINGS_PATH = /Users/macair/Documents/food_diary/ios/Runner/Info.plist
               PRODUCT_TYPE = com.apple.product-type.application
               PROFILING_CODE = NO
               PROJECT = Runner
               PROJECT_DERIVED_FILE_DIR = /Users/macair/Library/Developer/Xcode/DerivedData/Runner-bawvfuiqbwsmssgqwywwydwipgkc/Build/Intermediates.noindex/Runner.build/DerivedSources
               PROJECT_DIR = /Users/macair/Documents/food_diary/ios
               PROJECT_FILE_PATH = /Users/macair/Documents/food_diary/ios/Runner.xcodeproj
               PROJECT_GUID = 18c1723432283e0cc55f10a6dcfd9e02
               PROJECT_NAME = Runner
               PROJECT_TEMP_DIR = /Users/macair/Library/Developer/Xcode/DerivedData/Runner-bawvfuiqbwsmssgqwywwydwipgkc/Build/Intermediates.noindex/Runner.build
               PROJECT_TEMP_ROOT = /Users/macair/Library/Developer/Xcode/DerivedData/Runner-bawvfuiqbwsmssgqwywwydwipgkc/Build/Intermediates.noindex
               PROVISIONING_PROFILE_REQUIRED = YES
               PROVISIONING_PROFILE_REQUIRED_YES_YES = YES
               PROVISIONING_PROFILE_SUPPORTED = YES
               PUBLIC_HEADERS_FOLDER_PATH = Runner.app/Headers
               RECOMMENDED_IPHONEOS_DEPLOYMENT_TARGET = 15.0
               RECURSIVE_SEARCH_PATHS_FOLLOW_SYMLINKS = YES
               REMOVE_CVS_FROM_RESOURCES = YES
               REMOVE_GIT_FROM_RESOURCES = YES
               REMOVE_HEADERS_FROM_EMBEDDED_BUNDLES = YES
               REMOVE_HG_FROM_RESOURCES = YES
               REMOVE_STATIC_EXECUTABLES_FROM_EMBEDDED_BUNDLES = YES
               REMOVE_SVN_FROM_RESOURCES = YES
               RESCHEDULE_INDEPENDENT_HEADERS_PHASES = YES
               REZ_COLLECTOR_DIR = /Users/macair/Library/Developer/Xcode/DerivedData/Runner-bawvfuiqbwsmssgqwywwydwipgkc/Build/Intermediates.noindex/Runner.build/Debug-iphoneos/Runner.build/ResourceManagerResources
               REZ_OBJECTS_DIR = /Users/macair/Library/Developer/Xcode/DerivedData/Runner-bawvfuiqbwsmssgqwywwydwipgkc/Build/Intermediates.noindex/Runner.build/Debug-iphoneos/Runner.build/ResourceManagerResources/Objects
               REZ_SEARCH_PATHS = /Users/macair/Documents/food_diary/build/ios/Debug-iphoneos 
               RPATH_ORIGIN = @loader_path
               RUNTIME_EXCEPTION_ALLOW_DYLD_ENVIRONMENT_VARIABLES = NO
               RUNTIME_EXCEPTION_ALLOW_JIT = NO
               RUNTIME_EXCEPTION_ALLOW_UNSIGNED_EXECUTABLE_MEMORY = NO
               RUNTIME_EXCEPTION_DEBUGGING_TOOL = NO
               RUNTIME_EXCEPTION_DISABLE_EXECUTABLE_PAGE_PROTECTION = NO
               RUNTIME_EXCEPTION_DISABLE_LIBRARY_VALIDATION = NO
               SCANNING_PCM_KEEP_CACHE_DIRECTORY = YES
               SCAN_ALL_SOURCE_FILES_FOR_INCLUDES = NO
               SCRIPTS_FOLDER_PATH = Runner.app/Scripts
               SDKROOT = /Applications/Xcode.app/Contents/Developer/Platforms/iPhoneOS.platform/Developer/SDKs/iPhoneOS26.5.sdk
               SDK_DIR = /Applications/Xcode.app/Contents/Developer/Platforms/iPhoneOS.platform/Developer/SDKs/iPhoneOS26.5.sdk
               SDK_DIR_iphoneos = /Applications/Xcode.app/Contents/Developer/Platforms/iPhoneOS.platform/Developer/SDKs/iPhoneOS26.5.sdk
               SDK_DIR_iphoneos26_5 = /Applications/Xcode.app/Contents/Developer/Platforms/iPhoneOS.platform/Developer/SDKs/iPhoneOS26.5.sdk
               SDK_NAME = iphoneos26.5
               SDK_NAMES = iphoneos26.5
               SDK_PRODUCT_BUILD_VERSION = 23F81a
               SDK_STAT_CACHE_DIR = /Users/macair/Library/Developer/Xcode/DerivedData
               SDK_STAT_CACHE_ENABLE = YES
               SDK_STAT_CACHE_PATH = /Users/macair/Library/Developer/Xcode/DerivedData/SDKStatCaches.noindex/iphoneos26.5-23F81a-32daed1954a7d5dd0789fcaf2a9bb78b.sdkstatcache
               SDK_VERSION = 26.5
               SDK_VERSION_ACTUAL = 260500
               SDK_VERSION_MAJOR = 260000
               SDK_VERSION_MINOR = 260500
               SED = /usr/bin/sed
               SEPARATE_STRIP = NO
               SEPARATE_SYMBOL_EDIT = NO
               SET_DIR_MODE_OWNER_GROUP = YES
               SET_FILE_MODE_OWNER_GROUP = NO
               SHALLOW_BUNDLE = YES
               SHALLOW_BUNDLE_TRIPLE = ios
               SHALLOW_BUNDLE_ios_macabi = NO
               SHALLOW_BUNDLE_macos = NO
               SHARED_DERIVED_FILE_DIR = /Users/macair/Documents/food_diary/build/ios/Debug-iphoneos/DerivedSources
               SHARED_FRAMEWORKS_FOLDER_PATH = Runner.app/SharedFrameworks
               SHARED_PRECOMPS_DIR = /Users/macair/Library/Developer/Xcode/DerivedData/Runner-bawvfuiqbwsmssgqwywwydwipgkc/Build/Intermediates.noindex/PrecompiledHeaders
               SHARED_SUPPORT_FOLDER_PATH = Runner.app/SharedSupport
               SKIP_INSTALL = NO
               SKIP_MERGEABLE_LIBRARY_BUNDLE_HOOK = NO
               SOURCE_ROOT = /Users/macair/Documents/food_diary/ios
               SRCROOT = /Users/macair/Documents/food_diary/ios
               STRINGSDATA_DIR = /Users/macair/Library/Developer/Xcode/DerivedData/Runner-bawvfuiqbwsmssgqwywwydwipgkc/Build/Intermediates.noindex/Runner.build/Debug-iphoneos/Runner.build/Objects-normal/undefined_arch
               STRINGSDATA_ROOT = /Users/macair/Library/Developer/Xcode/DerivedData/Runner-bawvfuiqbwsmssgqwywwydwipgkc/Build/Intermediates.noindex/Runner.build/Debug-iphoneos/Runner.build
               STRINGS_FILE_INFOPLIST_RENAME = YES
               STRINGS_FILE_OUTPUT_ENCODING = binary
               STRING_CATALOG_GENERATE_SYMBOLS = YES
               STRIP_BITCODE_FROM_COPIED_FILES = YES
               STRIP_INSTALLED_PRODUCT = NO
               STRIP_STYLE = all
               STRIP_SWIFT_SYMBOLS = YES
               SUPPORTED_DEVICE_FAMILIES = 1,2
               SUPPORTED_PLATFORMS = iphoneos iphonesimulator
               SUPPORTS_MACCATALYST = NO
               SUPPORTS_MAC_DESIGNED_FOR_IPHONE_IPAD = YES
               SUPPORTS_ON_DEMAND_RESOURCES = YES
               SUPPORTS_TEXT_BASED_API = NO
               SUPPORTS_XR_DESIGNED_FOR_IPHONE_IPAD = YES
               SUPPRESS_WARNINGS = NO
               SWIFT_EMIT_CONST_VALUE_PROTOCOLS = AnyResolverProviding AppEntity AppEnum AppExtension AppIntent AppIntentsPackage AppShortcutProviding AppShortcutsProvider AppUnionValue AppUnionValueCasesProviding DynamicOptionsProvider EntityQuery ExtensionPointDefining IntentValueQuery Resolver TransientEntity _AssistantIntentsProvider _GenerativeFunctionExtractable _IntentValueRepresentable
               SWIFT_EMIT_LOC_STRINGS = NO
               SWIFT_ENABLE_EXPLICIT_MODULES = YES
               SWIFT_OBJC_BRIDGING_HEADER = Runner/Runner-Bridging-Header.h
               SWIFT_OPTIMIZATION_LEVEL = -Onone
               SWIFT_PLATFORM_TARGET_PREFIX = ios
               SWIFT_RESPONSE_FILE_PATH_normal_arm64 = /Users/macair/Library/Developer/Xcode/DerivedData/Runner-bawvfuiqbwsmssgqwywwydwipgkc/Build/Intermediates.noindex/Runner.build/Debug-iphoneos/Runner.build/Objects-normal/arm64/Runner.SwiftFileList
               SWIFT_VERSION = 5.0
               SYMROOT = /Users/macair/Library/Developer/Xcode/DerivedData/Runner-bawvfuiqbwsmssgqwywwydwipgkc/Build/Products
               SYSTEM_ADMIN_APPS_DIR = /Applications/Utilities
               SYSTEM_APPS_DIR = /Applications
               SYSTEM_CORE_SERVICES_DIR = /System/Library/CoreServices
               SYSTEM_DEMOS_DIR = /Applications/Extras
               SYSTEM_DEVELOPER_APPS_DIR = /Applications/Xcode.app/Contents/Developer/Applications
               SYSTEM_DEVELOPER_BIN_DIR = /Applications/Xcode.app/Contents/Developer/usr/bin
               SYSTEM_DEVELOPER_DEMOS_DIR = /Applications/Xcode.app/Contents/Developer/Applications/Utilities/Built Examples
               SYSTEM_DEVELOPER_DIR = /Applications/Xcode.app/Contents/Developer
               SYSTEM_DEVELOPER_DOC_DIR = /Applications/Xcode.app/Contents/Developer/ADC Reference Library
               SYSTEM_DEVELOPER_GRAPHICS_TOOLS_DIR = /Applications/Xcode.app/Contents/Developer/Applications/Graphics Tools
               SYSTEM_DEVELOPER_JAVA_TOOLS_DIR = /Applications/Xcode.app/Contents/Developer/Applications/Java Tools
               SYSTEM_DEVELOPER_PERFORMANCE_TOOLS_DIR = /Applications/Xcode.app/Contents/Developer/Applications/Performance Tools
               SYSTEM_DEVELOPER_RELEASENOTES_DIR = /Applications/Xcode.app/Contents/Developer/ADC Reference Library/releasenotes
               SYSTEM_DEVELOPER_TOOLS = /Applications/Xcode.app/Contents/Developer/Tools
               SYSTEM_DEVELOPER_TOOLS_DOC_DIR = /Applications/Xcode.app/Contents/Developer/ADC Reference Library/documentation/DeveloperTools
               SYSTEM_DEVELOPER_TOOLS_RELEASENOTES_DIR = /Applications/Xcode.app/Contents/Developer/ADC Reference Library/releasenotes/DeveloperTools
               SYSTEM_DEVELOPER_USR_DIR = /Applications/Xcode.app/Contents/Developer/usr
               SYSTEM_DEVELOPER_UTILITIES_DIR = /Applications/Xcode.app/Contents/Developer/Applications/Utilities
               SYSTEM_DEXT_INSTALL_PATH = /System/Library/DriverExtensions
               SYSTEM_DOCUMENTATION_DIR = /Library/Documentation
               SYSTEM_EXTENSIONS_FOLDER_PATH = Runner.app/SystemExtensions
               SYSTEM_EXTENSIONS_FOLDER_PATH_SHALLOW_BUNDLE_NO = Runner.app/Library/SystemExtensions
               SYSTEM_EXTENSIONS_FOLDER_PATH_SHALLOW_BUNDLE_YES = Runner.app/SystemExtensions
               SYSTEM_KEXT_INSTALL_PATH = /System/Library/Extensions
               SYSTEM_LIBRARY_DIR = /System/Library
               TAPI_DEMANGLE = YES
               TAPI_ENABLE_PROJECT_HEADERS = NO
               TAPI_LANGUAGE = objective-c
               TAPI_LANGUAGE_STANDARD = compiler-default
               TAPI_USE_SRCROOT = YES
               TAPI_VERIFY_MODE = Pedantic
               TARGETED_DEVICE_FAMILY = 1,2
               TARGETNAME = Runner
               TARGET_BUILD_DIR = /Users/macair/Documents/food_diary/build/ios/Debug-iphoneos
               TARGET_DEVICE_IDENTIFIER = 00008150-000E7D291199401C
               TARGET_DEVICE_MODEL = iPhone18,2
               TARGET_DEVICE_OS_VERSION = 26.6
               TARGET_DEVICE_PLATFORM_NAME = iphoneos
               TARGET_NAME = Runner
               TARGET_TEMP_DIR = /Users/macair/Library/Developer/Xcode/DerivedData/Runner-bawvfuiqbwsmssgqwywwydwipgkc/Build/Intermediates.noindex/Runner.build/Debug-iphoneos/Runner.build
               TEMP_DIR = /Users/macair/Library/Developer/Xcode/DerivedData/Runner-bawvfuiqbwsmssgqwywwydwipgkc/Build/Intermediates.noindex/Runner.build/Debug-iphoneos/Runner.build
               TEMP_FILES_DIR = /Users/macair/Library/Developer/Xcode/DerivedData/Runner-bawvfuiqbwsmssgqwywwydwipgkc/Build/Intermediates.noindex/Runner.build/Debug-iphoneos/Runner.build
               TEMP_FILE_DIR = /Users/macair/Library/Developer/Xcode/DerivedData/Runner-bawvfuiqbwsmssgqwywwydwipgkc/Build/Intermediates.noindex/Runner.build/Debug-iphoneos/Runner.build
               TEMP_ROOT = /Users/macair/Library/Developer/Xcode/DerivedData/Runner-bawvfuiqbwsmssgqwywwydwipgkc/Build/Intermediates.noindex
               TEMP_SANDBOX_DIR = /Users/macair/Library/Developer/Xcode/DerivedData/Runner-bawvfuiqbwsmssgqwywwydwipgkc/Build/Intermediates.noindex/TemporaryTaskSandboxes
               TEST_FRAMEWORK_SEARCH_PATHS =  /Applications/Xcode.app/Contents/Developer/Platforms/iPhoneOS.platform/Developer/Library/Frameworks /Applications/Xcode.app/Contents/Developer/Platforms/iPhoneOS.platform/Developer/SDKs/iPhoneOS26.5.sdk/Developer/Library/Frameworks
               TEST_LIBRARY_SEARCH_PATHS =  /Applications/Xcode.app/Contents/Developer/Platforms/iPhoneOS.platform/Developer/usr/lib
               TOOLCHAINS = com.apple.dt.toolchain.XcodeDefault
               TOOLCHAIN_DIR = /Applications/Xcode.app/Contents/Developer/Toolchains/XcodeDefault.xctoolchain
               TRACK_WIDGET_CREATION = true
               TREAT_MISSING_BASELINES_AS_TEST_FAILURES = NO
               TREAT_MISSING_SCRIPT_PHASE_OUTPUTS_AS_ERRORS = NO
               TREE_SHAKE_ICONS = false
               TVOS_DEPLOYMENT_TARGET = 26.5
               UID = 501
               UNINSTALLED_PRODUCTS_DIR = /Users/macair/Library/Developer/Xcode/DerivedData/Runner-bawvfuiqbwsmssgqwywwydwipgkc/Build/Intermediates.noindex/UninstalledProducts
               UNLOCALIZED_RESOURCES_FOLDER_PATH = Runner.app
               UNLOCALIZED_RESOURCES_FOLDER_PATH_SHALLOW_BUNDLE_NO = Runner.app/Resources
               UNLOCALIZED_RESOURCES_FOLDER_PATH_SHALLOW_BUNDLE_YES = Runner.app
               UNSTRIPPED_PRODUCT = NO
               USER = macair
               USER_APPS_DIR = /Users/macair/Applications
               USER_LIBRARY_DIR = /Users/macair/Library
               USE_DYNAMIC_NO_PIC = YES
               USE_HEADERMAP = YES
               USE_HEADER_SYMLINKS = NO
               USE_RECURSIVE_SCRIPT_INPUTS_IN_SCRIPT_PHASES = YES
               VALIDATE_DEVELOPMENT_ASSET_PATHS = YES_ERROR
               VALIDATE_PRODUCT = NO
               VALID_ARCHS = arm64 arm64e armv7 armv7s
               VERBOSE_PBXCP = NO
               VERSIONING_SYSTEM = apple-generic
               VERSIONPLIST_PATH = Runner.app/version.plist
               VERSION_INFO_BUILDER = macair
               VERSION_INFO_FILE = Runner_vers.c
               VERSION_INFO_STRING = "@(#)PROGRAM:Runner  PROJECT:Runner-1"
               WATCHOS_DEPLOYMENT_TARGET = 26.5
               WORKSPACE_DIR = /Users/macair/Documents/food_diary/ios/Runner.xcodeproj
               WRAPPER_EXTENSION = app
               WRAPPER_NAME = Runner.app
               WRAPPER_SUFFIX = .app
               WRAP_ASSET_PACKS_IN_SEPARATE_DIRECTORIES = NO
               XCODE_APP_SUPPORT_DIR = /Applications/Xcode.app/Contents/Developer/Library/Xcode
               XCODE_PRODUCT_BUILD_VERSION = 17F113
               XCODE_VERSION_ACTUAL = 2660
               XCODE_VERSION_MAJOR = 2600
               XCODE_VERSION_MINOR = 2660
               XPCSERVICES_FOLDER_PATH = Runner.app/XPCServices
               XROS_DEPLOYMENT_TARGET = 26.5
               YACC = yacc
               _DISCOVER_COMMAND_LINE_LINKER_INPUTS = YES
               _DISCOVER_COMMAND_LINE_LINKER_INPUTS_INCLUDE_WL = YES
               _LD_MULTIARCH = YES
               _WRAPPER_CONTENTS_DIR_SHALLOW_BUNDLE_NO = /Contents
               _WRAPPER_PARENT_PATH_SHALLOW_BUNDLE_NO = /..
               _WRAPPER_RESOURCES_DIR_SHALLOW_BUNDLE_NO = /Resources
               __DIAGNOSE_DEPRECATED_ARCHS = YES
               __IS_NOT_MACOS = YES
               __IS_NOT_MACOS_macosx = NO
               __IS_NOT_SIMULATOR = YES
               __IS_NOT_SIMULATOR_simulator = NO
               __ORIGINAL_SDK_DEFINED_LLVM_TARGET_TRIPLE_SYS = ios
               arch = undefined_arch
               variant = normal
[  +64 ms] Automatically signing iOS for device deployment using specified development team in Xcode project: 4ZVUAHH827
[   +7 ms] executing: [/Users/macair/Documents/food_diary/ios/Pods/Pods.xcodeproj/] /usr/bin/arch -arm64e xcrun xcodebuild -alltargets -sdk iphonesimulator -project /Users/macair/Documents/food_diary/ios/Pods/Pods.xcodeproj -showBuildSettings BUILD_DIR=/Users/macair/Documents/food_diary/build/ios OBJROOT=/Users/macair/Documents/food_diary/build/ios
[        ] executing: [/Users/macair/Documents/food_diary/ios/Pods/Pods.xcodeproj/] /usr/bin/arch -arm64e xcrun xcodebuild -alltargets -sdk iphonesimulator -project /Users/macair/Documents/food_diary/ios/Pods/Pods.xcodeproj -showBuildSettings BUILD_DIR=/Users/macair/Documents/food_diary/build/ios OBJROOT=/Users/macair/Documents/food_diary/build/ios
[+2207 ms] Command line invocation:
               /Applications/Xcode.app/Contents/Developer/usr/bin/xcodebuild -alltargets -sdk iphonesimulator -project /Users/macair/Documents/food_diary/ios/Pods/Pods.xcodeproj -showBuildSettings BUILD_DIR=/Users/macair/Documents/food_diary/build/ios OBJROOT=/Users/macair/Documents/food_diary/build/ios

           Build settings from command line:
               BUILD_DIR = /Users/macair/Documents/food_diary/build/ios
               OBJROOT = /Users/macair/Documents/food_diary/build/ios
               SDKROOT = iphonesimulator26.5

           Build settings for action build and target Flutter:
               ACTION = build
               AD_HOC_CODE_SIGNING_ALLOWED = YES
               ALLOW_BUILD_REQUEST_OVERRIDES = NO
               ALLOW_TARGET_PLATFORM_SPECIALIZATION = NO
               ALTERNATE_GROUP = staff
               ALTERNATE_MODE = u+w,go-w,a+rX
               ALTERNATE_OWNER = macair
               ALTERNATIVE_DISTRIBUTION_WEB = NO
               ALWAYS_EMBED_SWIFT_STANDARD_LIBRARIES = NO
               ALWAYS_SEARCH_USER_PATHS = NO
               ALWAYS_USE_SEPARATE_HEADERMAPS = NO
               APPLICATION_EXTENSION_API_ONLY = NO
               APPLY_RULES_IN_COPY_FILES = NO
               APPLY_RULES_IN_COPY_HEADERS = NO
               APP_SHORTCUTS_ENABLE_FLEXIBLE_MATCHING = YES
               ARCHS = arm64 x86_64
               ARCHS_BASE = arm64 x86_64
               ARCHS_STANDARD = arm64 x86_64
               ARCHS_STANDARD_32_64_BIT = arm64 x86_64
               ARCHS_STANDARD_64_BIT = arm64 x86_64
               ARCHS_STANDARD_INCLUDING_64_BIT = arm64 x86_64
               ARCHS_UNIVERSAL_IPHONE_OS = arm64 x86_64
               ASSETCATALOG_COMPILER_APPICON_NAME = AppIcon
               ASSETCATALOG_COMPILER_GLOBAL_ACCENT_COLOR_NAME = AccentColor
               AUTOMATICALLY_MERGE_DEPENDENCIES = NO
               AUTOMATION_APPLE_EVENTS = NO
               AVAILABLE_PLATFORMS = android appletvos appletvsimulator driverkit freebsd iphoneos iphonesimulator linux macosx none openbsd qnx watchos watchsimulator webassembly xros xrsimulator
               BUILD_ACTIVE_RESOURCES_ONLY = NO
               BUILD_COMPONENTS = headers build
               BUILD_DIR = /Users/macair/Documents/food_diary/build/ios
               BUILD_LIBRARY_FOR_DISTRIBUTION = NO
               BUILD_ONLY_KNOWN_LOCALIZATIONS = NO
               BUILD_ROOT = /Users/macair/Documents/food_diary/ios/build
               BUILD_STYLE = 
               BUILD_VARIANTS = normal
               BUILT_PRODUCTS_DIR = /Users/macair/Documents/food_diary/build/ios/Release-iphonesimulator/Flutter
               BUNDLE_CONTENTS_FOLDER_PATH_deep = Contents/
               BUNDLE_EXECUTABLE_FOLDER_NAME_deep = MacOS
               BUNDLE_EXTENSIONS_FOLDER_PATH = Extensions
               BUNDLE_FORMAT = shallow
               BUNDLE_FRAMEWORKS_FOLDER_PATH = Frameworks
               BUNDLE_PLUGINS_FOLDER_PATH = PlugIns
               BUNDLE_PRIVATE_HEADERS_FOLDER_PATH = PrivateHeaders
               BUNDLE_PUBLIC_HEADERS_FOLDER_PATH = Headers
               CACHE_ROOT = /var/folders/t7/4ns5bn2972v1xz_j79mgwsyw0000gn/C/com.apple.DeveloperTools/26.6-17F113/Xcode
               CCHROOT = /var/folders/t7/4ns5bn2972v1xz_j79mgwsyw0000gn/C/com.apple.DeveloperTools/26.6-17F113/Xcode
               CHMOD = /bin/chmod
               CHOWN = chown
               CLANG_ANALYZER_LOCALIZABILITY_NONLOCALIZED = YES
               CLANG_ANALYZER_NONNULL = YES
               CLANG_ANALYZER_NUMBER_OBJECT_CONVERSION = YES_AGGRESSIVE
               CLANG_CACHE_FINE_GRAINED_OUTPUTS = YES
               CLANG_CXX_LANGUAGE_STANDARD = gnu++14
               CLANG_CXX_LIBRARY = libc++
               CLANG_ENABLE_EXPLICIT_MODULES = YES
               CLANG_ENABLE_MODULES = YES
               CLANG_ENABLE_OBJC_ARC = YES
               CLANG_ENABLE_OBJC_WEAK = NO
               CLANG_MODULES_BUILD_SESSION_FILE = /var/folders/t7/4ns5bn2972v1xz_j79mgwsyw0000gn/C/org.llvm.clang/ModuleCache.noindex/Session.modulevalidation
               CLANG_WARN_BLOCK_CAPTURE_AUTORELEASING = YES
               CLANG_WARN_BOOL_CONVERSION = YES
               CLANG_WARN_COMMA = YES
               CLANG_WARN_CONSTANT_CONVERSION = YES
               CLANG_WARN_DEPRECATED_OBJC_IMPLEMENTATIONS = YES
               CLANG_WARN_DIRECT_OBJC_ISA_USAGE = YES_ERROR
               CLANG_WARN_DOCUMENTATION_COMMENTS = YES
               CLANG_WARN_EMPTY_BODY = YES
               CLANG_WARN_ENUM_CONVERSION = YES
               CLANG_WARN_INFINITE_RECURSION = YES
               CLANG_WARN_INT_CONVERSION = YES
               CLANG_WARN_NON_LITERAL_NULL_CONVERSION = YES
               CLANG_WARN_OBJC_IMPLICIT_RETAIN_SELF = YES
               CLANG_WARN_OBJC_LITERAL_CONVERSION = YES
               CLANG_WARN_OBJC_ROOT_CLASS = YES_ERROR
               CLANG_WARN_QUOTED_INCLUDE_IN_FRAMEWORK_HEADER = NO
               CLANG_WARN_RANGE_LOOP_ANALYSIS = YES
               CLANG_WARN_STRICT_PROTOTYPES = YES
               CLANG_WARN_SUSPICIOUS_MOVE = YES
               CLANG_WARN_UNGUARDED_AVAILABILITY = YES_AGGRESSIVE
               CLANG_WARN_UNREACHABLE_CODE = YES
               CLANG_WARN__DUPLICATE_METHOD_MATCH = YES
               CLASS_FILE_DIR = /Users/macair/Documents/food_diary/build/ios/Pods.build/Release-iphonesimulator/Flutter.build/JavaClasses
               CLEAN_PRECOMPS = YES
               CLONE_HEADERS = NO
               CODESIGNING_FOLDER_PATH = /Users/macair/Documents/food_diary/build/ios/Release-iphonesimulator/Flutter/
               CODE_SIGNING_ALLOWED = NO
               CODE_SIGNING_REQUIRED = YES
               CODE_SIGN_CONTEXT_CLASS = XCiPhoneSimulatorCodeSignContext
               CODE_SIGN_IDENTITY = -
               CODE_SIGN_INJECT_BASE_ENTITLEMENTS = YES
               COLOR_DIAGNOSTICS = NO
               COMBINE_HIDPI_IMAGES = NO
               COMPILATION_CACHE_CAS_PATH = /var/folders/t7/4ns5bn2972v1xz_j79mgwsyw0000gn/C/com.apple.DeveloperTools/26.6-17F113/Xcode/CompilationCache.noindex
               COMPILATION_CACHE_KEEP_CAS_DIRECTORY = YES
               COMPILER_INDEX_STORE_ENABLE = Default
               COMPOSITE_SDK_DIRS = /Users/macair/Documents/food_diary/build/ios/CompositeSDKs
               COMPRESS_PNG_FILES = YES
               CONFIGURATION = Release
               CONFIGURATION_BUILD_DIR = /Users/macair/Documents/food_diary/build/ios/Release-iphonesimulator/Flutter
               CONFIGURATION_TEMP_DIR = /Users/macair/Documents/food_diary/build/ios/Pods.build/Release-iphonesimulator
               COPYING_PRESERVES_HFS_DATA = NO
               COPY_HEADERS_RUN_UNIFDEF = NO
               COPY_PHASE_STRIP = NO
               CORRESPONDING_DEVICE_PLATFORM_DIR = /Applications/Xcode.app/Contents/Developer/Platforms/iPhoneOS.platform
               CORRESPONDING_DEVICE_PLATFORM_NAME = iphoneos
               CORRESPONDING_DEVICE_SDK_DIR = /Applications/Xcode.app/Contents/Developer/Platforms/iPhoneOS.platform/Developer/SDKs/iPhoneOS26.5.sdk
               CORRESPONDING_DEVICE_SDK_NAME = iphoneos26.5
               CP = /bin/cp
               CREATE_INFOPLIST_SECTION_IN_BINARY = NO
               CURRENT_ARCH = undefined_arch
               CURRENT_VARIANT = normal
               DEAD_CODE_STRIPPING = YES
               DEBUGGING_SYMBOLS = YES
               DEBUG_INFORMATION_FORMAT = dwarf-with-dsym
               DEBUG_INFORMATION_VERSION = compiler-default
               DEFAULT_COMPILER = com.apple.compilers.llvm.clang.1_0
               DEFAULT_DEXT_INSTALL_PATH = /System/Library/DriverExtensions
               DEFAULT_KEXT_INSTALL_PATH = /System/Library/Extensions
               DEFINES_MODULE = NO
               DEPLOYMENT_LOCATION = NO
               DEPLOYMENT_POSTPROCESSING = NO
               DEPLOYMENT_TARGET_SETTING_NAME = IPHONEOS_DEPLOYMENT_TARGET
               DEPLOYMENT_TARGET_SUGGESTED_VALUES = 12.0 12.1 12.2 12.3 12.4 13.0 13.1 13.2 13.3 13.4 13.5 13.6 14.0 14.1 14.2 14.3 14.4 14.5 14.6 14.7 15.0 15.1 15.2 15.3 15.4 15.5 15.6 16.0 16.1 16.2 16.3 16.4 16.5 16.6 17.0 17.1 17.2 17.3 17.4 17.5 17.6 18.0 18.1 18.2 18.3 18.4 18.5 18.6 26.0 26.2 26.3 26.4 26.5
               DERIVED_FILES_DIR = /Users/macair/Documents/food_diary/build/ios/Pods.build/Release-iphonesimulator/Flutter.build/DerivedSources
               DERIVED_FILE_DIR = /Users/macair/Documents/food_diary/build/ios/Pods.build/Release-iphonesimulator/Flutter.build/DerivedSources
               DERIVED_SOURCES_DIR = /Users/macair/Documents/food_diary/build/ios/Pods.build/Release-iphonesimulator/Flutter.build/DerivedSources
               DEVELOPER_APPLICATIONS_DIR = /Applications/Xcode.app/Contents/Developer/Applications
               DEVELOPER_BIN_DIR = /Applications/Xcode.app/Contents/Developer/usr/bin
               DEVELOPER_DIR = /Applications/Xcode.app/Contents/Developer
               DEVELOPER_FRAMEWORKS_DIR = /Applications/Xcode.app/Contents/Developer/Library/Frameworks
               DEVELOPER_FRAMEWORKS_DIR_QUOTED = /Applications/Xcode.app/Contents/Developer/Library/Frameworks
               DEVELOPER_LIBRARY_DIR = /Applications/Xcode.app/Contents/Developer/Library
               DEVELOPER_SDK_DIR = /Applications/Xcode.app/Contents/Developer/Platforms/MacOSX.platform/Developer/SDKs
               DEVELOPER_TOOLS_DIR = /Applications/Xcode.app/Contents/Developer/Tools
               DEVELOPER_USR_DIR = /Applications/Xcode.app/Contents/Developer/usr
               DEVELOPMENT_LANGUAGE = en
               DIAGNOSE_MISSING_TARGET_DEPENDENCIES = YES
               DIFF = /usr/bin/diff
               DONT_GENERATE_INFOPLIST_FILE = NO
               DRIVERKIT_DEPLOYMENT_TARGET = 25.5
               DSTROOT = /tmp/Pods.dst
               DT_TOOLCHAIN_DIR = /Applications/Xcode.app/Contents/Developer/Toolchains/XcodeDefault.xctoolchain
               DUMP_DEPENDENCIES = NO
               DUMP_DEPENDENCIES_OUTPUT_PATH = /Users/macair/Documents/food_diary/build/ios/Pods.build/Release-iphonesimulator/Flutter.build/Flutter-BuildDependencyInfo.json
               DWARF_DSYM_FILE_NAME = .dSYM
               DWARF_DSYM_FILE_SHOULD_ACCOMPANY_PRODUCT = NO
               DWARF_DSYM_FOLDER_PATH = /Users/macair/Documents/food_diary/build/ios/Release-iphonesimulator/Flutter
               DYNAMIC_LIBRARY_EXTENSION = dylib
               EAGER_COMPILATION_ALLOW_SCRIPTS = NO
               EAGER_LINKING = NO
               EFFECTIVE_PLATFORM_NAME = -iphonesimulator
               EFFECTIVE_SWIFT_VERSION = 5
               EMBEDDED_CONTENT_CONTAINS_SWIFT = NO
               EMBED_ASSET_PACKS_IN_PRODUCT_BUNDLE = NO
               ENABLE_APP_SANDBOX = NO
               ENABLE_CODE_COVERAGE = YES
               ENABLE_COHORT_ARCHS = NO
               ENABLE_CPLUSPLUS_BOUNDS_SAFE_BUFFERS = NO
               ENABLE_C_BOUNDS_SAFETY = NO
               ENABLE_DEFAULT_HEADER_SEARCH_PATHS = YES
               ENABLE_DEFAULT_SEARCH_PATHS = YES
               ENABLE_ENHANCED_SECURITY = NO
               ENABLE_HARDENED_RUNTIME = NO
               ENABLE_HEADER_DEPENDENCIES = YES
               ENABLE_INCOMING_NETWORK_CONNECTIONS = NO
               ENABLE_NS_ASSERTIONS = NO
               ENABLE_ON_DEMAND_RESOURCES = NO
               ENABLE_OUTGOING_NETWORK_CONNECTIONS = NO
               ENABLE_POINTER_AUTHENTICATION = NO
               ENABLE_RESOURCE_ACCESS_AUDIO_INPUT = NO
               ENABLE_RESOURCE_ACCESS_BLUETOOTH = NO
               ENABLE_RESOURCE_ACCESS_CALENDARS = NO
               ENABLE_RESOURCE_ACCESS_CAMERA = NO
               ENABLE_RESOURCE_ACCESS_CONTACTS = NO
               ENABLE_RESOURCE_ACCESS_LOCATION = NO
               ENABLE_RESOURCE_ACCESS_PHOTO_LIBRARY = NO
               ENABLE_RESOURCE_ACCESS_PRINTING = NO
               ENABLE_RESOURCE_ACCESS_USB = NO
               ENABLE_SDK_IMPORTS = NO
               ENABLE_SECURITY_COMPILER_WARNINGS = NO
               ENABLE_STRICT_OBJC_MSGSEND = YES
               ENABLE_TESTABILITY = NO
               ENABLE_TESTING_SEARCH_PATHS = NO
               ENABLE_USER_SCRIPT_SANDBOXING = NO
               ENFORCE_VALID_ARCHS = YES
               ENTITLEMENTS_DESTINATION = __entitlements
               ENTITLEMENTS_REQUIRED = YES
               EXCLUDED_INSTALLSRC_SUBDIRECTORY_PATTERNS = .DS_Store .svn .git .hg CVS
               EXCLUDED_RECURSIVE_SEARCH_PATH_SUBDIRECTORIES = *.nib *.lproj *.framework *.gch *.xcode* *.xcassets *.icon (*) .DS_Store CVS .svn .git .hg *.pbproj *.pbxproj
               FILE_LIST = /Users/macair/Documents/food_diary/build/ios/Pods.build/Release-iphonesimulator/Flutter.build/Objects/LinkFileList
               FIXED_FILES_DIR = /Users/macair/Documents/food_diary/build/ios/Pods.build/Release-iphonesimulator/Flutter.build/FixedFiles
               FRAMEWORK_VERSION = A
               FUSE_BUILD_PHASES = YES
               FUSE_BUILD_SCRIPT_PHASES = NO
               GCC3_VERSION = 3.3
               GCC_C_LANGUAGE_STANDARD = gnu11
               GCC_NO_COMMON_BLOCKS = YES
               GCC_OBJC_LEGACY_DISPATCH = YES
               GCC_PFE_FILE_C_DIALECTS = c objective-c c++ objective-c++
               GCC_PREPROCESSOR_DEFINITIONS = POD_CONFIGURATION_RELEASE=1  COCOAPODS=1
               GCC_TREAT_WARNINGS_AS_ERRORS = NO
               GCC_VERSION = com.apple.compilers.llvm.clang.1_0
               GCC_VERSION_IDENTIFIER = com_apple_compilers_llvm_clang_1_0
               GCC_WARN_64_TO_32_BIT_CONVERSION = YES
               GCC_WARN_ABOUT_RETURN_TYPE = YES_ERROR
               GCC_WARN_UNDECLARED_SELECTOR = YES
               GCC_WARN_UNINITIALIZED_AUTOS = YES_AGGRESSIVE
               GCC_WARN_UNUSED_FUNCTION = YES
               GCC_WARN_UNUSED_VARIABLE = YES
               GENERATED_MODULEMAP_DIR = /Users/macair/Documents/food_diary/build/ios/GeneratedModuleMaps-iphonesimulator
               GENERATE_INFOPLIST_FILE = NO
               GENERATE_INTERMEDIATE_TEXT_BASED_STUBS = YES
               GENERATE_PKGINFO_FILE = NO
               GENERATE_PRELINK_OBJECT_FILE = NO
               GENERATE_PROFILING_CODE = NO
               GENERATE_TEXT_BASED_STUBS = NO
               GID = 20
               GROUP = staff
               HEADERMAP_INCLUDES_FLAT_ENTRIES_FOR_TARGET_BEING_BUILT = YES
               HEADERMAP_INCLUDES_FRAMEWORK_ENTRIES_FOR_ALL_PRODUCT_TYPES = YES
               HEADERMAP_INCLUDES_FRAMEWORK_ENTRIES_FOR_TARGETS_NOT_BEING_BUILT = YES
               HEADERMAP_INCLUDES_NONPUBLIC_NONPRIVATE_HEADERS = YES
               HEADERMAP_INCLUDES_PROJECT_HEADERS = YES
               HEADERMAP_USES_FRAMEWORK_PREFIX_ENTRIES = YES
               HEADERMAP_USES_VFS = NO
               HOME = /Users/macair
               HOST_ARCH = arm64
               HOST_PLATFORM = macosx
               ICONV = /usr/bin/iconv
               IMPLICIT_DEPENDENCY_DOMAIN = default
               INDEX_STORE_COMPRESS = NO
               INDEX_STORE_ONLY_PROJECT_FILES = NO
               INFOPLIST_ENABLE_CFBUNDLEICONS_MERGE = YES
               INFOPLIST_EXPAND_BUILD_SETTINGS = YES
               INFOPLIST_OUTPUT_FORMAT = binary
               INFOPLIST_PREPROCESS = NO
               INLINE_PRIVATE_FRAMEWORKS = NO
               INSTALLAPI_IGNORE_SKIP_INSTALL = YES
               INSTALLHDRS_COPY_PHASE = NO
               INSTALLHDRS_SCRIPT_PHASE = NO
               INSTALL_DIR = /tmp/Pods.dst
               INSTALL_GROUP = staff
               INSTALL_MODE_FLAG = u+w,go-w,a+rX
               INSTALL_OWNER = macair
               INSTALL_ROOT = /tmp/Pods.dst
               IPHONEOS_DEPLOYMENT_TARGET = 13.0
               IS_UNOPTIMIZED_BUILD = NO
               JAVAC_DEFAULT_FLAGS = -J-Xms64m -J-XX:NewSize=4M -J-Dfile.encoding=UTF8
               JAVA_APP_STUB = /System/Library/Frameworks/JavaVM.framework/Resources/MacOS/JavaApplicationStub
               JAVA_ARCHIVE_CLASSES = YES
               JAVA_ARCHIVE_TYPE = JAR
               JAVA_COMPILER = /usr/bin/javac
               JAVA_FRAMEWORK_RESOURCES_DIRS = Resources
               JAVA_JAR_FLAGS = cv
               JAVA_SOURCE_SUBDIR = .
               JAVA_USE_DEPENDENCIES = YES
               JAVA_ZIP_FLAGS = -urg
               JIKES_DEFAULT_FLAGS = +E +OLDCSO
               KEEP_PRIVATE_EXTERNS = NO
               LD_DEPENDENCY_INFO_FILE = /Users/macair/Documents/food_diary/build/ios/Pods.build/Release-iphonesimulator/Flutter.build/Objects-normal/undefined_arch/Flutter_dependency_info.dat
               LD_EXPORT_SYMBOLS = YES
               LD_GENERATE_MAP_FILE = NO
               LD_MAP_FILE_PATH = /Users/macair/Documents/food_diary/build/ios/Pods.build/Release-iphonesimulator/Flutter.build/Flutter-LinkMap-normal-undefined_arch.txt
               LD_NO_PIE = NO
               LD_QUOTE_LINKER_ARGUMENTS_FOR_COMPILER_DRIVER = YES
               LD_RUNPATH_SEARCH_PATHS =  @executable_path/Frameworks
               LD_SHARED_CACHE_ELIGIBLE = Automatic
               LD_WARN_DUPLICATE_LIBRARIES = NO
               LD_WARN_UNUSED_DYLIBS = NO
               LEGACY_DEVELOPER_DIR = /Applications/Xcode.app/Contents/PlugIns/Xcode3Core.ideplugin/Contents/SharedSupport/Developer
               LEX = lex
               LIBRARY_DEXT_INSTALL_PATH = /Library/DriverExtensions
               LIBRARY_FLAG_NOSPACE = YES
               LIBRARY_KEXT_INSTALL_PATH = /Library/Extensions
               LINKER_DISPLAYS_MANGLED_NAMES = NO
               LINK_FILE_LIST_normal_arm64 = /Users/macair/Documents/food_diary/build/ios/Pods.build/Release-iphonesimulator/Flutter.build/Objects-normal/arm64/Flutter.LinkFileList
               LINK_FILE_LIST_normal_x86_64 = /Users/macair/Documents/food_diary/build/ios/Pods.build/Release-iphonesimulator/Flutter.build/Objects-normal/x86_64/Flutter.LinkFileList
               LINK_OBJC_RUNTIME = YES
               LINK_WITH_STANDARD_LIBRARIES = YES
               LLVM_TARGET_TRIPLE_OS_VERSION = ios13.0
               LLVM_TARGET_TRIPLE_SUFFIX = -simulator
               LLVM_TARGET_TRIPLE_VENDOR = apple
               LM_AUX_CONST_METADATA_LIST_PATH_normal_arm64 = /Users/macair/Documents/food_diary/build/ios/Pods.build/Release-iphonesimulator/Flutter.build/Objects-normal/arm64/Flutter.SwiftConstValuesFileList
               LM_AUX_CONST_METADATA_LIST_PATH_normal_x86_64 = /Users/macair/Documents/food_diary/build/ios/Pods.build/Release-iphonesimulator/Flutter.build/Objects-normal/x86_64/Flutter.SwiftConstValuesFileList
               LOCALIZATION_EXPORT_SUPPORTED = YES
               LOCALIZATION_PREFERS_STRING_CATALOGS = NO
               LOCALIZED_STRING_CODE_COMMENTS = NO
               LOCALIZED_STRING_MACRO_NAMES = NSLocalizedString CFCopyLocalizedString
               LOCALIZED_STRING_SWIFTUI_SUPPORT = YES
               LOCAL_ADMIN_APPS_DIR = /Applications/Utilities
               LOCAL_APPS_DIR = /Applications
               LOCAL_DEVELOPER_DIR = /Library/Developer
               LOCAL_LIBRARY_DIR = /Library
               LOCROOT = /Users/macair/Documents/food_diary/ios/Pods
               LOCSYMROOT = /Users/macair/Documents/food_diary/ios/Pods
               MACOSX_DEPLOYMENT_TARGET = 26.5
               MAC_OS_X_PRODUCT_BUILD_VERSION = 25G5028f
               MAC_OS_X_VERSION_ACTUAL = 260600
               MAC_OS_X_VERSION_MAJOR = 260000
               MAC_OS_X_VERSION_MINOR = 260600
               MAKE_MERGEABLE = NO
               MERGEABLE_LIBRARY = NO
               MERGED_BINARY_TYPE = none
               MERGE_LINKED_LIBRARIES = NO
               METAL_LIBRARY_FILE_BASE = default
               METAL_LIBRARY_OUTPUT_DIR = /Users/macair/Documents/food_diary/build/ios/Release-iphonesimulator/Flutter/
               MTL_ENABLE_DEBUG_INFO = NO
               MTL_FAST_MATH = YES
               NATIVE_ARCH = arm64
               NATIVE_ARCH_32_BIT = arm
               NATIVE_ARCH_64_BIT = arm64
               NATIVE_ARCH_ACTUAL = arm64
               NO_COMMON = YES
               OBJC_ABI_VERSION = 2
               OBJECT_FILE_DIR = /Users/macair/Documents/food_diary/build/ios/Pods.build/Release-iphonesimulator/Flutter.build/Objects
               OBJECT_FILE_DIR_normal = /Users/macair/Documents/food_diary/build/ios/Pods.build/Release-iphonesimulator/Flutter.build/Objects-normal
               OBJROOT = /Users/macair/Documents/food_diary/build/ios
               ONLY_ACTIVE_ARCH = NO
               OS = MACOS
               OSAC = /usr/bin/osacompile
               PASCAL_STRINGS = YES
               PATH = /Applications/Xcode.app/Contents/SharedFrameworks/SwiftBuild.framework/Versions/A/PlugIns/SWBBuildService.bundle/Contents/PlugIns/SWBUniversalPlatformPlugin.bundle/Contents/Frameworks/SWBUniversalPlatform.framework/Resources:/Applications/Xcode.app/Contents/Developer/Toolchains/XcodeDefault.xctoolchain/usr/bin:/Applications/Xcode.app/Contents/Developer/Toolchains/XcodeDefault.xctoolchain/usr/local/bin:/Applications/Xcode.app/Contents/Developer/Toolchains/XcodeDefault.xctoolchain/usr/libexec:/Applications/Xcode.app/Contents/Developer/Platforms/iPhoneSimulator.platform/usr/bin:/Applications/Xcode.app/Contents/Developer/Platforms/iPhoneSimulator.platform/usr/local/bin:/Applications/Xcode.app/Contents/Developer/Platforms/iPhoneSimulator.platform/Developer/usr/bin:/Applications/Xcode.app/Contents/Developer/Platforms/iPhoneSimulator.platform/Developer/usr/local/bin:/Applications/Xcode.app/Contents/Developer/usr/bin:/Applications/Xcode.app/Contents/Developer/usr/local/bin:/Users/macair/development/flutter/bin/:/Users/macair/Library/Application Support/Code/User/globalStorage/github.copilot-chat/debugCommand:/Users/macair/Library/Application Support/Code/User/globalStorage/github.copilot-chat/copilotCli:/opt/homebrew/bin:/opt/homebrew/sbin:/usr/local/bin:/System/Cryptexes/App/usr/bin:/usr/bin:/bin:/usr/sbin:/sbin:/var/run/com.apple.security.cryptexd/codex.system/bootstrap/usr/local/bin:/var/run/com.apple.security.cryptexd/codex.system/bootstrap/usr/bin:/var/run/com.apple.security.cryptexd/codex.system/bootstrap/usr/appleinternal/bin:/pkg/env/global/bin:/Library/Apple/usr/bin:/Users/macair/Desktop/coffee trail/flutter/bin:/Users/macair/development/flutter/bin
               PATH_PREFIXES_EXCLUDED_FROM_HEADER_DEPENDENCIES = /usr/include /usr/local/include /System/Library/Frameworks /System/Library/PrivateFrameworks /Applications/Xcode.app/Contents/Developer/Headers /Applications/Xcode.app/Contents/Developer/SDKs /Applications/Xcode.app/Contents/Developer/Platforms
               PER_ARCH_MODULE_FILE_DIR = /Users/macair/Documents/food_diary/build/ios/Pods.build/Release-iphonesimulator/Flutter.build/Objects-normal/undefined_arch
               PER_ARCH_OBJECT_FILE_DIR = /Users/macair/Documents/food_diary/build/ios/Pods.build/Release-iphonesimulator/Flutter.build/Objects-normal/undefined_arch
               PER_VARIANT_OBJECT_FILE_DIR = /Users/macair/Documents/food_diary/build/ios/Pods.build/Release-iphonesimulator/Flutter.build/Objects-normal
               PKGINFO_FILE_PATH = /Users/macair/Documents/food_diary/build/ios/Pods.build/Release-iphonesimulator/Flutter.build/PkgInfo
               PLATFORM_DEVELOPER_APPLICATIONS_DIR = /Applications/Xcode.app/Contents/Developer/Platforms/iPhoneSimulator.platform/Developer/Applications
               PLATFORM_DEVELOPER_BIN_DIR = /Applications/Xcode.app/Contents/Developer/Platforms/iPhoneSimulator.platform/Developer/usr/bin
               PLATFORM_DEVELOPER_LIBRARY_DIR = /Applications/Xcode.app/Contents/Developer/Platforms/iPhoneSimulator.platform/Developer/Library
               PLATFORM_DEVELOPER_SDK_DIR = /Applications/Xcode.app/Contents/Developer/Platforms/iPhoneSimulator.platform/Developer/SDKs
               PLATFORM_DEVELOPER_TOOLS_DIR = /Applications/Xcode.app/Contents/Developer/Platforms/iPhoneSimulator.platform/Developer/Tools
               PLATFORM_DEVELOPER_USR_DIR = /Applications/Xcode.app/Contents/Developer/Platforms/iPhoneSimulator.platform/Developer/usr
               PLATFORM_DIR = /Applications/Xcode.app/Contents/Developer/Platforms/iPhoneSimulator.platform
               PLATFORM_DISPLAY_NAME = iOS Simulator
               PLATFORM_FAMILY_NAME = iOS
               PLATFORM_NAME = iphonesimulator
               PLATFORM_PREFERRED_ARCH = x86_64
               PLATFORM_PRODUCT_BUILD_VERSION = 23F81a
               PLATFORM_REQUIRES_SWIFT_AUTOLINK_EXTRACT = NO
               PLATFORM_REQUIRES_SWIFT_MODULEWRAP = NO
               PLATFORM_USES_DSYMS = YES
               PLIST_FILE_OUTPUT_FORMAT = binary
               PODS_BUILD_DIR = /Users/macair/Documents/food_diary/build/ios
               PODS_CONFIGURATION_BUILD_DIR = /Users/macair/Documents/food_diary/build/ios/Release-iphonesimulator
               PODS_DEVELOPMENT_LANGUAGE = en
               PODS_ROOT = /Users/macair/Documents/food_diary/ios/Pods
               PODS_TARGET_SRCROOT = /Users/macair/Documents/food_diary/ios/Pods/../Flutter
               PODS_XCFRAMEWORKS_BUILD_DIR = /Users/macair/Documents/food_diary/build/ios/Release-iphonesimulator/XCFrameworkIntermediates
               PRECOMPS_INCLUDE_HEADERS_FROM_BUILT_PRODUCTS_DIR = YES
               PRECOMP_DESTINATION_DIR = /Users/macair/Documents/food_diary/build/ios/Pods.build/Release-iphonesimulator/Flutter.build/PrefixHeaders
               PROCESSED_INFOPLIST_PATH = /Users/macair/Documents/food_diary/build/ios/Pods.build/Release-iphonesimulator/Flutter.build/Objects-normal/undefined_arch/Processed-Info.plist
               PRODUCT_BUNDLE_IDENTIFIER = org.cocoapods.Flutter
               PRODUCT_MODULE_NAME = Flutter
               PRODUCT_NAME = Flutter
               PRODUCT_SETTINGS_PATH = 
               PROFILING_CODE = NO
               PROJECT = Pods
               PROJECT_DERIVED_FILE_DIR = /Users/macair/Documents/food_diary/build/ios/Pods.build/DerivedSources
               PROJECT_DIR = /Users/macair/Documents/food_diary/ios/Pods
               PROJECT_FILE_PATH = /Users/macair/Documents/food_diary/ios/Pods/Pods.xcodeproj
               PROJECT_GUID = bfdfe7dc352907fc980b868725387e98
               PROJECT_NAME = Pods
               PROJECT_TEMP_DIR = /Users/macair/Documents/food_diary/build/ios/Pods.build
               PROJECT_TEMP_ROOT = /Users/macair/Documents/food_diary/build/ios
               RECOMMENDED_IPHONEOS_DEPLOYMENT_TARGET = 15.0
               RECURSIVE_SEARCH_PATHS_FOLLOW_SYMLINKS = YES
               REMOVE_CVS_FROM_RESOURCES = YES
               REMOVE_GIT_FROM_RESOURCES = YES
               REMOVE_HEADERS_FROM_EMBEDDED_BUNDLES = YES
               REMOVE_HG_FROM_RESOURCES = YES
               REMOVE_STATIC_EXECUTABLES_FROM_EMBEDDED_BUNDLES = YES
               REMOVE_SVN_FROM_RESOURCES = YES
               RESCHEDULE_INDEPENDENT_HEADERS_PHASES = YES
               REZ_COLLECTOR_DIR = /Users/macair/Documents/food_diary/build/ios/Pods.build/Release-iphonesimulator/Flutter.build/ResourceManagerResources
               REZ_OBJECTS_DIR = /Users/macair/Documents/food_diary/build/ios/Pods.build/Release-iphonesimulator/Flutter.build/ResourceManagerResources/Objects
               RPATH_ORIGIN = @loader_path
               RUNTIME_EXCEPTION_ALLOW_DYLD_ENVIRONMENT_VARIABLES = NO
               RUNTIME_EXCEPTION_ALLOW_JIT = NO
               RUNTIME_EXCEPTION_ALLOW_UNSIGNED_EXECUTABLE_MEMORY = NO
               RUNTIME_EXCEPTION_DEBUGGING_TOOL = NO
               RUNTIME_EXCEPTION_DISABLE_EXECUTABLE_PAGE_PROTECTION = NO
               RUNTIME_EXCEPTION_DISABLE_LIBRARY_VALIDATION = NO
               SCANNING_PCM_KEEP_CACHE_DIRECTORY = YES
               SCAN_ALL_SOURCE_FILES_FOR_INCLUDES = NO
               SDKROOT = /Applications/Xcode.app/Contents/Developer/Platforms/iPhoneSimulator.platform/Developer/SDKs/iPhoneSimulator26.5.sdk
               SDK_DIR = /Applications/Xcode.app/Contents/Developer/Platforms/iPhoneSimulator.platform/Developer/SDKs/iPhoneSimulator26.5.sdk
               SDK_DIR_iphonesimulator = /Applications/Xcode.app/Contents/Developer/Platforms/iPhoneSimulator.platform/Developer/SDKs/iPhoneSimulator26.5.sdk
               SDK_DIR_iphonesimulator26_5 = /Applications/Xcode.app/Contents/Developer/Platforms/iPhoneSimulator.platform/Developer/SDKs/iPhoneSimulator26.5.sdk
               SDK_NAME = iphonesimulator26.5
               SDK_NAMES = iphonesimulator26.5
               SDK_PRODUCT_BUILD_VERSION = 23F81a
               SDK_STAT_CACHE_DIR = /var/folders/t7/4ns5bn2972v1xz_j79mgwsyw0000gn/C/com.apple.DeveloperTools/26.6-17F113/Xcode
               SDK_STAT_CACHE_ENABLE = YES
               SDK_STAT_CACHE_PATH = /var/folders/t7/4ns5bn2972v1xz_j79mgwsyw0000gn/C/com.apple.DeveloperTools/26.6-17F113/Xcode/SDKStatCaches.noindex/iphonesimulator26.5-23F81a-6cfe768891a92b912361537c460fe42b.sdkstatcache
               SDK_VERSION = 26.5
               SDK_VERSION_ACTUAL = 260500
               SDK_VERSION_MAJOR = 260000
               SDK_VERSION_MINOR = 260500
               SED = /usr/bin/sed
               SEPARATE_STRIP = NO
               SEPARATE_SYMBOL_EDIT = NO
               SET_DIR_MODE_OWNER_GROUP = YES
               SET_FILE_MODE_OWNER_GROUP = NO
               SHALLOW_BUNDLE = NO
               SHARED_DERIVED_FILE_DIR = /Users/macair/Documents/food_diary/build/ios/Release-iphonesimulator/Flutter/DerivedSources
               SHARED_PRECOMPS_DIR = /Users/macair/Documents/food_diary/build/ios/SharedPrecompiledHeaders
               SKIP_INSTALL = YES
               SKIP_MERGEABLE_LIBRARY_BUNDLE_HOOK = NO
               SOURCE_ROOT = /Users/macair/Documents/food_diary/ios/Pods
               SRCROOT = /Users/macair/Documents/food_diary/ios/Pods
               STRINGSDATA_DIR = /Users/macair/Documents/food_diary/build/ios/Pods.build/Release-iphonesimulator/Flutter.build/Objects-normal/undefined_arch
               STRINGSDATA_ROOT = /Users/macair/Documents/food_diary/build/ios/Pods.build/Release-iphonesimulator/Flutter.build
               STRINGS_FILE_INFOPLIST_RENAME = YES
               STRINGS_FILE_OUTPUT_ENCODING = binary
               STRING_CATALOG_GENERATE_SYMBOLS = NO
               STRIP_BITCODE_FROM_COPIED_FILES = NO
               STRIP_INSTALLED_PRODUCT = NO
               STRIP_STYLE = all
               STRIP_SWIFT_SYMBOLS = YES
               SUPPORTED_DEVICE_FAMILIES = 1,2
               SUPPORTED_PLATFORMS = iphoneos iphonesimulator
               SUPPORTS_TEXT_BASED_API = NO
               SUPPRESS_WARNINGS = NO
               SWIFT_COMPILATION_MODE = wholemodule
               SWIFT_EMIT_CONST_VALUE_PROTOCOLS = AnyResolverProviding AppEntity AppEnum AppExtension AppIntent AppIntentsPackage AppShortcutProviding AppShortcutsProvider AppUnionValue AppUnionValueCasesProviding DynamicOptionsProvider EntityQuery ExtensionPointDefining IntentValueQuery Resolver TransientEntity _AssistantIntentsProvider _GenerativeFunctionExtractable _IntentValueRepresentable
               SWIFT_EMIT_LOC_STRINGS = NO
               SWIFT_ENABLE_EXPLICIT_MODULES = YES
               SWIFT_OPTIMIZATION_LEVEL = -O
               SWIFT_PLATFORM_TARGET_PREFIX = ios
               SWIFT_RESPONSE_FILE_PATH_normal_arm64 = /Users/macair/Documents/food_diary/build/ios/Pods.build/Release-iphonesimulator/Flutter.build/Objects-normal/arm64/Flutter.SwiftFileList
               SWIFT_RESPONSE_FILE_PATH_normal_x86_64 = /Users/macair/Documents/food_diary/build/ios/Pods.build/Release-iphonesimulator/Flutter.build/Objects-normal/x86_64/Flutter.SwiftFileList
               SWIFT_VERSION = 5.0
               SYMROOT = /Users/macair/Documents/food_diary/ios/build
               SYSTEM_ADMIN_APPS_DIR = /Applications/Utilities
               SYSTEM_APPS_DIR = /Applications
               SYSTEM_CORE_SERVICES_DIR = /System/Library/CoreServices
               SYSTEM_DEMOS_DIR = /Applications/Extras
               SYSTEM_DEVELOPER_APPS_DIR = /Applications/Xcode.app/Contents/Developer/Applications
               SYSTEM_DEVELOPER_BIN_DIR = /Applications/Xcode.app/Contents/Developer/usr/bin
               SYSTEM_DEVELOPER_DEMOS_DIR = /Applications/Xcode.app/Contents/Developer/Applications/Utilities/Built Examples
               SYSTEM_DEVELOPER_DIR = /Applications/Xcode.app/Contents/Developer
               SYSTEM_DEVELOPER_DOC_DIR = /Applications/Xcode.app/Contents/Developer/ADC Reference Library
               SYSTEM_DEVELOPER_GRAPHICS_TOOLS_DIR = /Applications/Xcode.app/Contents/Developer/Applications/Graphics Tools
               SYSTEM_DEVELOPER_JAVA_TOOLS_DIR = /Applications/Xcode.app/Contents/Developer/Applications/Java Tools
               SYSTEM_DEVELOPER_PERFORMANCE_TOOLS_DIR = /Applications/Xcode.app/Contents/Developer/Applications/Performance Tools
               SYSTEM_DEVELOPER_RELEASENOTES_DIR = /Applications/Xcode.app/Contents/Developer/ADC Reference Library/releasenotes
               SYSTEM_DEVELOPER_TOOLS = /Applications/Xcode.app/Contents/Developer/Tools
               SYSTEM_DEVELOPER_TOOLS_DOC_DIR = /Applications/Xcode.app/Contents/Developer/ADC Reference Library/documentation/DeveloperTools
               SYSTEM_DEVELOPER_TOOLS_RELEASENOTES_DIR = /Applications/Xcode.app/Contents/Developer/ADC Reference Library/releasenotes/DeveloperTools
               SYSTEM_DEVELOPER_USR_DIR = /Applications/Xcode.app/Contents/Developer/usr
               SYSTEM_DEVELOPER_UTILITIES_DIR = /Applications/Xcode.app/Contents/Developer/Applications/Utilities
               SYSTEM_DEXT_INSTALL_PATH = /System/Library/DriverExtensions
               SYSTEM_DOCUMENTATION_DIR = /Library/Documentation
               SYSTEM_KEXT_INSTALL_PATH = /System/Library/Extensions
               SYSTEM_LIBRARY_DIR = /System/Library
               TAPI_DEMANGLE = YES
               TAPI_ENABLE_PROJECT_HEADERS = NO
               TAPI_LANGUAGE = objective-c
               TAPI_LANGUAGE_STANDARD = compiler-default
               TAPI_USE_SRCROOT = YES
               TAPI_VERIFY_MODE = Pedantic
               TARGETED_DEVICE_FAMILY = 1,2
               TARGETNAME = Flutter
               TARGET_BUILD_DIR = /Users/macair/Documents/food_diary/build/ios/Release-iphonesimulator/Flutter
               TARGET_NAME = Flutter
               TARGET_TEMP_DIR = /Users/macair/Documents/food_diary/build/ios/Pods.build/Release-iphonesimulator/Flutter.build
               TEMP_DIR = /Users/macair/Documents/food_diary/build/ios/Pods.build/Release-iphonesimulator/Flutter.build
               TEMP_FILES_DIR = /Users/macair/Documents/food_diary/build/ios/Pods.build/Release-iphonesimulator/Flutter.build
               TEMP_FILE_DIR = /Users/macair/Documents/food_diary/build/ios/Pods.build/Release-iphonesimulator/Flutter.build
               TEMP_ROOT = /Users/macair/Documents/food_diary/build/ios
               TEMP_SANDBOX_DIR = /Users/macair/Documents/food_diary/build/ios/TemporaryTaskSandboxes
               TEST_FRAMEWORK_SEARCH_PATHS =  /Applications/Xcode.app/Contents/Developer/Platforms/iPhoneSimulator.platform/Developer/Library/Frameworks /Applications/Xcode.app/Contents/Developer/Platforms/iPhoneSimulator.platform/Developer/SDKs/iPhoneSimulator26.5.sdk/Developer/Library/Frameworks
               TEST_LIBRARY_SEARCH_PATHS =  /Applications/Xcode.app/Contents/Developer/Platforms/iPhoneSimulator.platform/Developer/usr/lib
               TOOLCHAINS = com.apple.dt.toolchain.XcodeDefault
               TOOLCHAIN_DIR = /Applications/Xcode.app/Contents/Developer/Toolchains/XcodeDefault.xctoolchain
               TREAT_MISSING_BASELINES_AS_TEST_FAILURES = NO
               TREAT_MISSING_SCRIPT_PHASE_OUTPUTS_AS_ERRORS = NO
               TVOS_DEPLOYMENT_TARGET = 26.5
               UID = 501
               UNINSTALLED_PRODUCTS_DIR = /Users/macair/Documents/food_diary/build/ios/UninstalledProducts
               UNSTRIPPED_PRODUCT = NO
               USER = macair
               USER_APPS_DIR = /Users/macair/Applications
               USER_LIBRARY_DIR = /Users/macair/Library
               USE_DYNAMIC_NO_PIC = YES
               USE_HEADERMAP = YES
               USE_HEADER_SYMLINKS = NO
               USE_RECURSIVE_SCRIPT_INPUTS_IN_SCRIPT_PHASES = YES
               VALIDATE_DEVELOPMENT_ASSET_PATHS = YES_ERROR
               VALIDATE_PRODUCT = YES
               VALID_ARCHS = arm64 x86_64
               VERBOSE_PBXCP = NO
               VERSION_INFO_BUILDER = macair
               VERSION_INFO_FILE = Flutter_vers.c
               VERSION_INFO_STRING = "@(#)PROGRAM:Flutter  PROJECT:Pods-"
               WATCHOS_DEPLOYMENT_TARGET = 26.5
               WORKSPACE_DIR = /Users/macair/Documents/food_diary/ios/Pods/Pods.xcodeproj
               WRAP_ASSET_PACKS_IN_SEPARATE_DIRECTORIES = NO
               XCODE_APP_SUPPORT_DIR = /Applications/Xcode.app/Contents/Developer/Library/Xcode
               XCODE_PRODUCT_BUILD_VERSION = 17F113
               XCODE_VERSION_ACTUAL = 2660
               XCODE_VERSION_MAJOR = 2600
               XCODE_VERSION_MINOR = 2660
               XPCSERVICES_FOLDER_PATH = /XPCServices
               XROS_DEPLOYMENT_TARGET = 26.5
               YACC = yacc
               _DISCOVER_COMMAND_LINE_LINKER_INPUTS = YES
               _DISCOVER_COMMAND_LINE_LINKER_INPUTS_INCLUDE_WL = YES
               _LD_MULTIARCH = YES
               __DIAGNOSE_DEPRECATED_ARCHS = YES
               __ORIGINAL_SDK_DEFINED_LLVM_TARGET_TRIPLE_SYS = ios
               arch = undefined_arch
               variant = normal

           Build settings for action build and target Pods-Runner:
               ACTION = build
               AD_HOC_CODE_SIGNING_ALLOWED = YES
               ALLOW_BUILD_REQUEST_OVERRIDES = NO
               ALLOW_TARGET_PLATFORM_SPECIALIZATION = NO
               ALTERNATE_GROUP = staff
               ALTERNATE_MODE = u+w,go-w,a+rX
               ALTERNATE_OWNER = macair
               ALTERNATIVE_DISTRIBUTION_WEB = NO
               ALWAYS_EMBED_SWIFT_STANDARD_LIBRARIES = NO
               ALWAYS_SEARCH_USER_PATHS = NO
               ALWAYS_USE_SEPARATE_HEADERMAPS = NO
               APPLICATION_EXTENSION_API_ONLY = NO
               APPLY_RULES_IN_COPY_FILES = NO
               APPLY_RULES_IN_COPY_HEADERS = NO
               APP_SHORTCUTS_ENABLE_FLEXIBLE_MATCHING = YES
               ARCHS = arm64 x86_64
               ARCHS_BASE = arm64 x86_64
               ARCHS_STANDARD = arm64 x86_64
               ARCHS_STANDARD_32_64_BIT = arm64 x86_64
               ARCHS_STANDARD_64_BIT = arm64 x86_64
               ARCHS_STANDARD_INCLUDING_64_BIT = arm64 x86_64
               ARCHS_UNIVERSAL_IPHONE_OS = arm64 x86_64
               AUTOMATICALLY_MERGE_DEPENDENCIES = NO
               AUTOMATION_APPLE_EVENTS = NO
               AVAILABLE_PLATFORMS = android appletvos appletvsimulator driverkit freebsd iphoneos iphonesimulator linux macosx none openbsd qnx watchos watchsimulator webassembly xros xrsimulator
               BUILD_ACTIVE_RESOURCES_ONLY = NO
               BUILD_COMPONENTS = headers build
               BUILD_DIR = /Users/macair/Documents/food_diary/build/ios
               BUILD_LIBRARY_FOR_DISTRIBUTION = NO
               BUILD_ONLY_KNOWN_LOCALIZATIONS = NO
               BUILD_ROOT = /Users/macair/Documents/food_diary/ios/build
               BUILD_STYLE = 
               BUILD_VARIANTS = normal
               BUILT_PRODUCTS_DIR = /Users/macair/Documents/food_diary/build/ios/Release-iphonesimulator
               BUNDLE_CONTENTS_FOLDER_PATH_deep = Contents/
               BUNDLE_EXECUTABLE_FOLDER_NAME_deep = MacOS
               BUNDLE_EXTENSIONS_FOLDER_PATH = Extensions
               BUNDLE_FORMAT = shallow
               BUNDLE_FRAMEWORKS_FOLDER_PATH = Frameworks
               BUNDLE_PLUGINS_FOLDER_PATH = PlugIns
               BUNDLE_PRIVATE_HEADERS_FOLDER_PATH = PrivateHeaders
               BUNDLE_PUBLIC_HEADERS_FOLDER_PATH = Headers
               CACHE_ROOT = /var/folders/t7/4ns5bn2972v1xz_j79mgwsyw0000gn/C/com.apple.DeveloperTools/26.6-17F113/Xcode
               CCHROOT = /var/folders/t7/4ns5bn2972v1xz_j79mgwsyw0000gn/C/com.apple.DeveloperTools/26.6-17F113/Xcode
               CHMOD = /bin/chmod
               CHOWN = chown
               CLANG_ANALYZER_LOCALIZABILITY_NONLOCALIZED = YES
               CLANG_ANALYZER_NONNULL = YES
               CLANG_ANALYZER_NUMBER_OBJECT_CONVERSION = YES_AGGRESSIVE
               CLANG_CACHE_FINE_GRAINED_OUTPUTS = YES
               CLANG_CXX_LANGUAGE_STANDARD = gnu++14
               CLANG_CXX_LIBRARY = libc++
               CLANG_ENABLE_EXPLICIT_MODULES = YES
               CLANG_ENABLE_MODULES = YES
               CLANG_ENABLE_OBJC_ARC = YES
               CLANG_ENABLE_OBJC_WEAK = NO
               CLANG_MODULES_BUILD_SESSION_FILE = /var/folders/t7/4ns5bn2972v1xz_j79mgwsyw0000gn/C/org.llvm.clang/ModuleCache.noindex/Session.modulevalidation
               CLANG_WARN_BLOCK_CAPTURE_AUTORELEASING = YES
               CLANG_WARN_BOOL_CONVERSION = YES
               CLANG_WARN_COMMA = YES
               CLANG_WARN_CONSTANT_CONVERSION = YES
               CLANG_WARN_DEPRECATED_OBJC_IMPLEMENTATIONS = YES
               CLANG_WARN_DIRECT_OBJC_ISA_USAGE = YES_ERROR
               CLANG_WARN_DOCUMENTATION_COMMENTS = YES
               CLANG_WARN_EMPTY_BODY = YES
               CLANG_WARN_ENUM_CONVERSION = YES
               CLANG_WARN_INFINITE_RECURSION = YES
               CLANG_WARN_INT_CONVERSION = YES
               CLANG_WARN_NON_LITERAL_NULL_CONVERSION = YES
               CLANG_WARN_OBJC_IMPLICIT_RETAIN_SELF = YES
               CLANG_WARN_OBJC_LITERAL_CONVERSION = YES
               CLANG_WARN_OBJC_ROOT_CLASS = YES_ERROR
               CLANG_WARN_QUOTED_INCLUDE_IN_FRAMEWORK_HEADER = NO
               CLANG_WARN_RANGE_LOOP_ANALYSIS = YES
               CLANG_WARN_STRICT_PROTOTYPES = YES
               CLANG_WARN_SUSPICIOUS_MOVE = YES
               CLANG_WARN_UNGUARDED_AVAILABILITY = YES_AGGRESSIVE
               CLANG_WARN_UNREACHABLE_CODE = YES
               CLANG_WARN__DUPLICATE_METHOD_MATCH = YES
               CLASS_FILE_DIR = /Users/macair/Documents/food_diary/build/ios/Pods.build/Release-iphonesimulator/Pods-Runner.build/JavaClasses
               CLEAN_PRECOMPS = YES
               CLONE_HEADERS = NO
               CODESIGNING_FOLDER_PATH = /Users/macair/Documents/food_diary/build/ios/Release-iphonesimulator/Pods_Runner.framework
               CODE_SIGNING_ALLOWED = YES
               CODE_SIGNING_REQUIRED = NO
               CODE_SIGNING_REQUIRES_TEAM = YES
               CODE_SIGN_CONTEXT_CLASS = XCiPhoneSimulatorCodeSignContext
               CODE_SIGN_IDENTITY = -
               CODE_SIGN_INJECT_BASE_ENTITLEMENTS = YES
               COLOR_DIAGNOSTICS = NO
               COMBINE_HIDPI_IMAGES = NO
               COMPILATION_CACHE_CAS_PATH = /var/folders/t7/4ns5bn2972v1xz_j79mgwsyw0000gn/C/com.apple.DeveloperTools/26.6-17F113/Xcode/CompilationCache.noindex
               COMPILATION_CACHE_KEEP_CAS_DIRECTORY = YES
               COMPILER_INDEX_STORE_ENABLE = Default
               COMPOSITE_SDK_DIRS = /Users/macair/Documents/food_diary/build/ios/CompositeSDKs
               COMPRESS_PNG_FILES = YES
               CONFIGURATION = Release
               CONFIGURATION_BUILD_DIR = /Users/macair/Documents/food_diary/build/ios/Release-iphonesimulator
               CONFIGURATION_TEMP_DIR = /Users/macair/Documents/food_diary/build/ios/Pods.build/Release-iphonesimulator
               CONTENTS_FOLDER_PATH = Pods_Runner.framework
               CONTENTS_FOLDER_PATH_SHALLOW_BUNDLE_NO = Pods_Runner.framework/A
               CONTENTS_FOLDER_PATH_SHALLOW_BUNDLE_YES = Pods_Runner.framework
               COPYING_PRESERVES_HFS_DATA = NO
               COPY_HEADERS_RUN_UNIFDEF = NO
               COPY_PHASE_STRIP = NO
               CORRESPONDING_DEVICE_PLATFORM_DIR = /Applications/Xcode.app/Contents/Developer/Platforms/iPhoneOS.platform
               CORRESPONDING_DEVICE_PLATFORM_NAME = iphoneos
               CORRESPONDING_DEVICE_SDK_DIR = /Applications/Xcode.app/Contents/Developer/Platforms/iPhoneOS.platform/Developer/SDKs/iPhoneOS26.5.sdk
               CORRESPONDING_DEVICE_SDK_NAME = iphoneos26.5
               CP = /bin/cp
               CREATE_INFOPLIST_SECTION_IN_BINARY = NO
               CURRENT_ARCH = undefined_arch
               CURRENT_PROJECT_VERSION = 1
               CURRENT_VARIANT = normal
               CURRENT_VERSION = Current
               DEAD_CODE_STRIPPING = YES
               DEBUGGING_SYMBOLS = YES
               DEBUG_INFORMATION_FORMAT = dwarf-with-dsym
               DEBUG_INFORMATION_VERSION = compiler-default
               DEFAULT_COMPILER = com.apple.compilers.llvm.clang.1_0
               DEFAULT_DEXT_INSTALL_PATH = /System/Library/DriverExtensions
               DEFAULT_KEXT_INSTALL_PATH = /System/Library/Extensions
               DEFINES_MODULE = YES
               DEPLOYMENT_LOCATION = NO
               DEPLOYMENT_POSTPROCESSING = NO
               DEPLOYMENT_TARGET_SETTING_NAME = IPHONEOS_DEPLOYMENT_TARGET
               DEPLOYMENT_TARGET_SUGGESTED_VALUES = 12.0 12.1 12.2 12.3 12.4 13.0 13.1 13.2 13.3 13.4 13.5 13.6 14.0 14.1 14.2 14.3 14.4 14.5 14.6 14.7 15.0 15.1 15.2 15.3 15.4 15.5 15.6 16.0 16.1 16.2 16.3 16.4 16.5 16.6 17.0 17.1 17.2 17.3 17.4 17.5 17.6 18.0 18.1 18.2 18.3 18.4 18.5 18.6 26.0 26.2 26.3 26.4 26.5
               DERIVED_FILES_DIR = /Users/macair/Documents/food_diary/build/ios/Pods.build/Release-iphonesimulator/Pods-Runner.build/DerivedSources
               DERIVED_FILE_DIR = /Users/macair/Documents/food_diary/build/ios/Pods.build/Release-iphonesimulator/Pods-Runner.build/DerivedSources
               DERIVED_SOURCES_DIR = /Users/macair/Documents/food_diary/build/ios/Pods.build/Release-iphonesimulator/Pods-Runner.build/DerivedSources
               DEVELOPER_APPLICATIONS_DIR = /Applications/Xcode.app/Contents/Developer/Applications
               DEVELOPER_BIN_DIR = /Applications/Xcode.app/Contents/Developer/usr/bin
               DEVELOPER_DIR = /Applications/Xcode.app/Contents/Developer
               DEVELOPER_FRAMEWORKS_DIR = /Applications/Xcode.app/Contents/Developer/Library/Frameworks
               DEVELOPER_FRAMEWORKS_DIR_QUOTED = /Applications/Xcode.app/Contents/Developer/Library/Frameworks
               DEVELOPER_LIBRARY_DIR = /Applications/Xcode.app/Contents/Developer/Library
               DEVELOPER_SDK_DIR = /Applications/Xcode.app/Contents/Developer/Platforms/MacOSX.platform/Developer/SDKs
               DEVELOPER_TOOLS_DIR = /Applications/Xcode.app/Contents/Developer/Tools
               DEVELOPER_USR_DIR = /Applications/Xcode.app/Contents/Developer/usr
               DEVELOPMENT_LANGUAGE = en
               DIAGNOSE_MISSING_TARGET_DEPENDENCIES = YES
               DIFF = /usr/bin/diff
               DOCUMENTATION_FOLDER_PATH = Pods_Runner.framework/en.lproj/Documentation
               DONT_GENERATE_INFOPLIST_FILE = NO
               DRIVERKIT_DEPLOYMENT_TARGET = 25.5
               DSTROOT = /tmp/Pods.dst
               DT_TOOLCHAIN_DIR = /Applications/Xcode.app/Contents/Developer/Toolchains/XcodeDefault.xctoolchain
               DUMP_DEPENDENCIES = NO
               DUMP_DEPENDENCIES_OUTPUT_PATH = /Users/macair/Documents/food_diary/build/ios/Pods.build/Release-iphonesimulator/Pods-Runner.build/Pods-Runner-BuildDependencyInfo.json
               DWARF_DSYM_FILE_NAME = Pods_Runner.framework.dSYM
               DWARF_DSYM_FILE_SHOULD_ACCOMPANY_PRODUCT = NO
               DWARF_DSYM_FOLDER_PATH = /Users/macair/Documents/food_diary/build/ios/Release-iphonesimulator
               DYLIB_COMPATIBILITY_VERSION = 1
               DYLIB_CURRENT_VERSION = 1
               DYLIB_INSTALL_NAME_BASE = @rpath
               DYNAMIC_LIBRARY_EXTENSION = dylib
               EAGER_COMPILATION_ALLOW_SCRIPTS = NO
               EAGER_LINKING = NO
               EFFECTIVE_PLATFORM_NAME = -iphonesimulator
               EFFECTIVE_SWIFT_VERSION = 5
               EMBEDDED_CONTENT_CONTAINS_SWIFT = NO
               EMBED_ASSET_PACKS_IN_PRODUCT_BUNDLE = NO
               ENABLE_APP_SANDBOX = NO
               ENABLE_BITCODE = NO
               ENABLE_CODE_COVERAGE = YES
               ENABLE_COHORT_ARCHS = NO
               ENABLE_CPLUSPLUS_BOUNDS_SAFE_BUFFERS = NO
               ENABLE_C_BOUNDS_SAFETY = NO
               ENABLE_DEFAULT_HEADER_SEARCH_PATHS = YES
               ENABLE_DEFAULT_SEARCH_PATHS = YES
               ENABLE_ENHANCED_SECURITY = NO
               ENABLE_HARDENED_RUNTIME = NO
               ENABLE_HEADER_DEPENDENCIES = YES
               ENABLE_INCOMING_NETWORK_CONNECTIONS = NO
               ENABLE_MODULE_VERIFIER = NO
               ENABLE_NS_ASSERTIONS = NO
               ENABLE_ON_DEMAND_RESOURCES = NO
               ENABLE_OUTGOING_NETWORK_CONNECTIONS = NO
               ENABLE_POINTER_AUTHENTICATION = NO
               ENABLE_RESOURCE_ACCESS_AUDIO_INPUT = NO
               ENABLE_RESOURCE_ACCESS_BLUETOOTH = NO
               ENABLE_RESOURCE_ACCESS_CALENDARS = NO
               ENABLE_RESOURCE_ACCESS_CAMERA = NO
               ENABLE_RESOURCE_ACCESS_CONTACTS = NO
               ENABLE_RESOURCE_ACCESS_LOCATION = NO
               ENABLE_RESOURCE_ACCESS_PHOTO_LIBRARY = NO
               ENABLE_RESOURCE_ACCESS_PRINTING = NO
               ENABLE_RESOURCE_ACCESS_USB = NO
               ENABLE_SDK_IMPORTS = NO
               ENABLE_SECURITY_COMPILER_WARNINGS = NO
               ENABLE_STRICT_OBJC_MSGSEND = YES
               ENABLE_TESTABILITY = NO
               ENABLE_TESTING_SEARCH_PATHS = NO
               ENABLE_USER_SCRIPT_SANDBOXING = NO
               ENFORCE_VALID_ARCHS = YES
               ENTITLEMENTS_DESTINATION = __entitlements
               ENTITLEMENTS_REQUIRED = NO
               EXCLUDED_ARCHS =  i386
               EXCLUDED_INSTALLSRC_SUBDIRECTORY_PATTERNS = .DS_Store .svn .git .hg CVS
               EXCLUDED_RECURSIVE_SEARCH_PATH_SUBDIRECTORIES = *.nib *.lproj *.framework *.gch *.xcode* *.xcassets *.icon (*) .DS_Store CVS .svn .git .hg *.pbproj *.pbxproj
               EXECUTABLES_FOLDER_PATH = Pods_Runner.framework/en.lproj
               EXECUTABLE_FOLDER_PATH = Pods_Runner.framework
               EXECUTABLE_FOLDER_PATH_SHALLOW_BUNDLE_NO = Pods_Runner.framework
               EXECUTABLE_FOLDER_PATH_SHALLOW_BUNDLE_YES = Pods_Runner.framework
               EXECUTABLE_NAME = Pods_Runner
               EXECUTABLE_PATH = Pods_Runner.framework/Pods_Runner
               EXTENSIONS_FOLDER_PATH = Pods_Runner.framework/Extensions
               FILE_LIST = /Users/macair/Documents/food_diary/build/ios/Pods.build/Release-iphonesimulator/Pods-Runner.build/Objects/LinkFileList
               FIXED_FILES_DIR = /Users/macair/Documents/food_diary/build/ios/Pods.build/Release-iphonesimulator/Pods-Runner.build/FixedFiles
               FRAMEWORKS_FOLDER_PATH = Pods_Runner.framework/Frameworks
               FRAMEWORK_FLAG_PREFIX = -framework
               FRAMEWORK_SEARCH_PATHS = /Users/macair/Documents/food_diary/build/ios/Release-iphonesimulator "/Users/macair/development/flutter/bin/cache/artifacts/engine/ios-release/Flutter.xcframework/ios-arm64_x86_64-simulator" 
               FRAMEWORK_VERSION = A
               FULL_PRODUCT_NAME = Pods_Runner.framework
               FUSE_BUILD_PHASES = YES
               FUSE_BUILD_SCRIPT_PHASES = NO
               GCC3_VERSION = 3.3
               GCC_C_LANGUAGE_STANDARD = gnu11
               GCC_INLINES_ARE_PRIVATE_EXTERN = YES
               GCC_NO_COMMON_BLOCKS = YES
               GCC_OBJC_LEGACY_DISPATCH = YES
               GCC_PFE_FILE_C_DIALECTS = c objective-c c++ objective-c++
               GCC_PREPROCESSOR_DEFINITIONS = POD_CONFIGURATION_RELEASE=1  COCOAPODS=1
               GCC_TREAT_WARNINGS_AS_ERRORS = NO
               GCC_VERSION = com.apple.compilers.llvm.clang.1_0
               GCC_VERSION_IDENTIFIER = com_apple_compilers_llvm_clang_1_0
               GCC_WARN_64_TO_32_BIT_CONVERSION = YES
               GCC_WARN_ABOUT_RETURN_TYPE = YES_ERROR
               GCC_WARN_UNDECLARED_SELECTOR = YES
               GCC_WARN_UNINITIALIZED_AUTOS = YES_AGGRESSIVE
               GCC_WARN_UNUSED_FUNCTION = YES
               GCC_WARN_UNUSED_VARIABLE = YES
               GENERATED_MODULEMAP_DIR = /Users/macair/Documents/food_diary/build/ios/GeneratedModuleMaps-iphonesimulator
               GENERATE_INFOPLIST_FILE = NO
               GENERATE_INTERMEDIATE_TEXT_BASED_STUBS = YES
               GENERATE_PKGINFO_FILE = NO
               GENERATE_PRELINK_OBJECT_FILE = NO
               GENERATE_PROFILING_CODE = NO
               GENERATE_TEXT_BASED_STUBS = NO
               GID = 20
               GROUP = staff
               HEADERMAP_INCLUDES_FLAT_ENTRIES_FOR_TARGET_BEING_BUILT = YES
               HEADERMAP_INCLUDES_FRAMEWORK_ENTRIES_FOR_ALL_PRODUCT_TYPES = YES
               HEADERMAP_INCLUDES_FRAMEWORK_ENTRIES_FOR_TARGETS_NOT_BEING_BUILT = YES
               HEADERMAP_INCLUDES_NONPUBLIC_NONPRIVATE_HEADERS = YES
               HEADERMAP_INCLUDES_PROJECT_HEADERS = YES
               HEADERMAP_USES_FRAMEWORK_PREFIX_ENTRIES = YES
               HEADERMAP_USES_VFS = YES
               HEADER_SEARCH_PATHS = /Users/macair/Documents/food_diary/build/ios/Release-iphonesimulator/include 
               HOME = /Users/macair
               HOST_ARCH = arm64
               HOST_PLATFORM = macosx
               ICONV = /usr/bin/iconv
               IMPLICIT_DEPENDENCY_DOMAIN = default
               INDEX_STORE_COMPRESS = NO
               INDEX_STORE_ONLY_PROJECT_FILES = NO
               INFOPLIST_ENABLE_CFBUNDLEICONS_MERGE = YES
               INFOPLIST_EXPAND_BUILD_SETTINGS = YES
               INFOPLIST_FILE = Target Support Files/Pods-Runner/Pods-Runner-Info.plist
               INFOPLIST_OUTPUT_FORMAT = binary
               INFOPLIST_PATH = Pods_Runner.framework/Info.plist
               INFOPLIST_PREPROCESS = NO
               INFOSTRINGS_PATH = Pods_Runner.framework/en.lproj/InfoPlist.strings
               INLINE_PRIVATE_FRAMEWORKS = NO
               INSTALLAPI_IGNORE_SKIP_INSTALL = YES
               INSTALLHDRS_COPY_PHASE = NO
               INSTALLHDRS_SCRIPT_PHASE = NO
               INSTALL_DIR = /tmp/Pods.dst/Library/Frameworks
               INSTALL_GROUP = staff
               INSTALL_MODE_FLAG = u+w,go-w,a+rX
               INSTALL_OWNER = macair
               INSTALL_PATH = /Library/Frameworks
               INSTALL_ROOT = /tmp/Pods.dst
               IPHONEOS_DEPLOYMENT_TARGET = 13.0
               IS_UNOPTIMIZED_BUILD = NO
               JAVAC_DEFAULT_FLAGS = -J-Xms64m -J-XX:NewSize=4M -J-Dfile.encoding=UTF8
               JAVA_APP_STUB = /System/Library/Frameworks/JavaVM.framework/Resources/MacOS/JavaApplicationStub
               JAVA_ARCHIVE_CLASSES = YES
               JAVA_ARCHIVE_TYPE = JAR
               JAVA_COMPILER = /usr/bin/javac
               JAVA_FOLDER_PATH = Pods_Runner.framework/Java
               JAVA_FRAMEWORK_RESOURCES_DIRS = Resources
               JAVA_JAR_FLAGS = cv
               JAVA_SOURCE_SUBDIR = .
               JAVA_USE_DEPENDENCIES = YES
               JAVA_ZIP_FLAGS = -urg
               JIKES_DEFAULT_FLAGS = +E +OLDCSO
               KEEP_PRIVATE_EXTERNS = NO
               LD_DEPENDENCY_INFO_FILE = /Users/macair/Documents/food_diary/build/ios/Pods.build/Release-iphonesimulator/Pods-Runner.build/Objects-normal/undefined_arch/Pods_Runner_dependency_info.dat
               LD_DYLIB_INSTALL_NAME = @rpath/Pods_Runner.framework/Pods_Runner
               LD_EXPORT_SYMBOLS = YES
               LD_GENERATE_MAP_FILE = NO
               LD_MAP_FILE_PATH = /Users/macair/Documents/food_diary/build/ios/Pods.build/Release-iphonesimulator/Pods-Runner.build/Pods_Runner-LinkMap-normal-undefined_arch.txt
               LD_NO_PIE = NO
               LD_QUOTE_LINKER_ARGUMENTS_FOR_COMPILER_DRIVER = YES
               LD_RUNPATH_SEARCH_PATHS =  '@executable_path/Frameworks' '@loader_path/Frameworks' @executable_path/Frameworks @loader_path/Frameworks
               LD_SHARED_CACHE_ELIGIBLE = Automatic
               LD_WARN_DUPLICATE_LIBRARIES = NO
               LD_WARN_UNUSED_DYLIBS = NO
               LEGACY_DEVELOPER_DIR = /Applications/Xcode.app/Contents/PlugIns/Xcode3Core.ideplugin/Contents/SharedSupport/Developer
               LEX = lex
               LIBRARY_DEXT_INSTALL_PATH = /Library/DriverExtensions
               LIBRARY_FLAG_NOSPACE = YES
               LIBRARY_FLAG_PREFIX = -l
               LIBRARY_KEXT_INSTALL_PATH = /Library/Extensions
               LIBRARY_SEARCH_PATHS = /Users/macair/Documents/food_diary/build/ios/Release-iphonesimulator 
               LINKER_DISPLAYS_MANGLED_NAMES = NO
               LINK_FILE_LIST_normal_arm64 = /Users/macair/Documents/food_diary/build/ios/Pods.build/Release-iphonesimulator/Pods-Runner.build/Objects-normal/arm64/Pods_Runner.LinkFileList
               LINK_FILE_LIST_normal_x86_64 = /Users/macair/Documents/food_diary/build/ios/Pods.build/Release-iphonesimulator/Pods-Runner.build/Objects-normal/x86_64/Pods_Runner.LinkFileList
               LINK_OBJC_RUNTIME = YES
               LINK_WITH_STANDARD_LIBRARIES = YES
               LLVM_TARGET_TRIPLE_OS_VERSION = ios13.0
               LLVM_TARGET_TRIPLE_SUFFIX = -simulator
               LLVM_TARGET_TRIPLE_VENDOR = apple
               LM_AUX_CONST_METADATA_LIST_PATH_normal_arm64 = /Users/macair/Documents/food_diary/build/ios/Pods.build/Release-iphonesimulator/Pods-Runner.build/Objects-normal/arm64/Pods_Runner.SwiftConstValuesFileList
               LM_AUX_CONST_METADATA_LIST_PATH_normal_x86_64 = /Users/macair/Documents/food_diary/build/ios/Pods.build/Release-iphonesimulator/Pods-Runner.build/Objects-normal/x86_64/Pods_Runner.SwiftConstValuesFileList
               LOCALIZATION_EXPORT_SUPPORTED = YES
               LOCALIZATION_PREFERS_STRING_CATALOGS = NO
               LOCALIZED_RESOURCES_FOLDER_PATH = Pods_Runner.framework/en.lproj
               LOCALIZED_STRING_CODE_COMMENTS = NO
               LOCALIZED_STRING_MACRO_NAMES = NSLocalizedString CFCopyLocalizedString
               LOCALIZED_STRING_SWIFTUI_SUPPORT = YES
               LOCAL_ADMIN_APPS_DIR = /Applications/Utilities
               LOCAL_APPS_DIR = /Applications
               LOCAL_DEVELOPER_DIR = /Library/Developer
               LOCAL_LIBRARY_DIR = /Library
               LOCROOT = /Users/macair/Documents/food_diary/ios/Pods
               LOCSYMROOT = /Users/macair/Documents/food_diary/ios/Pods
               MACH_O_TYPE = staticlib
               MACOSX_DEPLOYMENT_TARGET = 26.5
               MAC_OS_X_PRODUCT_BUILD_VERSION = 25G5028f
               MAC_OS_X_VERSION_ACTUAL = 260600
               MAC_OS_X_VERSION_MAJOR = 260000
               MAC_OS_X_VERSION_MINOR = 260600
               MAKE_MERGEABLE = NO
               MERGEABLE_LIBRARY = NO
               MERGED_BINARY_TYPE = none
               MERGE_LINKED_LIBRARIES = NO
               METAL_LIBRARY_FILE_BASE = default
               METAL_LIBRARY_OUTPUT_DIR = /Users/macair/Documents/food_diary/build/ios/Release-iphonesimulator/Pods_Runner.framework
               MODULEMAP_FILE = Target Support Files/Pods-Runner/Pods-Runner.modulemap
               MODULES_FOLDER_PATH = Pods_Runner.framework/Modules
               MTL_ENABLE_DEBUG_INFO = NO
               MTL_FAST_MATH = YES
               NATIVE_ARCH = arm64
               NATIVE_ARCH_32_BIT = arm
               NATIVE_ARCH_64_BIT = arm64
               NATIVE_ARCH_ACTUAL = arm64
               NO_COMMON = YES
               OBJC_ABI_VERSION = 2
               OBJECT_FILE_DIR = /Users/macair/Documents/food_diary/build/ios/Pods.build/Release-iphonesimulator/Pods-Runner.build/Objects
               OBJECT_FILE_DIR_normal = /Users/macair/Documents/food_diary/build/ios/Pods.build/Release-iphonesimulator/Pods-Runner.build/Objects-normal
               OBJROOT = /Users/macair/Documents/food_diary/build/ios
               ONLY_ACTIVE_ARCH = NO
               OS = MACOS
               OSAC = /usr/bin/osacompile
               OTHER_LDFLAGS =  -framework Flutter
               OTHER_MODULE_VERIFIER_FLAGS =  "-F/Users/macair/Documents/food_diary/build/ios/Release-iphonesimulator/Flutter"
               PACKAGE_TYPE = com.apple.package-type.wrapper.framework
               PASCAL_STRINGS = YES
               PATH = /Applications/Xcode.app/Contents/SharedFrameworks/SwiftBuild.framework/Versions/A/PlugIns/SWBBuildService.bundle/Contents/PlugIns/SWBUniversalPlatformPlugin.bundle/Contents/Frameworks/SWBUniversalPlatform.framework/Resources:/Applications/Xcode.app/Contents/Developer/Toolchains/XcodeDefault.xctoolchain/usr/bin:/Applications/Xcode.app/Contents/Developer/Toolchains/XcodeDefault.xctoolchain/usr/local/bin:/Applications/Xcode.app/Contents/Developer/Toolchains/XcodeDefault.xctoolchain/usr/libexec:/Applications/Xcode.app/Contents/Developer/Platforms/iPhoneSimulator.platform/usr/bin:/Applications/Xcode.app/Contents/Developer/Platforms/iPhoneSimulator.platform/usr/local/bin:/Applications/Xcode.app/Contents/Developer/Platforms/iPhoneSimulator.platform/Developer/usr/bin:/Applications/Xcode.app/Contents/Developer/Platforms/iPhoneSimulator.platform/Developer/usr/local/bin:/Applications/Xcode.app/Contents/Developer/usr/bin:/Applications/Xcode.app/Contents/Developer/usr/local/bin:/Users/macair/development/flutter/bin/:/Users/macair/Library/Application Support/Code/User/globalStorage/github.copilot-chat/debugCommand:/Users/macair/Library/Application Support/Code/User/globalStorage/github.copilot-chat/copilotCli:/opt/homebrew/bin:/opt/homebrew/sbin:/usr/local/bin:/System/Cryptexes/App/usr/bin:/usr/bin:/bin:/usr/sbin:/sbin:/var/run/com.apple.security.cryptexd/codex.system/bootstrap/usr/local/bin:/var/run/com.apple.security.cryptexd/codex.system/bootstrap/usr/bin:/var/run/com.apple.security.cryptexd/codex.system/bootstrap/usr/appleinternal/bin:/pkg/env/global/bin:/Library/Apple/usr/bin:/Users/macair/Desktop/coffee trail/flutter/bin:/Users/macair/development/flutter/bin
               PATH_PREFIXES_EXCLUDED_FROM_HEADER_DEPENDENCIES = /usr/include /usr/local/include /System/Library/Frameworks /System/Library/PrivateFrameworks /Applications/Xcode.app/Contents/Developer/Headers /Applications/Xcode.app/Contents/Developer/SDKs /Applications/Xcode.app/Contents/Developer/Platforms
               PBDEVELOPMENTPLIST_PATH = Pods_Runner.framework/pbdevelopment.plist
               PER_ARCH_MODULE_FILE_DIR = /Users/macair/Documents/food_diary/build/ios/Pods.build/Release-iphonesimulator/Pods-Runner.build/Objects-normal/undefined_arch
               PER_ARCH_OBJECT_FILE_DIR = /Users/macair/Documents/food_diary/build/ios/Pods.build/Release-iphonesimulator/Pods-Runner.build/Objects-normal/undefined_arch
               PER_VARIANT_OBJECT_FILE_DIR = /Users/macair/Documents/food_diary/build/ios/Pods.build/Release-iphonesimulator/Pods-Runner.build/Objects-normal
               PKGINFO_FILE_PATH = /Users/macair/Documents/food_diary/build/ios/Pods.build/Release-iphonesimulator/Pods-Runner.build/PkgInfo
               PKGINFO_PATH = Pods_Runner.framework/PkgInfo
               PLATFORM_DEVELOPER_APPLICATIONS_DIR = /Applications/Xcode.app/Contents/Developer/Platforms/iPhoneSimulator.platform/Developer/Applications
               PLATFORM_DEVELOPER_BIN_DIR = /Applications/Xcode.app/Contents/Developer/Platforms/iPhoneSimulator.platform/Developer/usr/bin
               PLATFORM_DEVELOPER_LIBRARY_DIR = /Applications/Xcode.app/Contents/Developer/Platforms/iPhoneSimulator.platform/Developer/Library
               PLATFORM_DEVELOPER_SDK_DIR = /Applications/Xcode.app/Contents/Developer/Platforms/iPhoneSimulator.platform/Developer/SDKs
               PLATFORM_DEVELOPER_TOOLS_DIR = /Applications/Xcode.app/Contents/Developer/Platforms/iPhoneSimulator.platform/Developer/Tools
               PLATFORM_DEVELOPER_USR_DIR = /Applications/Xcode.app/Contents/Developer/Platforms/iPhoneSimulator.platform/Developer/usr
               PLATFORM_DIR = /Applications/Xcode.app/Contents/Developer/Platforms/iPhoneSimulator.platform
               PLATFORM_DISPLAY_NAME = iOS Simulator
               PLATFORM_FAMILY_NAME = iOS
               PLATFORM_NAME = iphonesimulator
               PLATFORM_PREFERRED_ARCH = x86_64
               PLATFORM_PRODUCT_BUILD_VERSION = 23F81a
               PLATFORM_REQUIRES_SWIFT_AUTOLINK_EXTRACT = NO
               PLATFORM_REQUIRES_SWIFT_MODULEWRAP = NO
               PLATFORM_USES_DSYMS = YES
               PLIST_FILE_OUTPUT_FORMAT = binary
               PLUGINS_FOLDER_PATH = Pods_Runner.framework/PlugIns
               PODS_BUILD_DIR = /Users/macair/Documents/food_diary/build/ios
               PODS_CONFIGURATION_BUILD_DIR = /Users/macair/Documents/food_diary/build/ios/Release-iphonesimulator
               PODS_PODFILE_DIR_PATH = /Users/macair/Documents/food_diary/ios/Pods/.
               PODS_ROOT = /Users/macair/Documents/food_diary/ios/Pods
               PODS_XCFRAMEWORKS_BUILD_DIR = /Users/macair/Documents/food_diary/build/ios/Release-iphonesimulator/XCFrameworkIntermediates
               PRECOMPS_INCLUDE_HEADERS_FROM_BUILT_PRODUCTS_DIR = YES
               PRECOMP_DESTINATION_DIR = /Users/macair/Documents/food_diary/build/ios/Pods.build/Release-iphonesimulator/Pods-Runner.build/PrefixHeaders
               PRIVATE_HEADERS_FOLDER_PATH = Pods_Runner.framework/PrivateHeaders
               PROCESSED_INFOPLIST_PATH = /Users/macair/Documents/food_diary/build/ios/Pods.build/Release-iphonesimulator/Pods-Runner.build/Objects-normal/undefined_arch/Processed-Info.plist
               PRODUCT_BUNDLE_IDENTIFIER = org.cocoapods.Pods-Runner
               PRODUCT_BUNDLE_PACKAGE_TYPE = FMWK
               PRODUCT_MODULE_NAME = Pods_Runner
               PRODUCT_NAME = Pods_Runner
               PRODUCT_SETTINGS_PATH = /Users/macair/Documents/food_diary/ios/Pods/Target Support Files/Pods-Runner/Pods-Runner-Info.plist
               PRODUCT_TYPE = com.apple.product-type.framework
               PROFILING_CODE = NO
               PROJECT = Pods
               PROJECT_DERIVED_FILE_DIR = /Users/macair/Documents/food_diary/build/ios/Pods.build/DerivedSources
               PROJECT_DIR = /Users/macair/Documents/food_diary/ios/Pods
               PROJECT_FILE_PATH = /Users/macair/Documents/food_diary/ios/Pods/Pods.xcodeproj
               PROJECT_GUID = bfdfe7dc352907fc980b868725387e98
               PROJECT_NAME = Pods
               PROJECT_TEMP_DIR = /Users/macair/Documents/food_diary/build/ios/Pods.build
               PROJECT_TEMP_ROOT = /Users/macair/Documents/food_diary/build/ios
               PUBLIC_HEADERS_FOLDER_PATH = Pods_Runner.framework/Headers
               RECOMMENDED_IPHONEOS_DEPLOYMENT_TARGET = 15.0
               RECURSIVE_SEARCH_PATHS_FOLLOW_SYMLINKS = YES
               REMOVE_CVS_FROM_RESOURCES = YES
               REMOVE_GIT_FROM_RESOURCES = YES
               REMOVE_HEADERS_FROM_EMBEDDED_BUNDLES = YES
               REMOVE_HG_FROM_RESOURCES = YES
               REMOVE_STATIC_EXECUTABLES_FROM_EMBEDDED_BUNDLES = YES
               REMOVE_SVN_FROM_RESOURCES = YES
               RESCHEDULE_INDEPENDENT_HEADERS_PHASES = YES
               REZ_COLLECTOR_DIR = /Users/macair/Documents/food_diary/build/ios/Pods.build/Release-iphonesimulator/Pods-Runner.build/ResourceManagerResources
               REZ_OBJECTS_DIR = /Users/macair/Documents/food_diary/build/ios/Pods.build/Release-iphonesimulator/Pods-Runner.build/ResourceManagerResources/Objects
               REZ_SEARCH_PATHS = /Users/macair/Documents/food_diary/build/ios/Release-iphonesimulator 
               RPATH_ORIGIN = @loader_path
               RUNTIME_EXCEPTION_ALLOW_DYLD_ENVIRONMENT_VARIABLES = NO
               RUNTIME_EXCEPTION_ALLOW_JIT = NO
               RUNTIME_EXCEPTION_ALLOW_UNSIGNED_EXECUTABLE_MEMORY = NO
               RUNTIME_EXCEPTION_DEBUGGING_TOOL = NO
               RUNTIME_EXCEPTION_DISABLE_EXECUTABLE_PAGE_PROTECTION = NO
               RUNTIME_EXCEPTION_DISABLE_LIBRARY_VALIDATION = NO
               SCANNING_PCM_KEEP_CACHE_DIRECTORY = YES
               SCAN_ALL_SOURCE_FILES_FOR_INCLUDES = NO
               SCRIPTS_FOLDER_PATH = Pods_Runner.framework/Scripts
               SDKROOT = /Applications/Xcode.app/Contents/Developer/Platforms/iPhoneSimulator.platform/Developer/SDKs/iPhoneSimulator26.5.sdk
               SDK_DIR = /Applications/Xcode.app/Contents/Developer/Platforms/iPhoneSimulator.platform/Developer/SDKs/iPhoneSimulator26.5.sdk
               SDK_DIR_iphonesimulator = /Applications/Xcode.app/Contents/Developer/Platforms/iPhoneSimulator.platform/Developer/SDKs/iPhoneSimulator26.5.sdk
               SDK_DIR_iphonesimulator26_5 = /Applications/Xcode.app/Contents/Developer/Platforms/iPhoneSimulator.platform/Developer/SDKs/iPhoneSimulator26.5.sdk
               SDK_NAME = iphonesimulator26.5
               SDK_NAMES = iphonesimulator26.5
               SDK_PRODUCT_BUILD_VERSION = 23F81a
               SDK_STAT_CACHE_DIR = /var/folders/t7/4ns5bn2972v1xz_j79mgwsyw0000gn/C/com.apple.DeveloperTools/26.6-17F113/Xcode
               SDK_STAT_CACHE_ENABLE = YES
               SDK_STAT_CACHE_PATH = /var/folders/t7/4ns5bn2972v1xz_j79mgwsyw0000gn/C/com.apple.DeveloperTools/26.6-17F113/Xcode/SDKStatCaches.noindex/iphonesimulator26.5-23F81a-6cfe768891a92b912361537c460fe42b.sdkstatcache
               SDK_VERSION = 26.5
               SDK_VERSION_ACTUAL = 260500
               SDK_VERSION_MAJOR = 260000
               SDK_VERSION_MINOR = 260500
               SED = /usr/bin/sed
               SEPARATE_STRIP = NO
               SEPARATE_SYMBOL_EDIT = NO
               SET_DIR_MODE_OWNER_GROUP = YES
               SET_FILE_MODE_OWNER_GROUP = NO
               SHALLOW_BUNDLE = YES
               SHALLOW_BUNDLE_TRIPLE = ios-simulator
               SHALLOW_BUNDLE_ios_macabi = NO
               SHALLOW_BUNDLE_macos = NO
               SHARED_DERIVED_FILE_DIR = /Users/macair/Documents/food_diary/build/ios/Release-iphonesimulator/DerivedSources
               SHARED_FRAMEWORKS_FOLDER_PATH = Pods_Runner.framework/SharedFrameworks
               SHARED_PRECOMPS_DIR = /Users/macair/Documents/food_diary/build/ios/SharedPrecompiledHeaders
               SHARED_SUPPORT_FOLDER_PATH = Pods_Runner.framework
               SKIP_INSTALL = YES
               SKIP_MERGEABLE_LIBRARY_BUNDLE_HOOK = NO
               SOURCE_ROOT = /Users/macair/Documents/food_diary/ios/Pods
               SRCROOT = /Users/macair/Documents/food_diary/ios/Pods
               STRINGSDATA_DIR = /Users/macair/Documents/food_diary/build/ios/Pods.build/Release-iphonesimulator/Pods-Runner.build/Objects-normal/undefined_arch
               STRINGSDATA_ROOT = /Users/macair/Documents/food_diary/build/ios/Pods.build/Release-iphonesimulator/Pods-Runner.build
               STRINGS_FILE_INFOPLIST_RENAME = YES
               STRINGS_FILE_OUTPUT_ENCODING = binary
               STRING_CATALOG_GENERATE_SYMBOLS = NO
               STRIP_BITCODE_FROM_COPIED_FILES = NO
               STRIP_INSTALLED_PRODUCT = NO
               STRIP_STYLE = debugging
               STRIP_SWIFT_SYMBOLS = YES
               SUPPORTED_DEVICE_FAMILIES = 1,2
               SUPPORTED_PLATFORMS = iphoneos iphonesimulator
               SUPPORTS_TEXT_BASED_API = NO
               SUPPRESS_WARNINGS = NO
               SWIFT_COMPILATION_MODE = wholemodule
               SWIFT_EMIT_CONST_VALUE_PROTOCOLS = AnyResolverProviding AppEntity AppEnum AppExtension AppIntent AppIntentsPackage AppShortcutProviding AppShortcutsProvider AppUnionValue AppUnionValueCasesProviding DynamicOptionsProvider EntityQuery ExtensionPointDefining IntentValueQuery Resolver TransientEntity _AssistantIntentsProvider _GenerativeFunctionExtractable _IntentValueRepresentable
               SWIFT_EMIT_LOC_STRINGS = NO
               SWIFT_ENABLE_EXPLICIT_MODULES = YES
               SWIFT_INSTALL_MODULE_FOR_DEPLOYMENT = YES
               SWIFT_OPTIMIZATION_LEVEL = -O
               SWIFT_PLATFORM_TARGET_PREFIX = ios
               SWIFT_RESPONSE_FILE_PATH_normal_arm64 = /Users/macair/Documents/food_diary/build/ios/Pods.build/Release-iphonesimulator/Pods-Runner.build/Objects-normal/arm64/Pods_Runner.SwiftFileList
               SWIFT_RESPONSE_FILE_PATH_normal_x86_64 = /Users/macair/Documents/food_diary/build/ios/Pods.build/Release-iphonesimulator/Pods-Runner.build/Objects-normal/x86_64/Pods_Runner.SwiftFileList
               SWIFT_VERSION = 5.0
               SYMROOT = /Users/macair/Documents/food_diary/ios/build
               SYSTEM_ADMIN_APPS_DIR = /Applications/Utilities
               SYSTEM_APPS_DIR = /Applications
               SYSTEM_CORE_SERVICES_DIR = /System/Library/CoreServices
               SYSTEM_DEMOS_DIR = /Applications/Extras
               SYSTEM_DEVELOPER_APPS_DIR = /Applications/Xcode.app/Contents/Developer/Applications
               SYSTEM_DEVELOPER_BIN_DIR = /Applications/Xcode.app/Contents/Developer/usr/bin
               SYSTEM_DEVELOPER_DEMOS_DIR = /Applications/Xcode.app/Contents/Developer/Applications/Utilities/Built Examples
               SYSTEM_DEVELOPER_DIR = /Applications/Xcode.app/Contents/Developer
               SYSTEM_DEVELOPER_DOC_DIR = /Applications/Xcode.app/Contents/Developer/ADC Reference Library
               SYSTEM_DEVELOPER_GRAPHICS_TOOLS_DIR = /Applications/Xcode.app/Contents/Developer/Applications/Graphics Tools
               SYSTEM_DEVELOPER_JAVA_TOOLS_DIR = /Applications/Xcode.app/Contents/Developer/Applications/Java Tools
               SYSTEM_DEVELOPER_PERFORMANCE_TOOLS_DIR = /Applications/Xcode.app/Contents/Developer/Applications/Performance Tools
               SYSTEM_DEVELOPER_RELEASENOTES_DIR = /Applications/Xcode.app/Contents/Developer/ADC Reference Library/releasenotes
               SYSTEM_DEVELOPER_TOOLS = /Applications/Xcode.app/Contents/Developer/Tools
               SYSTEM_DEVELOPER_TOOLS_DOC_DIR = /Applications/Xcode.app/Contents/Developer/ADC Reference Library/documentation/DeveloperTools
               SYSTEM_DEVELOPER_TOOLS_RELEASENOTES_DIR = /Applications/Xcode.app/Contents/Developer/ADC Reference Library/releasenotes/DeveloperTools
               SYSTEM_DEVELOPER_USR_DIR = /Applications/Xcode.app/Contents/Developer/usr
               SYSTEM_DEVELOPER_UTILITIES_DIR = /Applications/Xcode.app/Contents/Developer/Applications/Utilities
               SYSTEM_DEXT_INSTALL_PATH = /System/Library/DriverExtensions
               SYSTEM_DOCUMENTATION_DIR = /Library/Documentation
               SYSTEM_EXTENSIONS_FOLDER_PATH = Pods_Runner.framework/SystemExtensions
               SYSTEM_EXTENSIONS_FOLDER_PATH_SHALLOW_BUNDLE_NO = Pods_Runner.framework/Library/SystemExtensions
               SYSTEM_EXTENSIONS_FOLDER_PATH_SHALLOW_BUNDLE_YES = Pods_Runner.framework/SystemExtensions
               SYSTEM_KEXT_INSTALL_PATH = /System/Library/Extensions
               SYSTEM_LIBRARY_DIR = /System/Library
               TAPI_DEMANGLE = YES
               TAPI_ENABLE_PROJECT_HEADERS = NO
               TAPI_LANGUAGE = objective-c
               TAPI_LANGUAGE_STANDARD = compiler-default
               TAPI_USE_SRCROOT = YES
               TAPI_VERIFY_MODE = Pedantic
               TARGETED_DEVICE_FAMILY = 1,2
               TARGETNAME = Pods-Runner
               TARGET_BUILD_DIR = /Users/macair/Documents/food_diary/build/ios/Release-iphonesimulator
               TARGET_NAME = Pods-Runner
               TARGET_TEMP_DIR = /Users/macair/Documents/food_diary/build/ios/Pods.build/Release-iphonesimulator/Pods-Runner.build
               TEMP_DIR = /Users/macair/Documents/food_diary/build/ios/Pods.build/Release-iphonesimulator/Pods-Runner.build
               TEMP_FILES_DIR = /Users/macair/Documents/food_diary/build/ios/Pods.build/Release-iphonesimulator/Pods-Runner.build
               TEMP_FILE_DIR = /Users/macair/Documents/food_diary/build/ios/Pods.build/Release-iphonesimulator/Pods-Runner.build
               TEMP_ROOT = /Users/macair/Documents/food_diary/build/ios
               TEMP_SANDBOX_DIR = /Users/macair/Documents/food_diary/build/ios/TemporaryTaskSandboxes
               TEST_FRAMEWORK_SEARCH_PATHS =  /Applications/Xcode.app/Contents/Developer/Platforms/iPhoneSimulator.platform/Developer/Library/Frameworks /Applications/Xcode.app/Contents/Developer/Platforms/iPhoneSimulator.platform/Developer/SDKs/iPhoneSimulator26.5.sdk/Developer/Library/Frameworks
               TEST_LIBRARY_SEARCH_PATHS =  /Applications/Xcode.app/Contents/Developer/Platforms/iPhoneSimulator.platform/Developer/usr/lib
               TOOLCHAINS = com.apple.dt.toolchain.XcodeDefault
               TOOLCHAIN_DIR = /Applications/Xcode.app/Contents/Developer/Toolchains/XcodeDefault.xctoolchain
               TREAT_MISSING_BASELINES_AS_TEST_FAILURES = NO
               TREAT_MISSING_SCRIPT_PHASE_OUTPUTS_AS_ERRORS = NO
               TVOS_DEPLOYMENT_TARGET = 26.5
               UID = 501
               UNINSTALLED_PRODUCTS_DIR = /Users/macair/Documents/food_diary/build/ios/UninstalledProducts
               UNLOCALIZED_RESOURCES_FOLDER_PATH = Pods_Runner.framework
               UNLOCALIZED_RESOURCES_FOLDER_PATH_SHALLOW_BUNDLE_NO = Pods_Runner.framework/Resources
               UNLOCALIZED_RESOURCES_FOLDER_PATH_SHALLOW_BUNDLE_YES = Pods_Runner.framework
               UNSTRIPPED_PRODUCT = NO
               USER = macair
               USER_APPS_DIR = /Users/macair/Applications
               USER_LIBRARY_DIR = /Users/macair/Library
               USE_DYNAMIC_NO_PIC = YES
               USE_HEADERMAP = YES
               USE_HEADER_SYMLINKS = NO
               USE_RECURSIVE_SCRIPT_INPUTS_IN_SCRIPT_PHASES = YES
               VALIDATE_DEVELOPMENT_ASSET_PATHS = YES_ERROR
               VALIDATE_PRODUCT = YES
               VALID_ARCHS = arm64 x86_64
               VERBOSE_PBXCP = NO
               VERSIONING_SYSTEM = apple-generic
               VERSIONPLIST_PATH = Pods_Runner.framework/version.plist
               VERSIONS_FOLDER_PATH = Pods_Runner.framework
               VERSIONS_FOLDER_PATH_SHALLOW_BUNDLE_NO = Pods_Runner.framework/Versions
               VERSIONS_FOLDER_PATH_SHALLOW_BUNDLE_YES = Pods_Runner.framework
               VERSION_INFO_BUILDER = macair
               VERSION_INFO_FILE = Pods_Runner_vers.c
               VERSION_INFO_STRING = "@(#)PROGRAM:Pods_Runner  PROJECT:Pods-1"
               WATCHOS_DEPLOYMENT_TARGET = 26.5
               WORKSPACE_DIR = /Users/macair/Documents/food_diary/ios/Pods/Pods.xcodeproj
               WRAPPER_EXTENSION = framework
               WRAPPER_NAME = Pods_Runner.framework
               WRAPPER_SUFFIX = .framework
               WRAP_ASSET_PACKS_IN_SEPARATE_DIRECTORIES = NO
               XCODE_APP_SUPPORT_DIR = /Applications/Xcode.app/Contents/Developer/Library/Xcode
               XCODE_PRODUCT_BUILD_VERSION = 17F113
               XCODE_VERSION_ACTUAL = 2660
               XCODE_VERSION_MAJOR = 2600
               XCODE_VERSION_MINOR = 2660
               XPCSERVICES_FOLDER_PATH = Pods_Runner.framework/XPCServices
               XROS_DEPLOYMENT_TARGET = 26.5
               YACC = yacc
               _DISCOVER_COMMAND_LINE_LINKER_INPUTS = YES
               _DISCOVER_COMMAND_LINE_LINKER_INPUTS_INCLUDE_WL = YES
               _LD_MULTIARCH = YES
               _WRAPPER_CONTENTS_DIR_SHALLOW_BUNDLE_NO = /Contents
               _WRAPPER_PARENT_PATH_SHALLOW_BUNDLE_NO = /..
               _WRAPPER_RESOURCES_DIR_SHALLOW_BUNDLE_NO = /Resources
               __DIAGNOSE_DEPRECATED_ARCHS = YES
               __ORIGINAL_SDK_DEFINED_LLVM_TARGET_TRIPLE_SYS = ios
               arch = undefined_arch
               variant = normal

           Build settings for action build and target Pods-RunnerTests:
               ACTION = build
               AD_HOC_CODE_SIGNING_ALLOWED = YES
               ALLOW_BUILD_REQUEST_OVERRIDES = NO
               ALLOW_TARGET_PLATFORM_SPECIALIZATION = NO
               ALTERNATE_GROUP = staff
               ALTERNATE_MODE = u+w,go-w,a+rX
               ALTERNATE_OWNER = macair
               ALTERNATIVE_DISTRIBUTION_WEB = NO
               ALWAYS_EMBED_SWIFT_STANDARD_LIBRARIES = NO
               ALWAYS_SEARCH_USER_PATHS = NO
               ALWAYS_USE_SEPARATE_HEADERMAPS = NO
               APPLICATION_EXTENSION_API_ONLY = NO
               APPLY_RULES_IN_COPY_FILES = NO
               APPLY_RULES_IN_COPY_HEADERS = NO
               APP_SHORTCUTS_ENABLE_FLEXIBLE_MATCHING = YES
               ARCHS = arm64 x86_64
               ARCHS_BASE = arm64 x86_64
               ARCHS_STANDARD = arm64 x86_64
               ARCHS_STANDARD_32_64_BIT = arm64 x86_64
               ARCHS_STANDARD_64_BIT = arm64 x86_64
               ARCHS_STANDARD_INCLUDING_64_BIT = arm64 x86_64
               ARCHS_UNIVERSAL_IPHONE_OS = arm64 x86_64
               AUTOMATICALLY_MERGE_DEPENDENCIES = NO
               AUTOMATION_APPLE_EVENTS = NO
               AVAILABLE_PLATFORMS = android appletvos appletvsimulator driverkit freebsd iphoneos iphonesimulator linux macosx none openbsd qnx watchos watchsimulator webassembly xros xrsimulator
               BUILD_ACTIVE_RESOURCES_ONLY = NO
               BUILD_COMPONENTS = headers build
               BUILD_DIR = /Users/macair/Documents/food_diary/build/ios
               BUILD_LIBRARY_FOR_DISTRIBUTION = NO
               BUILD_ONLY_KNOWN_LOCALIZATIONS = NO
               BUILD_ROOT = /Users/macair/Documents/food_diary/ios/build
               BUILD_STYLE = 
               BUILD_VARIANTS = normal
               BUILT_PRODUCTS_DIR = /Users/macair/Documents/food_diary/build/ios/Release-iphonesimulator
               BUNDLE_CONTENTS_FOLDER_PATH_deep = Contents/
               BUNDLE_EXECUTABLE_FOLDER_NAME_deep = MacOS
               BUNDLE_EXTENSIONS_FOLDER_PATH = Extensions
               BUNDLE_FORMAT = shallow
               BUNDLE_FRAMEWORKS_FOLDER_PATH = Frameworks
               BUNDLE_PLUGINS_FOLDER_PATH = PlugIns
               BUNDLE_PRIVATE_HEADERS_FOLDER_PATH = PrivateHeaders
               BUNDLE_PUBLIC_HEADERS_FOLDER_PATH = Headers
               CACHE_ROOT = /var/folders/t7/4ns5bn2972v1xz_j79mgwsyw0000gn/C/com.apple.DeveloperTools/26.6-17F113/Xcode
               CCHROOT = /var/folders/t7/4ns5bn2972v1xz_j79mgwsyw0000gn/C/com.apple.DeveloperTools/26.6-17F113/Xcode
               CHMOD = /bin/chmod
               CHOWN = chown
               CLANG_ANALYZER_LOCALIZABILITY_NONLOCALIZED = YES
               CLANG_ANALYZER_NONNULL = YES
               CLANG_ANALYZER_NUMBER_OBJECT_CONVERSION = YES_AGGRESSIVE
               CLANG_CACHE_FINE_GRAINED_OUTPUTS = YES
               CLANG_CXX_LANGUAGE_STANDARD = gnu++14
               CLANG_CXX_LIBRARY = libc++
               CLANG_ENABLE_EXPLICIT_MODULES = YES
               CLANG_ENABLE_MODULES = YES
               CLANG_ENABLE_OBJC_ARC = YES
               CLANG_ENABLE_OBJC_WEAK = NO
               CLANG_MODULES_BUILD_SESSION_FILE = /var/folders/t7/4ns5bn2972v1xz_j79mgwsyw0000gn/C/org.llvm.clang/ModuleCache.noindex/Session.modulevalidation
               CLANG_WARN_BLOCK_CAPTURE_AUTORELEASING = YES
               CLANG_WARN_BOOL_CONVERSION = YES
               CLANG_WARN_COMMA = YES
               CLANG_WARN_CONSTANT_CONVERSION = YES
               CLANG_WARN_DEPRECATED_OBJC_IMPLEMENTATIONS = YES
               CLANG_WARN_DIRECT_OBJC_ISA_USAGE = YES_ERROR
               CLANG_WARN_DOCUMENTATION_COMMENTS = YES
               CLANG_WARN_EMPTY_BODY = YES
               CLANG_WARN_ENUM_CONVERSION = YES
               CLANG_WARN_INFINITE_RECURSION = YES
               CLANG_WARN_INT_CONVERSION = YES
               CLANG_WARN_NON_LITERAL_NULL_CONVERSION = YES
               CLANG_WARN_OBJC_IMPLICIT_RETAIN_SELF = YES
               CLANG_WARN_OBJC_LITERAL_CONVERSION = YES
               CLANG_WARN_OBJC_ROOT_CLASS = YES_ERROR
               CLANG_WARN_QUOTED_INCLUDE_IN_FRAMEWORK_HEADER = NO
               CLANG_WARN_RANGE_LOOP_ANALYSIS = YES
               CLANG_WARN_STRICT_PROTOTYPES = YES
               CLANG_WARN_SUSPICIOUS_MOVE = YES
               CLANG_WARN_UNGUARDED_AVAILABILITY = YES_AGGRESSIVE
               CLANG_WARN_UNREACHABLE_CODE = YES
               CLANG_WARN__DUPLICATE_METHOD_MATCH = YES
               CLASS_FILE_DIR = /Users/macair/Documents/food_diary/build/ios/Pods.build/Release-iphonesimulator/Pods-RunnerTests.build/JavaClasses
               CLEAN_PRECOMPS = YES
               CLONE_HEADERS = NO
               CODESIGNING_FOLDER_PATH = /Users/macair/Documents/food_diary/build/ios/Release-iphonesimulator/Pods_RunnerTests.framework
               CODE_SIGNING_ALLOWED = YES
               CODE_SIGNING_REQUIRED = NO
               CODE_SIGNING_REQUIRES_TEAM = YES
               CODE_SIGN_CONTEXT_CLASS = XCiPhoneSimulatorCodeSignContext
               CODE_SIGN_IDENTITY = -
               CODE_SIGN_INJECT_BASE_ENTITLEMENTS = YES
               COLOR_DIAGNOSTICS = NO
               COMBINE_HIDPI_IMAGES = NO
               COMPILATION_CACHE_CAS_PATH = /var/folders/t7/4ns5bn2972v1xz_j79mgwsyw0000gn/C/com.apple.DeveloperTools/26.6-17F113/Xcode/CompilationCache.noindex
               COMPILATION_CACHE_KEEP_CAS_DIRECTORY = YES
               COMPILER_INDEX_STORE_ENABLE = Default
               COMPOSITE_SDK_DIRS = /Users/macair/Documents/food_diary/build/ios/CompositeSDKs
               COMPRESS_PNG_FILES = YES
               CONFIGURATION = Release
               CONFIGURATION_BUILD_DIR = /Users/macair/Documents/food_diary/build/ios/Release-iphonesimulator
               CONFIGURATION_TEMP_DIR = /Users/macair/Documents/food_diary/build/ios/Pods.build/Release-iphonesimulator
               CONTENTS_FOLDER_PATH = Pods_RunnerTests.framework
               CONTENTS_FOLDER_PATH_SHALLOW_BUNDLE_NO = Pods_RunnerTests.framework/A
               CONTENTS_FOLDER_PATH_SHALLOW_BUNDLE_YES = Pods_RunnerTests.framework
               COPYING_PRESERVES_HFS_DATA = NO
               COPY_HEADERS_RUN_UNIFDEF = NO
               COPY_PHASE_STRIP = NO
               CORRESPONDING_DEVICE_PLATFORM_DIR = /Applications/Xcode.app/Contents/Developer/Platforms/iPhoneOS.platform
               CORRESPONDING_DEVICE_PLATFORM_NAME = iphoneos
               CORRESPONDING_DEVICE_SDK_DIR = /Applications/Xcode.app/Contents/Developer/Platforms/iPhoneOS.platform/Developer/SDKs/iPhoneOS26.5.sdk
               CORRESPONDING_DEVICE_SDK_NAME = iphoneos26.5
               CP = /bin/cp
               CREATE_INFOPLIST_SECTION_IN_BINARY = NO
               CURRENT_ARCH = undefined_arch
               CURRENT_PROJECT_VERSION = 1
               CURRENT_VARIANT = normal
               CURRENT_VERSION = Current
               DEAD_CODE_STRIPPING = YES
               DEBUGGING_SYMBOLS = YES
               DEBUG_INFORMATION_FORMAT = dwarf-with-dsym
               DEBUG_INFORMATION_VERSION = compiler-default
               DEFAULT_COMPILER = com.apple.compilers.llvm.clang.1_0
               DEFAULT_DEXT_INSTALL_PATH = /System/Library/DriverExtensions
               DEFAULT_KEXT_INSTALL_PATH = /System/Library/Extensions
               DEFINES_MODULE = YES
               DEPLOYMENT_LOCATION = NO
               DEPLOYMENT_POSTPROCESSING = NO
               DEPLOYMENT_TARGET_SETTING_NAME = IPHONEOS_DEPLOYMENT_TARGET
               DEPLOYMENT_TARGET_SUGGESTED_VALUES = 12.0 12.1 12.2 12.3 12.4 13.0 13.1 13.2 13.3 13.4 13.5 13.6 14.0 14.1 14.2 14.3 14.4 14.5 14.6 14.7 15.0 15.1 15.2 15.3 15.4 15.5 15.6 16.0 16.1 16.2 16.3 16.4 16.5 16.6 17.0 17.1 17.2 17.3 17.4 17.5 17.6 18.0 18.1 18.2 18.3 18.4 18.5 18.6 26.0 26.2 26.3 26.4 26.5
               DERIVED_FILES_DIR = /Users/macair/Documents/food_diary/build/ios/Pods.build/Release-iphonesimulator/Pods-RunnerTests.build/DerivedSources
               DERIVED_FILE_DIR = /Users/macair/Documents/food_diary/build/ios/Pods.build/Release-iphonesimulator/Pods-RunnerTests.build/DerivedSources
               DERIVED_SOURCES_DIR = /Users/macair/Documents/food_diary/build/ios/Pods.build/Release-iphonesimulator/Pods-RunnerTests.build/DerivedSources
               DEVELOPER_APPLICATIONS_DIR = /Applications/Xcode.app/Contents/Developer/Applications
               DEVELOPER_BIN_DIR = /Applications/Xcode.app/Contents/Developer/usr/bin
               DEVELOPER_DIR = /Applications/Xcode.app/Contents/Developer
               DEVELOPER_FRAMEWORKS_DIR = /Applications/Xcode.app/Contents/Developer/Library/Frameworks
               DEVELOPER_FRAMEWORKS_DIR_QUOTED = /Applications/Xcode.app/Contents/Developer/Library/Frameworks
               DEVELOPER_LIBRARY_DIR = /Applications/Xcode.app/Contents/Developer/Library
               DEVELOPER_SDK_DIR = /Applications/Xcode.app/Contents/Developer/Platforms/MacOSX.platform/Developer/SDKs
               DEVELOPER_TOOLS_DIR = /Applications/Xcode.app/Contents/Developer/Tools
               DEVELOPER_USR_DIR = /Applications/Xcode.app/Contents/Developer/usr
               DEVELOPMENT_LANGUAGE = en
               DIAGNOSE_MISSING_TARGET_DEPENDENCIES = YES
               DIFF = /usr/bin/diff
               DOCUMENTATION_FOLDER_PATH = Pods_RunnerTests.framework/en.lproj/Documentation
               DONT_GENERATE_INFOPLIST_FILE = NO
               DRIVERKIT_DEPLOYMENT_TARGET = 25.5
               DSTROOT = /tmp/Pods.dst
               DT_TOOLCHAIN_DIR = /Applications/Xcode.app/Contents/Developer/Toolchains/XcodeDefault.xctoolchain
               DUMP_DEPENDENCIES = NO
               DUMP_DEPENDENCIES_OUTPUT_PATH = /Users/macair/Documents/food_diary/build/ios/Pods.build/Release-iphonesimulator/Pods-RunnerTests.build/Pods-RunnerTests-BuildDependencyInfo.json
               DWARF_DSYM_FILE_NAME = Pods_RunnerTests.framework.dSYM
               DWARF_DSYM_FILE_SHOULD_ACCOMPANY_PRODUCT = NO
               DWARF_DSYM_FOLDER_PATH = /Users/macair/Documents/food_diary/build/ios/Release-iphonesimulator
               DYLIB_COMPATIBILITY_VERSION = 1
               DYLIB_CURRENT_VERSION = 1
               DYLIB_INSTALL_NAME_BASE = @rpath
               DYNAMIC_LIBRARY_EXTENSION = dylib
               EAGER_COMPILATION_ALLOW_SCRIPTS = NO
               EAGER_LINKING = NO
               EFFECTIVE_PLATFORM_NAME = -iphonesimulator
               EFFECTIVE_SWIFT_VERSION = 5
               EMBEDDED_CONTENT_CONTAINS_SWIFT = NO
               EMBED_ASSET_PACKS_IN_PRODUCT_BUNDLE = NO
               ENABLE_APP_SANDBOX = NO
               ENABLE_BITCODE = NO
               ENABLE_CODE_COVERAGE = YES
               ENABLE_COHORT_ARCHS = NO
               ENABLE_CPLUSPLUS_BOUNDS_SAFE_BUFFERS = NO
               ENABLE_C_BOUNDS_SAFETY = NO
               ENABLE_DEFAULT_HEADER_SEARCH_PATHS = YES
               ENABLE_DEFAULT_SEARCH_PATHS = YES
               ENABLE_ENHANCED_SECURITY = NO
               ENABLE_HARDENED_RUNTIME = NO
               ENABLE_HEADER_DEPENDENCIES = YES
               ENABLE_INCOMING_NETWORK_CONNECTIONS = NO
               ENABLE_MODULE_VERIFIER = NO
               ENABLE_NS_ASSERTIONS = NO
               ENABLE_ON_DEMAND_RESOURCES = NO
               ENABLE_OUTGOING_NETWORK_CONNECTIONS = NO
               ENABLE_POINTER_AUTHENTICATION = NO
               ENABLE_RESOURCE_ACCESS_AUDIO_INPUT = NO
               ENABLE_RESOURCE_ACCESS_BLUETOOTH = NO
               ENABLE_RESOURCE_ACCESS_CALENDARS = NO
               ENABLE_RESOURCE_ACCESS_CAMERA = NO
               ENABLE_RESOURCE_ACCESS_CONTACTS = NO
               ENABLE_RESOURCE_ACCESS_LOCATION = NO
               ENABLE_RESOURCE_ACCESS_PHOTO_LIBRARY = NO
               ENABLE_RESOURCE_ACCESS_PRINTING = NO
               ENABLE_RESOURCE_ACCESS_USB = NO
               ENABLE_SDK_IMPORTS = NO
               ENABLE_SECURITY_COMPILER_WARNINGS = NO
               ENABLE_STRICT_OBJC_MSGSEND = YES
               ENABLE_TESTABILITY = NO
               ENABLE_TESTING_SEARCH_PATHS = NO
               ENABLE_USER_SCRIPT_SANDBOXING = NO
               ENFORCE_VALID_ARCHS = YES
               ENTITLEMENTS_DESTINATION = __entitlements
               ENTITLEMENTS_REQUIRED = NO
               EXCLUDED_ARCHS =  i386
               EXCLUDED_INSTALLSRC_SUBDIRECTORY_PATTERNS = .DS_Store .svn .git .hg CVS
               EXCLUDED_RECURSIVE_SEARCH_PATH_SUBDIRECTORIES = *.nib *.lproj *.framework *.gch *.xcode* *.xcassets *.icon (*) .DS_Store CVS .svn .git .hg *.pbproj *.pbxproj
               EXECUTABLES_FOLDER_PATH = Pods_RunnerTests.framework/en.lproj
               EXECUTABLE_FOLDER_PATH = Pods_RunnerTests.framework
               EXECUTABLE_FOLDER_PATH_SHALLOW_BUNDLE_NO = Pods_RunnerTests.framework
               EXECUTABLE_FOLDER_PATH_SHALLOW_BUNDLE_YES = Pods_RunnerTests.framework
               EXECUTABLE_NAME = Pods_RunnerTests
               EXECUTABLE_PATH = Pods_RunnerTests.framework/Pods_RunnerTests
               EXTENSIONS_FOLDER_PATH = Pods_RunnerTests.framework/Extensions
               FILE_LIST = /Users/macair/Documents/food_diary/build/ios/Pods.build/Release-iphonesimulator/Pods-RunnerTests.build/Objects/LinkFileList
               FIXED_FILES_DIR = /Users/macair/Documents/food_diary/build/ios/Pods.build/Release-iphonesimulator/Pods-RunnerTests.build/FixedFiles
               FRAMEWORKS_FOLDER_PATH = Pods_RunnerTests.framework/Frameworks
               FRAMEWORK_FLAG_PREFIX = -framework
               FRAMEWORK_SEARCH_PATHS = /Users/macair/Documents/food_diary/build/ios/Release-iphonesimulator "/Users/macair/development/flutter/bin/cache/artifacts/engine/ios-release/Flutter.xcframework/ios-arm64_x86_64-simulator" 
               FRAMEWORK_VERSION = A
               FULL_PRODUCT_NAME = Pods_RunnerTests.framework
               FUSE_BUILD_PHASES = YES
               FUSE_BUILD_SCRIPT_PHASES = NO
               GCC3_VERSION = 3.3
               GCC_C_LANGUAGE_STANDARD = gnu11
               GCC_INLINES_ARE_PRIVATE_EXTERN = YES
               GCC_NO_COMMON_BLOCKS = YES
               GCC_OBJC_LEGACY_DISPATCH = YES
               GCC_PFE_FILE_C_DIALECTS = c objective-c c++ objective-c++
               GCC_PREPROCESSOR_DEFINITIONS = POD_CONFIGURATION_RELEASE=1  COCOAPODS=1
               GCC_TREAT_WARNINGS_AS_ERRORS = NO
               GCC_VERSION = com.apple.compilers.llvm.clang.1_0
               GCC_VERSION_IDENTIFIER = com_apple_compilers_llvm_clang_1_0
               GCC_WARN_64_TO_32_BIT_CONVERSION = YES
               GCC_WARN_ABOUT_RETURN_TYPE = YES_ERROR
               GCC_WARN_UNDECLARED_SELECTOR = YES
               GCC_WARN_UNINITIALIZED_AUTOS = YES_AGGRESSIVE
               GCC_WARN_UNUSED_FUNCTION = YES
               GCC_WARN_UNUSED_VARIABLE = YES
               GENERATED_MODULEMAP_DIR = /Users/macair/Documents/food_diary/build/ios/GeneratedModuleMaps-iphonesimulator
               GENERATE_INFOPLIST_FILE = NO
               GENERATE_INTERMEDIATE_TEXT_BASED_STUBS = YES
               GENERATE_PKGINFO_FILE = NO
               GENERATE_PRELINK_OBJECT_FILE = NO
               GENERATE_PROFILING_CODE = NO
               GENERATE_TEXT_BASED_STUBS = NO
               GID = 20
               GROUP = staff
               HEADERMAP_INCLUDES_FLAT_ENTRIES_FOR_TARGET_BEING_BUILT = YES
               HEADERMAP_INCLUDES_FRAMEWORK_ENTRIES_FOR_ALL_PRODUCT_TYPES = YES
               HEADERMAP_INCLUDES_FRAMEWORK_ENTRIES_FOR_TARGETS_NOT_BEING_BUILT = YES
               HEADERMAP_INCLUDES_NONPUBLIC_NONPRIVATE_HEADERS = YES
               HEADERMAP_INCLUDES_PROJECT_HEADERS = YES
               HEADERMAP_USES_FRAMEWORK_PREFIX_ENTRIES = YES
               HEADERMAP_USES_VFS = YES
               HEADER_SEARCH_PATHS = /Users/macair/Documents/food_diary/build/ios/Release-iphonesimulator/include 
               HOME = /Users/macair
               HOST_ARCH = arm64
               HOST_PLATFORM = macosx
               ICONV = /usr/bin/iconv
               IMPLICIT_DEPENDENCY_DOMAIN = default
               INDEX_STORE_COMPRESS = NO
               INDEX_STORE_ONLY_PROJECT_FILES = NO
               INFOPLIST_ENABLE_CFBUNDLEICONS_MERGE = YES
               INFOPLIST_EXPAND_BUILD_SETTINGS = YES
               INFOPLIST_FILE = Target Support Files/Pods-RunnerTests/Pods-RunnerTests-Info.plist
               INFOPLIST_OUTPUT_FORMAT = binary
               INFOPLIST_PATH = Pods_RunnerTests.framework/Info.plist
               INFOPLIST_PREPROCESS = NO
               INFOSTRINGS_PATH = Pods_RunnerTests.framework/en.lproj/InfoPlist.strings
               INLINE_PRIVATE_FRAMEWORKS = NO
               INSTALLAPI_IGNORE_SKIP_INSTALL = YES
               INSTALLHDRS_COPY_PHASE = NO
               INSTALLHDRS_SCRIPT_PHASE = NO
               INSTALL_DIR = /tmp/Pods.dst/Library/Frameworks
               INSTALL_GROUP = staff
               INSTALL_MODE_FLAG = u+w,go-w,a+rX
               INSTALL_OWNER = macair
               INSTALL_PATH = /Library/Frameworks
               INSTALL_ROOT = /tmp/Pods.dst
               IPHONEOS_DEPLOYMENT_TARGET = 13.0
               IS_UNOPTIMIZED_BUILD = NO
               JAVAC_DEFAULT_FLAGS = -J-Xms64m -J-XX:NewSize=4M -J-Dfile.encoding=UTF8
               JAVA_APP_STUB = /System/Library/Frameworks/JavaVM.framework/Resources/MacOS/JavaApplicationStub
               JAVA_ARCHIVE_CLASSES = YES
               JAVA_ARCHIVE_TYPE = JAR
               JAVA_COMPILER = /usr/bin/javac
               JAVA_FOLDER_PATH = Pods_RunnerTests.framework/Java
               JAVA_FRAMEWORK_RESOURCES_DIRS = Resources
               JAVA_JAR_FLAGS = cv
               JAVA_SOURCE_SUBDIR = .
               JAVA_USE_DEPENDENCIES = YES
               JAVA_ZIP_FLAGS = -urg
               JIKES_DEFAULT_FLAGS = +E +OLDCSO
               KEEP_PRIVATE_EXTERNS = NO
               LD_DEPENDENCY_INFO_FILE = /Users/macair/Documents/food_diary/build/ios/Pods.build/Release-iphonesimulator/Pods-RunnerTests.build/Objects-normal/undefined_arch/Pods_RunnerTests_dependency_info.dat
               LD_DYLIB_INSTALL_NAME = @rpath/Pods_RunnerTests.framework/Pods_RunnerTests
               LD_EXPORT_SYMBOLS = YES
               LD_GENERATE_MAP_FILE = NO
               LD_MAP_FILE_PATH = /Users/macair/Documents/food_diary/build/ios/Pods.build/Release-iphonesimulator/Pods-RunnerTests.build/Pods_RunnerTests-LinkMap-normal-undefined_arch.txt
               LD_NO_PIE = NO
               LD_QUOTE_LINKER_ARGUMENTS_FOR_COMPILER_DRIVER = YES
               LD_RUNPATH_SEARCH_PATHS =  @executable_path/Frameworks @loader_path/Frameworks
               LD_SHARED_CACHE_ELIGIBLE = Automatic
               LD_WARN_DUPLICATE_LIBRARIES = NO
               LD_WARN_UNUSED_DYLIBS = NO
               LEGACY_DEVELOPER_DIR = /Applications/Xcode.app/Contents/PlugIns/Xcode3Core.ideplugin/Contents/SharedSupport/Developer
               LEX = lex
               LIBRARY_DEXT_INSTALL_PATH = /Library/DriverExtensions
               LIBRARY_FLAG_NOSPACE = YES
               LIBRARY_FLAG_PREFIX = -l
               LIBRARY_KEXT_INSTALL_PATH = /Library/Extensions
               LIBRARY_SEARCH_PATHS = /Users/macair/Documents/food_diary/build/ios/Release-iphonesimulator 
               LINKER_DISPLAYS_MANGLED_NAMES = NO
               LINK_FILE_LIST_normal_arm64 = /Users/macair/Documents/food_diary/build/ios/Pods.build/Release-iphonesimulator/Pods-RunnerTests.build/Objects-normal/arm64/Pods_RunnerTests.LinkFileList
               LINK_FILE_LIST_normal_x86_64 = /Users/macair/Documents/food_diary/build/ios/Pods.build/Release-iphonesimulator/Pods-RunnerTests.build/Objects-normal/x86_64/Pods_RunnerTests.LinkFileList
               LINK_OBJC_RUNTIME = YES
               LINK_WITH_STANDARD_LIBRARIES = YES
               LLVM_TARGET_TRIPLE_OS_VERSION = ios13.0
               LLVM_TARGET_TRIPLE_SUFFIX = -simulator
               LLVM_TARGET_TRIPLE_VENDOR = apple
               LM_AUX_CONST_METADATA_LIST_PATH_normal_arm64 = /Users/macair/Documents/food_diary/build/ios/Pods.build/Release-iphonesimulator/Pods-RunnerTests.build/Objects-normal/arm64/Pods_RunnerTests.SwiftConstValuesFileList
               LM_AUX_CONST_METADATA_LIST_PATH_normal_x86_64 = /Users/macair/Documents/food_diary/build/ios/Pods.build/Release-iphonesimulator/Pods-RunnerTests.build/Objects-normal/x86_64/Pods_RunnerTests.SwiftConstValuesFileList
               LOCALIZATION_EXPORT_SUPPORTED = YES
               LOCALIZATION_PREFERS_STRING_CATALOGS = NO
               LOCALIZED_RESOURCES_FOLDER_PATH = Pods_RunnerTests.framework/en.lproj
               LOCALIZED_STRING_CODE_COMMENTS = NO
               LOCALIZED_STRING_MACRO_NAMES = NSLocalizedString CFCopyLocalizedString
               LOCALIZED_STRING_SWIFTUI_SUPPORT = YES
               LOCAL_ADMIN_APPS_DIR = /Applications/Utilities
               LOCAL_APPS_DIR = /Applications
               LOCAL_DEVELOPER_DIR = /Library/Developer
               LOCAL_LIBRARY_DIR = /Library
               LOCROOT = /Users/macair/Documents/food_diary/ios/Pods
               LOCSYMROOT = /Users/macair/Documents/food_diary/ios/Pods
               MACH_O_TYPE = staticlib
               MACOSX_DEPLOYMENT_TARGET = 26.5
               MAC_OS_X_PRODUCT_BUILD_VERSION = 25G5028f
               MAC_OS_X_VERSION_ACTUAL = 260600
               MAC_OS_X_VERSION_MAJOR = 260000
               MAC_OS_X_VERSION_MINOR = 260600
               MAKE_MERGEABLE = NO
               MERGEABLE_LIBRARY = NO
               MERGED_BINARY_TYPE = none
               MERGE_LINKED_LIBRARIES = NO
               METAL_LIBRARY_FILE_BASE = default
               METAL_LIBRARY_OUTPUT_DIR = /Users/macair/Documents/food_diary/build/ios/Release-iphonesimulator/Pods_RunnerTests.framework
               MODULEMAP_FILE = Target Support Files/Pods-RunnerTests/Pods-RunnerTests.modulemap
               MODULES_FOLDER_PATH = Pods_RunnerTests.framework/Modules
               MTL_ENABLE_DEBUG_INFO = NO
               MTL_FAST_MATH = YES
               NATIVE_ARCH = arm64
               NATIVE_ARCH_32_BIT = arm
               NATIVE_ARCH_64_BIT = arm64
               NATIVE_ARCH_ACTUAL = arm64
               NO_COMMON = YES
               OBJC_ABI_VERSION = 2
               OBJECT_FILE_DIR = /Users/macair/Documents/food_diary/build/ios/Pods.build/Release-iphonesimulator/Pods-RunnerTests.build/Objects
               OBJECT_FILE_DIR_normal = /Users/macair/Documents/food_diary/build/ios/Pods.build/Release-iphonesimulator/Pods-RunnerTests.build/Objects-normal
               OBJROOT = /Users/macair/Documents/food_diary/build/ios
               ONLY_ACTIVE_ARCH = NO
               OS = MACOS
               OSAC = /usr/bin/osacompile
               OTHER_LDFLAGS =  -framework Flutter
               PACKAGE_TYPE = com.apple.package-type.wrapper.framework
               PASCAL_STRINGS = YES
               PATH = /Applications/Xcode.app/Contents/SharedFrameworks/SwiftBuild.framework/Versions/A/PlugIns/SWBBuildService.bundle/Contents/PlugIns/SWBUniversalPlatformPlugin.bundle/Contents/Frameworks/SWBUniversalPlatform.framework/Resources:/Applications/Xcode.app/Contents/Developer/Toolchains/XcodeDefault.xctoolchain/usr/bin:/Applications/Xcode.app/Contents/Developer/Toolchains/XcodeDefault.xctoolchain/usr/local/bin:/Applications/Xcode.app/Contents/Developer/Toolchains/XcodeDefault.xctoolchain/usr/libexec:/Applications/Xcode.app/Contents/Developer/Platforms/iPhoneSimulator.platform/usr/bin:/Applications/Xcode.app/Contents/Developer/Platforms/iPhoneSimulator.platform/usr/local/bin:/Applications/Xcode.app/Contents/Developer/Platforms/iPhoneSimulator.platform/Developer/usr/bin:/Applications/Xcode.app/Contents/Developer/Platforms/iPhoneSimulator.platform/Developer/usr/local/bin:/Applications/Xcode.app/Contents/Developer/usr/bin:/Applications/Xcode.app/Contents/Developer/usr/local/bin:/Users/macair/development/flutter/bin/:/Users/macair/Library/Application Support/Code/User/globalStorage/github.copilot-chat/debugCommand:/Users/macair/Library/Application Support/Code/User/globalStorage/github.copilot-chat/copilotCli:/opt/homebrew/bin:/opt/homebrew/sbin:/usr/local/bin:/System/Cryptexes/App/usr/bin:/usr/bin:/bin:/usr/sbin:/sbin:/var/run/com.apple.security.cryptexd/codex.system/bootstrap/usr/local/bin:/var/run/com.apple.security.cryptexd/codex.system/bootstrap/usr/bin:/var/run/com.apple.security.cryptexd/codex.system/bootstrap/usr/appleinternal/bin:/pkg/env/global/bin:/Library/Apple/usr/bin:/Users/macair/Desktop/coffee trail/flutter/bin:/Users/macair/development/flutter/bin
               PATH_PREFIXES_EXCLUDED_FROM_HEADER_DEPENDENCIES = /usr/include /usr/local/include /System/Library/Frameworks /System/Library/PrivateFrameworks /Applications/Xcode.app/Contents/Developer/Headers /Applications/Xcode.app/Contents/Developer/SDKs /Applications/Xcode.app/Contents/Developer/Platforms
               PBDEVELOPMENTPLIST_PATH = Pods_RunnerTests.framework/pbdevelopment.plist
               PER_ARCH_MODULE_FILE_DIR = /Users/macair/Documents/food_diary/build/ios/Pods.build/Release-iphonesimulator/Pods-RunnerTests.build/Objects-normal/undefined_arch
               PER_ARCH_OBJECT_FILE_DIR = /Users/macair/Documents/food_diary/build/ios/Pods.build/Release-iphonesimulator/Pods-RunnerTests.build/Objects-normal/undefined_arch
               PER_VARIANT_OBJECT_FILE_DIR = /Users/macair/Documents/food_diary/build/ios/Pods.build/Release-iphonesimulator/Pods-RunnerTests.build/Objects-normal
               PKGINFO_FILE_PATH = /Users/macair/Documents/food_diary/build/ios/Pods.build/Release-iphonesimulator/Pods-RunnerTests.build/PkgInfo
               PKGINFO_PATH = Pods_RunnerTests.framework/PkgInfo
               PLATFORM_DEVELOPER_APPLICATIONS_DIR = /Applications/Xcode.app/Contents/Developer/Platforms/iPhoneSimulator.platform/Developer/Applications
               PLATFORM_DEVELOPER_BIN_DIR = /Applications/Xcode.app/Contents/Developer/Platforms/iPhoneSimulator.platform/Developer/usr/bin
               PLATFORM_DEVELOPER_LIBRARY_DIR = /Applications/Xcode.app/Contents/Developer/Platforms/iPhoneSimulator.platform/Developer/Library
               PLATFORM_DEVELOPER_SDK_DIR = /Applications/Xcode.app/Contents/Developer/Platforms/iPhoneSimulator.platform/Developer/SDKs
               PLATFORM_DEVELOPER_TOOLS_DIR = /Applications/Xcode.app/Contents/Developer/Platforms/iPhoneSimulator.platform/Developer/Tools
               PLATFORM_DEVELOPER_USR_DIR = /Applications/Xcode.app/Contents/Developer/Platforms/iPhoneSimulator.platform/Developer/usr
               PLATFORM_DIR = /Applications/Xcode.app/Contents/Developer/Platforms/iPhoneSimulator.platform
               PLATFORM_DISPLAY_NAME = iOS Simulator
               PLATFORM_FAMILY_NAME = iOS
               PLATFORM_NAME = iphonesimulator
               PLATFORM_PREFERRED_ARCH = x86_64
               PLATFORM_PRODUCT_BUILD_VERSION = 23F81a
               PLATFORM_REQUIRES_SWIFT_AUTOLINK_EXTRACT = NO
               PLATFORM_REQUIRES_SWIFT_MODULEWRAP = NO
               PLATFORM_USES_DSYMS = YES
               PLIST_FILE_OUTPUT_FORMAT = binary
               PLUGINS_FOLDER_PATH = Pods_RunnerTests.framework/PlugIns
               PODS_BUILD_DIR = /Users/macair/Documents/food_diary/build/ios
               PODS_CONFIGURATION_BUILD_DIR = /Users/macair/Documents/food_diary/build/ios/Release-iphonesimulator
               PODS_PODFILE_DIR_PATH = /Users/macair/Documents/food_diary/ios/Pods/.
               PODS_ROOT = /Users/macair/Documents/food_diary/ios/Pods
               PODS_XCFRAMEWORKS_BUILD_DIR = /Users/macair/Documents/food_diary/build/ios/Release-iphonesimulator/XCFrameworkIntermediates
               PRECOMPS_INCLUDE_HEADERS_FROM_BUILT_PRODUCTS_DIR = YES
               PRECOMP_DESTINATION_DIR = /Users/macair/Documents/food_diary/build/ios/Pods.build/Release-iphonesimulator/Pods-RunnerTests.build/PrefixHeaders
               PRIVATE_HEADERS_FOLDER_PATH = Pods_RunnerTests.framework/PrivateHeaders
               PROCESSED_INFOPLIST_PATH = /Users/macair/Documents/food_diary/build/ios/Pods.build/Release-iphonesimulator/Pods-RunnerTests.build/Objects-normal/undefined_arch/Processed-Info.plist
               PRODUCT_BUNDLE_IDENTIFIER = org.cocoapods.Pods-RunnerTests
               PRODUCT_BUNDLE_PACKAGE_TYPE = FMWK
               PRODUCT_MODULE_NAME = Pods_RunnerTests
               PRODUCT_NAME = Pods_RunnerTests
               PRODUCT_SETTINGS_PATH = /Users/macair/Documents/food_diary/ios/Pods/Target Support Files/Pods-RunnerTests/Pods-RunnerTests-Info.plist
               PRODUCT_TYPE = com.apple.product-type.framework
               PROFILING_CODE = NO
               PROJECT = Pods
               PROJECT_DERIVED_FILE_DIR = /Users/macair/Documents/food_diary/build/ios/Pods.build/DerivedSources
               PROJECT_DIR = /Users/macair/Documents/food_diary/ios/Pods
               PROJECT_FILE_PATH = /Users/macair/Documents/food_diary/ios/Pods/Pods.xcodeproj
               PROJECT_GUID = bfdfe7dc352907fc980b868725387e98
               PROJECT_NAME = Pods
               PROJECT_TEMP_DIR = /Users/macair/Documents/food_diary/build/ios/Pods.build
               PROJECT_TEMP_ROOT = /Users/macair/Documents/food_diary/build/ios
               PUBLIC_HEADERS_FOLDER_PATH = Pods_RunnerTests.framework/Headers
               RECOMMENDED_IPHONEOS_DEPLOYMENT_TARGET = 15.0
               RECURSIVE_SEARCH_PATHS_FOLLOW_SYMLINKS = YES
               REMOVE_CVS_FROM_RESOURCES = YES
               REMOVE_GIT_FROM_RESOURCES = YES
               REMOVE_HEADERS_FROM_EMBEDDED_BUNDLES = YES
               REMOVE_HG_FROM_RESOURCES = YES
               REMOVE_STATIC_EXECUTABLES_FROM_EMBEDDED_BUNDLES = YES
               REMOVE_SVN_FROM_RESOURCES = YES
               RESCHEDULE_INDEPENDENT_HEADERS_PHASES = YES
               REZ_COLLECTOR_DIR = /Users/macair/Documents/food_diary/build/ios/Pods.build/Release-iphonesimulator/Pods-RunnerTests.build/ResourceManagerResources
               REZ_OBJECTS_DIR = /Users/macair/Documents/food_diary/build/ios/Pods.build/Release-iphonesimulator/Pods-RunnerTests.build/ResourceManagerResources/Objects
               REZ_SEARCH_PATHS = /Users/macair/Documents/food_diary/build/ios/Release-iphonesimulator 
               RPATH_ORIGIN = @loader_path
               RUNTIME_EXCEPTION_ALLOW_DYLD_ENVIRONMENT_VARIABLES = NO
               RUNTIME_EXCEPTION_ALLOW_JIT = NO
               RUNTIME_EXCEPTION_ALLOW_UNSIGNED_EXECUTABLE_MEMORY = NO
               RUNTIME_EXCEPTION_DEBUGGING_TOOL = NO
               RUNTIME_EXCEPTION_DISABLE_EXECUTABLE_PAGE_PROTECTION = NO
               RUNTIME_EXCEPTION_DISABLE_LIBRARY_VALIDATION = NO
               SCANNING_PCM_KEEP_CACHE_DIRECTORY = YES
               SCAN_ALL_SOURCE_FILES_FOR_INCLUDES = NO
               SCRIPTS_FOLDER_PATH = Pods_RunnerTests.framework/Scripts
               SDKROOT = /Applications/Xcode.app/Contents/Developer/Platforms/iPhoneSimulator.platform/Developer/SDKs/iPhoneSimulator26.5.sdk
               SDK_DIR = /Applications/Xcode.app/Contents/Developer/Platforms/iPhoneSimulator.platform/Developer/SDKs/iPhoneSimulator26.5.sdk
               SDK_DIR_iphonesimulator = /Applications/Xcode.app/Contents/Developer/Platforms/iPhoneSimulator.platform/Developer/SDKs/iPhoneSimulator26.5.sdk
               SDK_DIR_iphonesimulator26_5 = /Applications/Xcode.app/Contents/Developer/Platforms/iPhoneSimulator.platform/Developer/SDKs/iPhoneSimulator26.5.sdk
               SDK_NAME = iphonesimulator26.5
               SDK_NAMES = iphonesimulator26.5
               SDK_PRODUCT_BUILD_VERSION = 23F81a
               SDK_STAT_CACHE_DIR = /var/folders/t7/4ns5bn2972v1xz_j79mgwsyw0000gn/C/com.apple.DeveloperTools/26.6-17F113/Xcode
               SDK_STAT_CACHE_ENABLE = YES
               SDK_STAT_CACHE_PATH = /var/folders/t7/4ns5bn2972v1xz_j79mgwsyw0000gn/C/com.apple.DeveloperTools/26.6-17F113/Xcode/SDKStatCaches.noindex/iphonesimulator26.5-23F81a-6cfe768891a92b912361537c460fe42b.sdkstatcache
               SDK_VERSION = 26.5
               SDK_VERSION_ACTUAL = 260500
               SDK_VERSION_MAJOR = 260000
               SDK_VERSION_MINOR = 260500
               SED = /usr/bin/sed
               SEPARATE_STRIP = NO
               SEPARATE_SYMBOL_EDIT = NO
               SET_DIR_MODE_OWNER_GROUP = YES
               SET_FILE_MODE_OWNER_GROUP = NO
               SHALLOW_BUNDLE = YES
               SHALLOW_BUNDLE_TRIPLE = ios-simulator
               SHALLOW_BUNDLE_ios_macabi = NO
               SHALLOW_BUNDLE_macos = NO
               SHARED_DERIVED_FILE_DIR = /Users/macair/Documents/food_diary/build/ios/Release-iphonesimulator/DerivedSources
               SHARED_FRAMEWORKS_FOLDER_PATH = Pods_RunnerTests.framework/SharedFrameworks
               SHARED_PRECOMPS_DIR = /Users/macair/Documents/food_diary/build/ios/SharedPrecompiledHeaders
               SHARED_SUPPORT_FOLDER_PATH = Pods_RunnerTests.framework
               SKIP_INSTALL = YES
               SKIP_MERGEABLE_LIBRARY_BUNDLE_HOOK = NO
               SOURCE_ROOT = /Users/macair/Documents/food_diary/ios/Pods
               SRCROOT = /Users/macair/Documents/food_diary/ios/Pods
               STRINGSDATA_DIR = /Users/macair/Documents/food_diary/build/ios/Pods.build/Release-iphonesimulator/Pods-RunnerTests.build/Objects-normal/undefined_arch
               STRINGSDATA_ROOT = /Users/macair/Documents/food_diary/build/ios/Pods.build/Release-iphonesimulator/Pods-RunnerTests.build
               STRINGS_FILE_INFOPLIST_RENAME = YES
               STRINGS_FILE_OUTPUT_ENCODING = binary
               STRING_CATALOG_GENERATE_SYMBOLS = NO
               STRIP_BITCODE_FROM_COPIED_FILES = NO
               STRIP_INSTALLED_PRODUCT = NO
               STRIP_STYLE = debugging
               STRIP_SWIFT_SYMBOLS = YES
               SUPPORTED_DEVICE_FAMILIES = 1,2
               SUPPORTED_PLATFORMS = iphoneos iphonesimulator
               SUPPORTS_TEXT_BASED_API = NO
               SUPPRESS_WARNINGS = NO
               SWIFT_COMPILATION_MODE = wholemodule
               SWIFT_EMIT_CONST_VALUE_PROTOCOLS = AnyResolverProviding AppEntity AppEnum AppExtension AppIntent AppIntentsPackage AppShortcutProviding AppShortcutsProvider AppUnionValue AppUnionValueCasesProviding DynamicOptionsProvider EntityQuery ExtensionPointDefining IntentValueQuery Resolver TransientEntity _AssistantIntentsProvider _GenerativeFunctionExtractable _IntentValueRepresentable
               SWIFT_EMIT_LOC_STRINGS = NO
               SWIFT_ENABLE_EXPLICIT_MODULES = YES
               SWIFT_INSTALL_MODULE_FOR_DEPLOYMENT = YES
               SWIFT_OPTIMIZATION_LEVEL = -O
               SWIFT_PLATFORM_TARGET_PREFIX = ios
               SWIFT_RESPONSE_FILE_PATH_normal_arm64 = /Users/macair/Documents/food_diary/build/ios/Pods.build/Release-iphonesimulator/Pods-RunnerTests.build/Objects-normal/arm64/Pods_RunnerTests.SwiftFileList
               SWIFT_RESPONSE_FILE_PATH_normal_x86_64 = /Users/macair/Documents/food_diary/build/ios/Pods.build/Release-iphonesimulator/Pods-RunnerTests.build/Objects-normal/x86_64/Pods_RunnerTests.SwiftFileList
               SWIFT_VERSION = 5.0
               SYMROOT = /Users/macair/Documents/food_diary/ios/build
               SYSTEM_ADMIN_APPS_DIR = /Applications/Utilities
               SYSTEM_APPS_DIR = /Applications
               SYSTEM_CORE_SERVICES_DIR = /System/Library/CoreServices
               SYSTEM_DEMOS_DIR = /Applications/Extras
               SYSTEM_DEVELOPER_APPS_DIR = /Applications/Xcode.app/Contents/Developer/Applications
               SYSTEM_DEVELOPER_BIN_DIR = /Applications/Xcode.app/Contents/Developer/usr/bin
               SYSTEM_DEVELOPER_DEMOS_DIR = /Applications/Xcode.app/Contents/Developer/Applications/Utilities/Built Examples
               SYSTEM_DEVELOPER_DIR = /Applications/Xcode.app/Contents/Developer
               SYSTEM_DEVELOPER_DOC_DIR = /Applications/Xcode.app/Contents/Developer/ADC Reference Library
               SYSTEM_DEVELOPER_GRAPHICS_TOOLS_DIR = /Applications/Xcode.app/Contents/Developer/Applications/Graphics Tools
               SYSTEM_DEVELOPER_JAVA_TOOLS_DIR = /Applications/Xcode.app/Contents/Developer/Applications/Java Tools
               SYSTEM_DEVELOPER_PERFORMANCE_TOOLS_DIR = /Applications/Xcode.app/Contents/Developer/Applications/Performance Tools
               SYSTEM_DEVELOPER_RELEASENOTES_DIR = /Applications/Xcode.app/Contents/Developer/ADC Reference Library/releasenotes
               SYSTEM_DEVELOPER_TOOLS = /Applications/Xcode.app/Contents/Developer/Tools
               SYSTEM_DEVELOPER_TOOLS_DOC_DIR = /Applications/Xcode.app/Contents/Developer/ADC Reference Library/documentation/DeveloperTools
               SYSTEM_DEVELOPER_TOOLS_RELEASENOTES_DIR = /Applications/Xcode.app/Contents/Developer/ADC Reference Library/releasenotes/DeveloperTools
               SYSTEM_DEVELOPER_USR_DIR = /Applications/Xcode.app/Contents/Developer/usr
               SYSTEM_DEVELOPER_UTILITIES_DIR = /Applications/Xcode.app/Contents/Developer/Applications/Utilities
               SYSTEM_DEXT_INSTALL_PATH = /System/Library/DriverExtensions
               SYSTEM_DOCUMENTATION_DIR = /Library/Documentation
               SYSTEM_EXTENSIONS_FOLDER_PATH = Pods_RunnerTests.framework/SystemExtensions
               SYSTEM_EXTENSIONS_FOLDER_PATH_SHALLOW_BUNDLE_NO = Pods_RunnerTests.framework/Library/SystemExtensions
               SYSTEM_EXTENSIONS_FOLDER_PATH_SHALLOW_BUNDLE_YES = Pods_RunnerTests.framework/SystemExtensions
               SYSTEM_KEXT_INSTALL_PATH = /System/Library/Extensions
               SYSTEM_LIBRARY_DIR = /System/Library
               TAPI_DEMANGLE = YES
               TAPI_ENABLE_PROJECT_HEADERS = NO
               TAPI_LANGUAGE = objective-c
               TAPI_LANGUAGE_STANDARD = compiler-default
               TAPI_USE_SRCROOT = YES
               TAPI_VERIFY_MODE = Pedantic
               TARGETED_DEVICE_FAMILY = 1,2
               TARGETNAME = Pods-RunnerTests
               TARGET_BUILD_DIR = /Users/macair/Documents/food_diary/build/ios/Release-iphonesimulator
               TARGET_NAME = Pods-RunnerTests
               TARGET_TEMP_DIR = /Users/macair/Documents/food_diary/build/ios/Pods.build/Release-iphonesimulator/Pods-RunnerTests.build
               TEMP_DIR = /Users/macair/Documents/food_diary/build/ios/Pods.build/Release-iphonesimulator/Pods-RunnerTests.build
               TEMP_FILES_DIR = /Users/macair/Documents/food_diary/build/ios/Pods.build/Release-iphonesimulator/Pods-RunnerTests.build
               TEMP_FILE_DIR = /Users/macair/Documents/food_diary/build/ios/Pods.build/Release-iphonesimulator/Pods-RunnerTests.build
               TEMP_ROOT = /Users/macair/Documents/food_diary/build/ios
               TEMP_SANDBOX_DIR = /Users/macair/Documents/food_diary/build/ios/TemporaryTaskSandboxes
               TEST_FRAMEWORK_SEARCH_PATHS =  /Applications/Xcode.app/Contents/Developer/Platforms/iPhoneSimulator.platform/Developer/Library/Frameworks /Applications/Xcode.app/Contents/Developer/Platforms/iPhoneSimulator.platform/Developer/SDKs/iPhoneSimulator26.5.sdk/Developer/Library/Frameworks
               TEST_LIBRARY_SEARCH_PATHS =  /Applications/Xcode.app/Contents/Developer/Platforms/iPhoneSimulator.platform/Developer/usr/lib
               TOOLCHAINS = com.apple.dt.toolchain.XcodeDefault
               TOOLCHAIN_DIR = /Applications/Xcode.app/Contents/Developer/Toolchains/XcodeDefault.xctoolchain
               TREAT_MISSING_BASELINES_AS_TEST_FAILURES = NO
               TREAT_MISSING_SCRIPT_PHASE_OUTPUTS_AS_ERRORS = NO
               TVOS_DEPLOYMENT_TARGET = 26.5
               UID = 501
               UNINSTALLED_PRODUCTS_DIR = /Users/macair/Documents/food_diary/build/ios/UninstalledProducts
               UNLOCALIZED_RESOURCES_FOLDER_PATH = Pods_RunnerTests.framework
               UNLOCALIZED_RESOURCES_FOLDER_PATH_SHALLOW_BUNDLE_NO = Pods_RunnerTests.framework/Resources
               UNLOCALIZED_RESOURCES_FOLDER_PATH_SHALLOW_BUNDLE_YES = Pods_RunnerTests.framework
               UNSTRIPPED_PRODUCT = NO
               USER = macair
               USER_APPS_DIR = /Users/macair/Applications
               USER_LIBRARY_DIR = /Users/macair/Library
               USE_DYNAMIC_NO_PIC = YES
               USE_HEADERMAP = YES
               USE_HEADER_SYMLINKS = NO
               USE_RECURSIVE_SCRIPT_INPUTS_IN_SCRIPT_PHASES = YES
               VALIDATE_DEVELOPMENT_ASSET_PATHS = YES_ERROR
               VALIDATE_PRODUCT = YES
               VALID_ARCHS = arm64 x86_64
               VERBOSE_PBXCP = NO
               VERSIONING_SYSTEM = apple-generic
               VERSIONPLIST_PATH = Pods_RunnerTests.framework/version.plist
               VERSIONS_FOLDER_PATH = Pods_RunnerTests.framework
               VERSIONS_FOLDER_PATH_SHALLOW_BUNDLE_NO = Pods_RunnerTests.framework/Versions
               VERSIONS_FOLDER_PATH_SHALLOW_BUNDLE_YES = Pods_RunnerTests.framework
               VERSION_INFO_BUILDER = macair
               VERSION_INFO_FILE = Pods_RunnerTests_vers.c
               VERSION_INFO_STRING = "@(#)PROGRAM:Pods_RunnerTests  PROJECT:Pods-1"
               WATCHOS_DEPLOYMENT_TARGET = 26.5
               WORKSPACE_DIR = /Users/macair/Documents/food_diary/ios/Pods/Pods.xcodeproj
               WRAPPER_EXTENSION = framework
               WRAPPER_NAME = Pods_RunnerTests.framework
               WRAPPER_SUFFIX = .framework
               WRAP_ASSET_PACKS_IN_SEPARATE_DIRECTORIES = NO
               XCODE_APP_SUPPORT_DIR = /Applications/Xcode.app/Contents/Developer/Library/Xcode
               XCODE_PRODUCT_BUILD_VERSION = 17F113
               XCODE_VERSION_ACTUAL = 2660
               XCODE_VERSION_MAJOR = 2600
               XCODE_VERSION_MINOR = 2660
               XPCSERVICES_FOLDER_PATH = Pods_RunnerTests.framework/XPCServices
               XROS_DEPLOYMENT_TARGET = 26.5
               YACC = yacc
               _DISCOVER_COMMAND_LINE_LINKER_INPUTS = YES
               _DISCOVER_COMMAND_LINE_LINKER_INPUTS_INCLUDE_WL = YES
               _LD_MULTIARCH = YES
               _WRAPPER_CONTENTS_DIR_SHALLOW_BUNDLE_NO = /Contents
               _WRAPPER_PARENT_PATH_SHALLOW_BUNDLE_NO = /..
               _WRAPPER_RESOURCES_DIR_SHALLOW_BUNDLE_NO = /Resources
               __DIAGNOSE_DEPRECATED_ARCHS = YES
               __ORIGINAL_SDK_DEFINED_LLVM_TARGET_TRIPLE_SYS = ios
               arch = undefined_arch
               variant = normal

           Build settings for action build and target Flutter:
               ACTION = build
               AD_HOC_CODE_SIGNING_ALLOWED = YES
               ALLOW_BUILD_REQUEST_OVERRIDES = NO
               ALLOW_TARGET_PLATFORM_SPECIALIZATION = NO
               ALTERNATE_GROUP = staff
               ALTERNATE_MODE = u+w,go-w,a+rX
               ALTERNATE_OWNER = macair
               ALTERNATIVE_DISTRIBUTION_WEB = NO
               ALWAYS_EMBED_SWIFT_STANDARD_LIBRARIES = NO
               ALWAYS_SEARCH_USER_PATHS = NO
               ALWAYS_USE_SEPARATE_HEADERMAPS = NO
               APPLICATION_EXTENSION_API_ONLY = NO
               APPLY_RULES_IN_COPY_FILES = NO
               APPLY_RULES_IN_COPY_HEADERS = NO
               APP_SHORTCUTS_ENABLE_FLEXIBLE_MATCHING = YES
               ARCHS = arm64 x86_64
               ARCHS_BASE = arm64 x86_64
               ARCHS_STANDARD = arm64 x86_64
               ARCHS_STANDARD_32_64_BIT = arm64 x86_64
               ARCHS_STANDARD_64_BIT = arm64 x86_64
               ARCHS_STANDARD_INCLUDING_64_BIT = arm64 x86_64
               ARCHS_UNIVERSAL_IPHONE_OS = arm64 x86_64
               ASSETCATALOG_COMPILER_APPICON_NAME = AppIcon
               ASSETCATALOG_COMPILER_GLOBAL_ACCENT_COLOR_NAME = AccentColor
               AUTOMATICALLY_MERGE_DEPENDENCIES = NO
               AUTOMATION_APPLE_EVENTS = NO
               AVAILABLE_PLATFORMS = android appletvos appletvsimulator driverkit freebsd iphoneos iphonesimulator linux macosx none openbsd qnx watchos watchsimulator webassembly xros xrsimulator
               BUILD_ACTIVE_RESOURCES_ONLY = NO
               BUILD_COMPONENTS = headers build
               BUILD_DIR = /Users/macair/Documents/food_diary/build/ios
               BUILD_LIBRARY_FOR_DISTRIBUTION = NO
               BUILD_ONLY_KNOWN_LOCALIZATIONS = NO
               BUILD_ROOT = /Users/macair/Documents/food_diary/ios/build
               BUILD_STYLE = 
               BUILD_VARIANTS = normal
               BUILT_PRODUCTS_DIR = /Users/macair/Documents/food_diary/build/ios/Release-iphonesimulator/Flutter
               BUNDLE_CONTENTS_FOLDER_PATH_deep = Contents/
               BUNDLE_EXECUTABLE_FOLDER_NAME_deep = MacOS
               BUNDLE_EXTENSIONS_FOLDER_PATH = Extensions
               BUNDLE_FORMAT = shallow
               BUNDLE_FRAMEWORKS_FOLDER_PATH = Frameworks
               BUNDLE_PLUGINS_FOLDER_PATH = PlugIns
               BUNDLE_PRIVATE_HEADERS_FOLDER_PATH = PrivateHeaders
               BUNDLE_PUBLIC_HEADERS_FOLDER_PATH = Headers
               CACHE_ROOT = /var/folders/t7/4ns5bn2972v1xz_j79mgwsyw0000gn/C/com.apple.DeveloperTools/26.6-17F113/Xcode
               CCHROOT = /var/folders/t7/4ns5bn2972v1xz_j79mgwsyw0000gn/C/com.apple.DeveloperTools/26.6-17F113/Xcode
               CHMOD = /bin/chmod
               CHOWN = chown
               CLANG_ANALYZER_LOCALIZABILITY_NONLOCALIZED = YES
               CLANG_ANALYZER_NONNULL = YES
               CLANG_ANALYZER_NUMBER_OBJECT_CONVERSION = YES_AGGRESSIVE
               CLANG_CACHE_FINE_GRAINED_OUTPUTS = YES
               CLANG_CXX_LANGUAGE_STANDARD = gnu++14
               CLANG_CXX_LIBRARY = libc++
               CLANG_ENABLE_EXPLICIT_MODULES = YES
               CLANG_ENABLE_MODULES = YES
               CLANG_ENABLE_OBJC_ARC = YES
               CLANG_ENABLE_OBJC_WEAK = NO
               CLANG_MODULES_BUILD_SESSION_FILE = /var/folders/t7/4ns5bn2972v1xz_j79mgwsyw0000gn/C/org.llvm.clang/ModuleCache.noindex/Session.modulevalidation
               CLANG_WARN_BLOCK_CAPTURE_AUTORELEASING = YES
               CLANG_WARN_BOOL_CONVERSION = YES
               CLANG_WARN_COMMA = YES
               CLANG_WARN_CONSTANT_CONVERSION = YES
               CLANG_WARN_DEPRECATED_OBJC_IMPLEMENTATIONS = YES
               CLANG_WARN_DIRECT_OBJC_ISA_USAGE = YES_ERROR
               CLANG_WARN_DOCUMENTATION_COMMENTS = YES
               CLANG_WARN_EMPTY_BODY = YES
               CLANG_WARN_ENUM_CONVERSION = YES
               CLANG_WARN_INFINITE_RECURSION = YES
               CLANG_WARN_INT_CONVERSION = YES
               CLANG_WARN_NON_LITERAL_NULL_CONVERSION = YES
               CLANG_WARN_OBJC_IMPLICIT_RETAIN_SELF = YES
               CLANG_WARN_OBJC_LITERAL_CONVERSION = YES
               CLANG_WARN_OBJC_ROOT_CLASS = YES_ERROR
               CLANG_WARN_QUOTED_INCLUDE_IN_FRAMEWORK_HEADER = NO
               CLANG_WARN_RANGE_LOOP_ANALYSIS = YES
               CLANG_WARN_STRICT_PROTOTYPES = YES
               CLANG_WARN_SUSPICIOUS_MOVE = YES
               CLANG_WARN_UNGUARDED_AVAILABILITY = YES_AGGRESSIVE
               CLANG_WARN_UNREACHABLE_CODE = YES
               CLANG_WARN__DUPLICATE_METHOD_MATCH = YES
               CLASS_FILE_DIR = /Users/macair/Documents/food_diary/build/ios/Pods.build/Release-iphonesimulator/Flutter.build/JavaClasses
               CLEAN_PRECOMPS = YES
               CLONE_HEADERS = NO
               CODESIGNING_FOLDER_PATH = /Users/macair/Documents/food_diary/build/ios/Release-iphonesimulator/Flutter/
               CODE_SIGNING_ALLOWED = NO
               CODE_SIGNING_REQUIRED = YES
               CODE_SIGN_CONTEXT_CLASS = XCiPhoneSimulatorCodeSignContext
               CODE_SIGN_IDENTITY = -
               CODE_SIGN_INJECT_BASE_ENTITLEMENTS = YES
               COLOR_DIAGNOSTICS = NO
               COMBINE_HIDPI_IMAGES = NO
               COMPILATION_CACHE_CAS_PATH = /var/folders/t7/4ns5bn2972v1xz_j79mgwsyw0000gn/C/com.apple.DeveloperTools/26.6-17F113/Xcode/CompilationCache.noindex
               COMPILATION_CACHE_KEEP_CAS_DIRECTORY = YES
               COMPILER_INDEX_STORE_ENABLE = Default
               COMPOSITE_SDK_DIRS = /Users/macair/Documents/food_diary/build/ios/CompositeSDKs
               COMPRESS_PNG_FILES = YES
               CONFIGURATION = Release
               CONFIGURATION_BUILD_DIR = /Users/macair/Documents/food_diary/build/ios/Release-iphonesimulator/Flutter
               CONFIGURATION_TEMP_DIR = /Users/macair/Documents/food_diary/build/ios/Pods.build/Release-iphonesimulator
               COPYING_PRESERVES_HFS_DATA = NO
               COPY_HEADERS_RUN_UNIFDEF = NO
               COPY_PHASE_STRIP = NO
               CORRESPONDING_DEVICE_PLATFORM_DIR = /Applications/Xcode.app/Contents/Developer/Platforms/iPhoneOS.platform
               CORRESPONDING_DEVICE_PLATFORM_NAME = iphoneos
               CORRESPONDING_DEVICE_SDK_DIR = /Applications/Xcode.app/Contents/Developer/Platforms/iPhoneOS.platform/Developer/SDKs/iPhoneOS26.5.sdk
               CORRESPONDING_DEVICE_SDK_NAME = iphoneos26.5
               CP = /bin/cp
               CREATE_INFOPLIST_SECTION_IN_BINARY = NO
               CURRENT_ARCH = undefined_arch
               CURRENT_VARIANT = normal
               DEAD_CODE_STRIPPING = YES
               DEBUGGING_SYMBOLS = YES
               DEBUG_INFORMATION_FORMAT = dwarf-with-dsym
               DEBUG_INFORMATION_VERSION = compiler-default
               DEFAULT_COMPILER = com.apple.compilers.llvm.clang.1_0
               DEFAULT_DEXT_INSTALL_PATH = /System/Library/DriverExtensions
               DEFAULT_KEXT_INSTALL_PATH = /System/Library/Extensions
               DEFINES_MODULE = NO
               DEPLOYMENT_LOCATION = NO
               DEPLOYMENT_POSTPROCESSING = NO
               DEPLOYMENT_TARGET_SETTING_NAME = IPHONEOS_DEPLOYMENT_TARGET
               DEPLOYMENT_TARGET_SUGGESTED_VALUES = 12.0 12.1 12.2 12.3 12.4 13.0 13.1 13.2 13.3 13.4 13.5 13.6 14.0 14.1 14.2 14.3 14.4 14.5 14.6 14.7 15.0 15.1 15.2 15.3 15.4 15.5 15.6 16.0 16.1 16.2 16.3 16.4 16.5 16.6 17.0 17.1 17.2 17.3 17.4 17.5 17.6 18.0 18.1 18.2 18.3 18.4 18.5 18.6 26.0 26.2 26.3 26.4 26.5
               DERIVED_FILES_DIR = /Users/macair/Documents/food_diary/build/ios/Pods.build/Release-iphonesimulator/Flutter.build/DerivedSources
               DERIVED_FILE_DIR = /Users/macair/Documents/food_diary/build/ios/Pods.build/Release-iphonesimulator/Flutter.build/DerivedSources
               DERIVED_SOURCES_DIR = /Users/macair/Documents/food_diary/build/ios/Pods.build/Release-iphonesimulator/Flutter.build/DerivedSources
               DEVELOPER_APPLICATIONS_DIR = /Applications/Xcode.app/Contents/Developer/Applications
               DEVELOPER_BIN_DIR = /Applications/Xcode.app/Contents/Developer/usr/bin
               DEVELOPER_DIR = /Applications/Xcode.app/Contents/Developer
               DEVELOPER_FRAMEWORKS_DIR = /Applications/Xcode.app/Contents/Developer/Library/Frameworks
               DEVELOPER_FRAMEWORKS_DIR_QUOTED = /Applications/Xcode.app/Contents/Developer/Library/Frameworks
               DEVELOPER_LIBRARY_DIR = /Applications/Xcode.app/Contents/Developer/Library
               DEVELOPER_SDK_DIR = /Applications/Xcode.app/Contents/Developer/Platforms/MacOSX.platform/Developer/SDKs
               DEVELOPER_TOOLS_DIR = /Applications/Xcode.app/Contents/Developer/Tools
               DEVELOPER_USR_DIR = /Applications/Xcode.app/Contents/Developer/usr
               DEVELOPMENT_LANGUAGE = en
               DIAGNOSE_MISSING_TARGET_DEPENDENCIES = YES
               DIFF = /usr/bin/diff
               DONT_GENERATE_INFOPLIST_FILE = NO
               DRIVERKIT_DEPLOYMENT_TARGET = 25.5
               DSTROOT = /tmp/Pods.dst
               DT_TOOLCHAIN_DIR = /Applications/Xcode.app/Contents/Developer/Toolchains/XcodeDefault.xctoolchain
               DUMP_DEPENDENCIES = NO
               DUMP_DEPENDENCIES_OUTPUT_PATH = /Users/macair/Documents/food_diary/build/ios/Pods.build/Release-iphonesimulator/Flutter.build/Flutter-BuildDependencyInfo.json
               DWARF_DSYM_FILE_NAME = .dSYM
               DWARF_DSYM_FILE_SHOULD_ACCOMPANY_PRODUCT = NO
               DWARF_DSYM_FOLDER_PATH = /Users/macair/Documents/food_diary/build/ios/Release-iphonesimulator/Flutter
               DYNAMIC_LIBRARY_EXTENSION = dylib
               EAGER_COMPILATION_ALLOW_SCRIPTS = NO
               EAGER_LINKING = NO
               EFFECTIVE_PLATFORM_NAME = -iphonesimulator
               EFFECTIVE_SWIFT_VERSION = 5
               EMBEDDED_CONTENT_CONTAINS_SWIFT = NO
               EMBED_ASSET_PACKS_IN_PRODUCT_BUNDLE = NO
               ENABLE_APP_SANDBOX = NO
               ENABLE_CODE_COVERAGE = YES
               ENABLE_COHORT_ARCHS = NO
               ENABLE_CPLUSPLUS_BOUNDS_SAFE_BUFFERS = NO
               ENABLE_C_BOUNDS_SAFETY = NO
               ENABLE_DEFAULT_HEADER_SEARCH_PATHS = YES
               ENABLE_DEFAULT_SEARCH_PATHS = YES
               ENABLE_ENHANCED_SECURITY = NO
               ENABLE_HARDENED_RUNTIME = NO
               ENABLE_HEADER_DEPENDENCIES = YES
               ENABLE_INCOMING_NETWORK_CONNECTIONS = NO
               ENABLE_NS_ASSERTIONS = NO
               ENABLE_ON_DEMAND_RESOURCES = NO
               ENABLE_OUTGOING_NETWORK_CONNECTIONS = NO
               ENABLE_POINTER_AUTHENTICATION = NO
               ENABLE_RESOURCE_ACCESS_AUDIO_INPUT = NO
               ENABLE_RESOURCE_ACCESS_BLUETOOTH = NO
               ENABLE_RESOURCE_ACCESS_CALENDARS = NO
               ENABLE_RESOURCE_ACCESS_CAMERA = NO
               ENABLE_RESOURCE_ACCESS_CONTACTS = NO
               ENABLE_RESOURCE_ACCESS_LOCATION = NO
               ENABLE_RESOURCE_ACCESS_PHOTO_LIBRARY = NO
               ENABLE_RESOURCE_ACCESS_PRINTING = NO
               ENABLE_RESOURCE_ACCESS_USB = NO
               ENABLE_SDK_IMPORTS = NO
               ENABLE_SECURITY_COMPILER_WARNINGS = NO
               ENABLE_STRICT_OBJC_MSGSEND = YES
               ENABLE_TESTABILITY = NO
               ENABLE_TESTING_SEARCH_PATHS = NO
               ENABLE_USER_SCRIPT_SANDBOXING = NO
               ENFORCE_VALID_ARCHS = YES
               ENTITLEMENTS_DESTINATION = __entitlements
               ENTITLEMENTS_REQUIRED = YES
               EXCLUDED_INSTALLSRC_SUBDIRECTORY_PATTERNS = .DS_Store .svn .git .hg CVS
               EXCLUDED_RECURSIVE_SEARCH_PATH_SUBDIRECTORIES = *.nib *.lproj *.framework *.gch *.xcode* *.xcassets *.icon (*) .DS_Store CVS .svn .git .hg *.pbproj *.pbxproj
               FILE_LIST = /Users/macair/Documents/food_diary/build/ios/Pods.build/Release-iphonesimulator/Flutter.build/Objects/LinkFileList
               FIXED_FILES_DIR = /Users/macair/Documents/food_diary/build/ios/Pods.build/Release-iphonesimulator/Flutter.build/FixedFiles
               FRAMEWORK_VERSION = A
               FUSE_BUILD_PHASES = YES
               FUSE_BUILD_SCRIPT_PHASES = NO
               GCC3_VERSION = 3.3
               GCC_C_LANGUAGE_STANDARD = gnu11
               GCC_NO_COMMON_BLOCKS = YES
               GCC_OBJC_LEGACY_DISPATCH = YES
               GCC_PFE_FILE_C_DIALECTS = c objective-c c++ objective-c++
               GCC_PREPROCESSOR_DEFINITIONS = POD_CONFIGURATION_RELEASE=1  COCOAPODS=1
               GCC_TREAT_WARNINGS_AS_ERRORS = NO
               GCC_VERSION = com.apple.compilers.llvm.clang.1_0
               GCC_VERSION_IDENTIFIER = com_apple_compilers_llvm_clang_1_0
               GCC_WARN_64_TO_32_BIT_CONVERSION = YES
               GCC_WARN_ABOUT_RETURN_TYPE = YES_ERROR
               GCC_WARN_UNDECLARED_SELECTOR = YES
               GCC_WARN_UNINITIALIZED_AUTOS = YES_AGGRESSIVE
               GCC_WARN_UNUSED_FUNCTION = YES
               GCC_WARN_UNUSED_VARIABLE = YES
               GENERATED_MODULEMAP_DIR = /Users/macair/Documents/food_diary/build/ios/GeneratedModuleMaps-iphonesimulator
               GENERATE_INFOPLIST_FILE = NO
               GENERATE_INTERMEDIATE_TEXT_BASED_STUBS = YES
               GENERATE_PKGINFO_FILE = NO
               GENERATE_PRELINK_OBJECT_FILE = NO
               GENERATE_PROFILING_CODE = NO
               GENERATE_TEXT_BASED_STUBS = NO
               GID = 20
               GROUP = staff
               HEADERMAP_INCLUDES_FLAT_ENTRIES_FOR_TARGET_BEING_BUILT = YES
               HEADERMAP_INCLUDES_FRAMEWORK_ENTRIES_FOR_ALL_PRODUCT_TYPES = YES
               HEADERMAP_INCLUDES_FRAMEWORK_ENTRIES_FOR_TARGETS_NOT_BEING_BUILT = YES
               HEADERMAP_INCLUDES_NONPUBLIC_NONPRIVATE_HEADERS = YES
               HEADERMAP_INCLUDES_PROJECT_HEADERS = YES
               HEADERMAP_USES_FRAMEWORK_PREFIX_ENTRIES = YES
               HEADERMAP_USES_VFS = NO
               HOME = /Users/macair
               HOST_ARCH = arm64
               HOST_PLATFORM = macosx
               ICONV = /usr/bin/iconv
               IMPLICIT_DEPENDENCY_DOMAIN = default
               INDEX_STORE_COMPRESS = NO
               INDEX_STORE_ONLY_PROJECT_FILES = NO
               INFOPLIST_ENABLE_CFBUNDLEICONS_MERGE = YES
               INFOPLIST_EXPAND_BUILD_SETTINGS = YES
               INFOPLIST_OUTPUT_FORMAT = binary
               INFOPLIST_PREPROCESS = NO
               INLINE_PRIVATE_FRAMEWORKS = NO
               INSTALLAPI_IGNORE_SKIP_INSTALL = YES
               INSTALLHDRS_COPY_PHASE = NO
               INSTALLHDRS_SCRIPT_PHASE = NO
               INSTALL_DIR = /tmp/Pods.dst
               INSTALL_GROUP = staff
               INSTALL_MODE_FLAG = u+w,go-w,a+rX
               INSTALL_OWNER = macair
               INSTALL_ROOT = /tmp/Pods.dst
               IPHONEOS_DEPLOYMENT_TARGET = 13.0
               IS_UNOPTIMIZED_BUILD = NO
               JAVAC_DEFAULT_FLAGS = -J-Xms64m -J-XX:NewSize=4M -J-Dfile.encoding=UTF8
               JAVA_APP_STUB = /System/Library/Frameworks/JavaVM.framework/Resources/MacOS/JavaApplicationStub
               JAVA_ARCHIVE_CLASSES = YES
               JAVA_ARCHIVE_TYPE = JAR
               JAVA_COMPILER = /usr/bin/javac
               JAVA_FRAMEWORK_RESOURCES_DIRS = Resources
               JAVA_JAR_FLAGS = cv
               JAVA_SOURCE_SUBDIR = .
               JAVA_USE_DEPENDENCIES = YES
               JAVA_ZIP_FLAGS = -urg
               JIKES_DEFAULT_FLAGS = +E +OLDCSO
               KEEP_PRIVATE_EXTERNS = NO
               LD_DEPENDENCY_INFO_FILE = /Users/macair/Documents/food_diary/build/ios/Pods.build/Release-iphonesimulator/Flutter.build/Objects-normal/undefined_arch/Flutter_dependency_info.dat
               LD_EXPORT_SYMBOLS = YES
               LD_GENERATE_MAP_FILE = NO
               LD_MAP_FILE_PATH = /Users/macair/Documents/food_diary/build/ios/Pods.build/Release-iphonesimulator/Flutter.build/Flutter-LinkMap-normal-undefined_arch.txt
               LD_NO_PIE = NO
               LD_QUOTE_LINKER_ARGUMENTS_FOR_COMPILER_DRIVER = YES
               LD_RUNPATH_SEARCH_PATHS =  @executable_path/Frameworks
               LD_SHARED_CACHE_ELIGIBLE = Automatic
               LD_WARN_DUPLICATE_LIBRARIES = NO
               LD_WARN_UNUSED_DYLIBS = NO
               LEGACY_DEVELOPER_DIR = /Applications/Xcode.app/Contents/PlugIns/Xcode3Core.ideplugin/Contents/SharedSupport/Developer
               LEX = lex
               LIBRARY_DEXT_INSTALL_PATH = /Library/DriverExtensions
               LIBRARY_FLAG_NOSPACE = YES
               LIBRARY_KEXT_INSTALL_PATH = /Library/Extensions
               LINKER_DISPLAYS_MANGLED_NAMES = NO
               LINK_FILE_LIST_normal_arm64 = /Users/macair/Documents/food_diary/build/ios/Pods.build/Release-iphonesimulator/Flutter.build/Objects-normal/arm64/Flutter.LinkFileList
               LINK_FILE_LIST_normal_x86_64 = /Users/macair/Documents/food_diary/build/ios/Pods.build/Release-iphonesimulator/Flutter.build/Objects-normal/x86_64/Flutter.LinkFileList
               LINK_OBJC_RUNTIME = YES
               LINK_WITH_STANDARD_LIBRARIES = YES
               LLVM_TARGET_TRIPLE_OS_VERSION = ios13.0
               LLVM_TARGET_TRIPLE_SUFFIX = -simulator
               LLVM_TARGET_TRIPLE_VENDOR = apple
               LM_AUX_CONST_METADATA_LIST_PATH_normal_arm64 = /Users/macair/Documents/food_diary/build/ios/Pods.build/Release-iphonesimulator/Flutter.build/Objects-normal/arm64/Flutter.SwiftConstValuesFileList
               LM_AUX_CONST_METADATA_LIST_PATH_normal_x86_64 = /Users/macair/Documents/food_diary/build/ios/Pods.build/Release-iphonesimulator/Flutter.build/Objects-normal/x86_64/Flutter.SwiftConstValuesFileList
               LOCALIZATION_EXPORT_SUPPORTED = YES
               LOCALIZATION_PREFERS_STRING_CATALOGS = NO
               LOCALIZED_STRING_CODE_COMMENTS = NO
               LOCALIZED_STRING_MACRO_NAMES = NSLocalizedString CFCopyLocalizedString
               LOCALIZED_STRING_SWIFTUI_SUPPORT = YES
               LOCAL_ADMIN_APPS_DIR = /Applications/Utilities
               LOCAL_APPS_DIR = /Applications
               LOCAL_DEVELOPER_DIR = /Library/Developer
               LOCAL_LIBRARY_DIR = /Library
               LOCROOT = /Users/macair/Documents/food_diary/ios/Pods
               LOCSYMROOT = /Users/macair/Documents/food_diary/ios/Pods
               MACOSX_DEPLOYMENT_TARGET = 26.5
               MAC_OS_X_PRODUCT_BUILD_VERSION = 25G5028f
               MAC_OS_X_VERSION_ACTUAL = 260600
               MAC_OS_X_VERSION_MAJOR = 260000
               MAC_OS_X_VERSION_MINOR = 260600
               MAKE_MERGEABLE = NO
               MERGEABLE_LIBRARY = NO
               MERGED_BINARY_TYPE = none
               MERGE_LINKED_LIBRARIES = NO
               METAL_LIBRARY_FILE_BASE = default
               METAL_LIBRARY_OUTPUT_DIR = /Users/macair/Documents/food_diary/build/ios/Release-iphonesimulator/Flutter/
               MTL_ENABLE_DEBUG_INFO = NO
               MTL_FAST_MATH = YES
               NATIVE_ARCH = arm64
               NATIVE_ARCH_32_BIT = arm
               NATIVE_ARCH_64_BIT = arm64
               NATIVE_ARCH_ACTUAL = arm64
               NO_COMMON = YES
               OBJC_ABI_VERSION = 2
               OBJECT_FILE_DIR = /Users/macair/Documents/food_diary/build/ios/Pods.build/Release-iphonesimulator/Flutter.build/Objects
               OBJECT_FILE_DIR_normal = /Users/macair/Documents/food_diary/build/ios/Pods.build/Release-iphonesimulator/Flutter.build/Objects-normal
               OBJROOT = /Users/macair/Documents/food_diary/build/ios
               ONLY_ACTIVE_ARCH = NO
               OS = MACOS
               OSAC = /usr/bin/osacompile
               PASCAL_STRINGS = YES
               PATH = /Applications/Xcode.app/Contents/SharedFrameworks/SwiftBuild.framework/Versions/A/PlugIns/SWBBuildService.bundle/Contents/PlugIns/SWBUniversalPlatformPlugin.bundle/Contents/Frameworks/SWBUniversalPlatform.framework/Resources:/Applications/Xcode.app/Contents/Developer/Toolchains/XcodeDefault.xctoolchain/usr/bin:/Applications/Xcode.app/Contents/Developer/Toolchains/XcodeDefault.xctoolchain/usr/local/bin:/Applications/Xcode.app/Contents/Developer/Toolchains/XcodeDefault.xctoolchain/usr/libexec:/Applications/Xcode.app/Contents/Developer/Platforms/iPhoneSimulator.platform/usr/bin:/Applications/Xcode.app/Contents/Developer/Platforms/iPhoneSimulator.platform/usr/local/bin:/Applications/Xcode.app/Contents/Developer/Platforms/iPhoneSimulator.platform/Developer/usr/bin:/Applications/Xcode.app/Contents/Developer/Platforms/iPhoneSimulator.platform/Developer/usr/local/bin:/Applications/Xcode.app/Contents/Developer/usr/bin:/Applications/Xcode.app/Contents/Developer/usr/local/bin:/Users/macair/development/flutter/bin/:/Users/macair/Library/Application Support/Code/User/globalStorage/github.copilot-chat/debugCommand:/Users/macair/Library/Application Support/Code/User/globalStorage/github.copilot-chat/copilotCli:/opt/homebrew/bin:/opt/homebrew/sbin:/usr/local/bin:/System/Cryptexes/App/usr/bin:/usr/bin:/bin:/usr/sbin:/sbin:/var/run/com.apple.security.cryptexd/codex.system/bootstrap/usr/local/bin:/var/run/com.apple.security.cryptexd/codex.system/bootstrap/usr/bin:/var/run/com.apple.security.cryptexd/codex.system/bootstrap/usr/appleinternal/bin:/pkg/env/global/bin:/Library/Apple/usr/bin:/Users/macair/Desktop/coffee trail/flutter/bin:/Users/macair/development/flutter/bin
               PATH_PREFIXES_EXCLUDED_FROM_HEADER_DEPENDENCIES = /usr/include /usr/local/include /System/Library/Frameworks /System/Library/PrivateFrameworks /Applications/Xcode.app/Contents/Developer/Headers /Applications/Xcode.app/Contents/Developer/SDKs /Applications/Xcode.app/Contents/Developer/Platforms
               PER_ARCH_MODULE_FILE_DIR = /Users/macair/Documents/food_diary/build/ios/Pods.build/Release-iphonesimulator/Flutter.build/Objects-normal/undefined_arch
               PER_ARCH_OBJECT_FILE_DIR = /Users/macair/Documents/food_diary/build/ios/Pods.build/Release-iphonesimulator/Flutter.build/Objects-normal/undefined_arch
               PER_VARIANT_OBJECT_FILE_DIR = /Users/macair/Documents/food_diary/build/ios/Pods.build/Release-iphonesimulator/Flutter.build/Objects-normal
               PKGINFO_FILE_PATH = /Users/macair/Documents/food_diary/build/ios/Pods.build/Release-iphonesimulator/Flutter.build/PkgInfo
               PLATFORM_DEVELOPER_APPLICATIONS_DIR = /Applications/Xcode.app/Contents/Developer/Platforms/iPhoneSimulator.platform/Developer/Applications
               PLATFORM_DEVELOPER_BIN_DIR = /Applications/Xcode.app/Contents/Developer/Platforms/iPhoneSimulator.platform/Developer/usr/bin
               PLATFORM_DEVELOPER_LIBRARY_DIR = /Applications/Xcode.app/Contents/Developer/Platforms/iPhoneSimulator.platform/Developer/Library
               PLATFORM_DEVELOPER_SDK_DIR = /Applications/Xcode.app/Contents/Developer/Platforms/iPhoneSimulator.platform/Developer/SDKs
               PLATFORM_DEVELOPER_TOOLS_DIR = /Applications/Xcode.app/Contents/Developer/Platforms/iPhoneSimulator.platform/Developer/Tools
               PLATFORM_DEVELOPER_USR_DIR = /Applications/Xcode.app/Contents/Developer/Platforms/iPhoneSimulator.platform/Developer/usr
               PLATFORM_DIR = /Applications/Xcode.app/Contents/Developer/Platforms/iPhoneSimulator.platform
               PLATFORM_DISPLAY_NAME = iOS Simulator
               PLATFORM_FAMILY_NAME = iOS
               PLATFORM_NAME = iphonesimulator
               PLATFORM_PREFERRED_ARCH = x86_64
               PLATFORM_PRODUCT_BUILD_VERSION = 23F81a
               PLATFORM_REQUIRES_SWIFT_AUTOLINK_EXTRACT = NO
               PLATFORM_REQUIRES_SWIFT_MODULEWRAP = NO
               PLATFORM_USES_DSYMS = YES
               PLIST_FILE_OUTPUT_FORMAT = binary
               PODS_BUILD_DIR = /Users/macair/Documents/food_diary/build/ios
               PODS_CONFIGURATION_BUILD_DIR = /Users/macair/Documents/food_diary/build/ios/Release-iphonesimulator
               PODS_DEVELOPMENT_LANGUAGE = en
               PODS_ROOT = /Users/macair/Documents/food_diary/ios/Pods
               PODS_TARGET_SRCROOT = /Users/macair/Documents/food_diary/ios/Pods/../Flutter
               PODS_XCFRAMEWORKS_BUILD_DIR = /Users/macair/Documents/food_diary/build/ios/Release-iphonesimulator/XCFrameworkIntermediates
               PRECOMPS_INCLUDE_HEADERS_FROM_BUILT_PRODUCTS_DIR = YES
               PRECOMP_DESTINATION_DIR = /Users/macair/Documents/food_diary/build/ios/Pods.build/Release-iphonesimulator/Flutter.build/PrefixHeaders
               PROCESSED_INFOPLIST_PATH = /Users/macair/Documents/food_diary/build/ios/Pods.build/Release-iphonesimulator/Flutter.build/Objects-normal/undefined_arch/Processed-Info.plist
               PRODUCT_BUNDLE_IDENTIFIER = org.cocoapods.Flutter
               PRODUCT_MODULE_NAME = Flutter
               PRODUCT_NAME = Flutter
               PRODUCT_SETTINGS_PATH = 
               PROFILING_CODE = NO
               PROJECT = Pods
               PROJECT_DERIVED_FILE_DIR = /Users/macair/Documents/food_diary/build/ios/Pods.build/DerivedSources
               PROJECT_DIR = /Users/macair/Documents/food_diary/ios/Pods
               PROJECT_FILE_PATH = /Users/macair/Documents/food_diary/ios/Pods/Pods.xcodeproj
               PROJECT_GUID = bfdfe7dc352907fc980b868725387e98
               PROJECT_NAME = Pods
               PROJECT_TEMP_DIR = /Users/macair/Documents/food_diary/build/ios/Pods.build
               PROJECT_TEMP_ROOT = /Users/macair/Documents/food_diary/build/ios
               RECOMMENDED_IPHONEOS_DEPLOYMENT_TARGET = 15.0
               RECURSIVE_SEARCH_PATHS_FOLLOW_SYMLINKS = YES
               REMOVE_CVS_FROM_RESOURCES = YES
               REMOVE_GIT_FROM_RESOURCES = YES
               REMOVE_HEADERS_FROM_EMBEDDED_BUNDLES = YES
               REMOVE_HG_FROM_RESOURCES = YES
               REMOVE_STATIC_EXECUTABLES_FROM_EMBEDDED_BUNDLES = YES
               REMOVE_SVN_FROM_RESOURCES = YES
               RESCHEDULE_INDEPENDENT_HEADERS_PHASES = YES
               REZ_COLLECTOR_DIR = /Users/macair/Documents/food_diary/build/ios/Pods.build/Release-iphonesimulator/Flutter.build/ResourceManagerResources
               REZ_OBJECTS_DIR = /Users/macair/Documents/food_diary/build/ios/Pods.build/Release-iphonesimulator/Flutter.build/ResourceManagerResources/Objects
               RPATH_ORIGIN = @loader_path
               RUNTIME_EXCEPTION_ALLOW_DYLD_ENVIRONMENT_VARIABLES = NO
               RUNTIME_EXCEPTION_ALLOW_JIT = NO
               RUNTIME_EXCEPTION_ALLOW_UNSIGNED_EXECUTABLE_MEMORY = NO
               RUNTIME_EXCEPTION_DEBUGGING_TOOL = NO
               RUNTIME_EXCEPTION_DISABLE_EXECUTABLE_PAGE_PROTECTION = NO
               RUNTIME_EXCEPTION_DISABLE_LIBRARY_VALIDATION = NO
               SCANNING_PCM_KEEP_CACHE_DIRECTORY = YES
               SCAN_ALL_SOURCE_FILES_FOR_INCLUDES = NO
               SDKROOT = /Applications/Xcode.app/Contents/Developer/Platforms/iPhoneSimulator.platform/Developer/SDKs/iPhoneSimulator26.5.sdk
               SDK_DIR = /Applications/Xcode.app/Contents/Developer/Platforms/iPhoneSimulator.platform/Developer/SDKs/iPhoneSimulator26.5.sdk
               SDK_DIR_iphonesimulator = /Applications/Xcode.app/Contents/Developer/Platforms/iPhoneSimulator.platform/Developer/SDKs/iPhoneSimulator26.5.sdk
               SDK_DIR_iphonesimulator26_5 = /Applications/Xcode.app/Contents/Developer/Platforms/iPhoneSimulator.platform/Developer/SDKs/iPhoneSimulator26.5.sdk
               SDK_NAME = iphonesimulator26.5
               SDK_NAMES = iphonesimulator26.5
               SDK_PRODUCT_BUILD_VERSION = 23F81a
               SDK_STAT_CACHE_DIR = /var/folders/t7/4ns5bn2972v1xz_j79mgwsyw0000gn/C/com.apple.DeveloperTools/26.6-17F113/Xcode
               SDK_STAT_CACHE_ENABLE = YES
               SDK_STAT_CACHE_PATH = /var/folders/t7/4ns5bn2972v1xz_j79mgwsyw0000gn/C/com.apple.DeveloperTools/26.6-17F113/Xcode/SDKStatCaches.noindex/iphonesimulator26.5-23F81a-6cfe768891a92b912361537c460fe42b.sdkstatcache
               SDK_VERSION = 26.5
               SDK_VERSION_ACTUAL = 260500
               SDK_VERSION_MAJOR = 260000
               SDK_VERSION_MINOR = 260500
               SED = /usr/bin/sed
               SEPARATE_STRIP = NO
               SEPARATE_SYMBOL_EDIT = NO
               SET_DIR_MODE_OWNER_GROUP = YES
               SET_FILE_MODE_OWNER_GROUP = NO
               SHALLOW_BUNDLE = NO
               SHARED_DERIVED_FILE_DIR = /Users/macair/Documents/food_diary/build/ios/Release-iphonesimulator/Flutter/DerivedSources
               SHARED_PRECOMPS_DIR = /Users/macair/Documents/food_diary/build/ios/SharedPrecompiledHeaders
               SKIP_INSTALL = YES
               SKIP_MERGEABLE_LIBRARY_BUNDLE_HOOK = NO
               SOURCE_ROOT = /Users/macair/Documents/food_diary/ios/Pods
               SRCROOT = /Users/macair/Documents/food_diary/ios/Pods
               STRINGSDATA_DIR = /Users/macair/Documents/food_diary/build/ios/Pods.build/Release-iphonesimulator/Flutter.build/Objects-normal/undefined_arch
               STRINGSDATA_ROOT = /Users/macair/Documents/food_diary/build/ios/Pods.build/Release-iphonesimulator/Flutter.build
               STRINGS_FILE_INFOPLIST_RENAME = YES
               STRINGS_FILE_OUTPUT_ENCODING = binary
               STRING_CATALOG_GENERATE_SYMBOLS = NO
               STRIP_BITCODE_FROM_COPIED_FILES = NO
               STRIP_INSTALLED_PRODUCT = NO
               STRIP_STYLE = all
               STRIP_SWIFT_SYMBOLS = YES
               SUPPORTED_DEVICE_FAMILIES = 1,2
               SUPPORTED_PLATFORMS = iphoneos iphonesimulator
               SUPPORTS_TEXT_BASED_API = NO
               SUPPRESS_WARNINGS = NO
               SWIFT_COMPILATION_MODE = wholemodule
               SWIFT_EMIT_CONST_VALUE_PROTOCOLS = AnyResolverProviding AppEntity AppEnum AppExtension AppIntent AppIntentsPackage AppShortcutProviding AppShortcutsProvider AppUnionValue AppUnionValueCasesProviding DynamicOptionsProvider EntityQuery ExtensionPointDefining IntentValueQuery Resolver TransientEntity _AssistantIntentsProvider _GenerativeFunctionExtractable _IntentValueRepresentable
               SWIFT_EMIT_LOC_STRINGS = NO
               SWIFT_ENABLE_EXPLICIT_MODULES = YES
               SWIFT_OPTIMIZATION_LEVEL = -O
               SWIFT_PLATFORM_TARGET_PREFIX = ios
               SWIFT_RESPONSE_FILE_PATH_normal_arm64 = /Users/macair/Documents/food_diary/build/ios/Pods.build/Release-iphonesimulator/Flutter.build/Objects-normal/arm64/Flutter.SwiftFileList
               SWIFT_RESPONSE_FILE_PATH_normal_x86_64 = /Users/macair/Documents/food_diary/build/ios/Pods.build/Release-iphonesimulator/Flutter.build/Objects-normal/x86_64/Flutter.SwiftFileList
               SWIFT_VERSION = 5.0
               SYMROOT = /Users/macair/Documents/food_diary/ios/build
               SYSTEM_ADMIN_APPS_DIR = /Applications/Utilities
               SYSTEM_APPS_DIR = /Applications
               SYSTEM_CORE_SERVICES_DIR = /System/Library/CoreServices
               SYSTEM_DEMOS_DIR = /Applications/Extras
               SYSTEM_DEVELOPER_APPS_DIR = /Applications/Xcode.app/Contents/Developer/Applications
               SYSTEM_DEVELOPER_BIN_DIR = /Applications/Xcode.app/Contents/Developer/usr/bin
               SYSTEM_DEVELOPER_DEMOS_DIR = /Applications/Xcode.app/Contents/Developer/Applications/Utilities/Built Examples
               SYSTEM_DEVELOPER_DIR = /Applications/Xcode.app/Contents/Developer
               SYSTEM_DEVELOPER_DOC_DIR = /Applications/Xcode.app/Contents/Developer/ADC Reference Library
               SYSTEM_DEVELOPER_GRAPHICS_TOOLS_DIR = /Applications/Xcode.app/Contents/Developer/Applications/Graphics Tools
               SYSTEM_DEVELOPER_JAVA_TOOLS_DIR = /Applications/Xcode.app/Contents/Developer/Applications/Java Tools
               SYSTEM_DEVELOPER_PERFORMANCE_TOOLS_DIR = /Applications/Xcode.app/Contents/Developer/Applications/Performance Tools
               SYSTEM_DEVELOPER_RELEASENOTES_DIR = /Applications/Xcode.app/Contents/Developer/ADC Reference Library/releasenotes
               SYSTEM_DEVELOPER_TOOLS = /Applications/Xcode.app/Contents/Developer/Tools
               SYSTEM_DEVELOPER_TOOLS_DOC_DIR = /Applications/Xcode.app/Contents/Developer/ADC Reference Library/documentation/DeveloperTools
               SYSTEM_DEVELOPER_TOOLS_RELEASENOTES_DIR = /Applications/Xcode.app/Contents/Developer/ADC Reference Library/releasenotes/DeveloperTools
               SYSTEM_DEVELOPER_USR_DIR = /Applications/Xcode.app/Contents/Developer/usr
               SYSTEM_DEVELOPER_UTILITIES_DIR = /Applications/Xcode.app/Contents/Developer/Applications/Utilities
               SYSTEM_DEXT_INSTALL_PATH = /System/Library/DriverExtensions
               SYSTEM_DOCUMENTATION_DIR = /Library/Documentation
               SYSTEM_KEXT_INSTALL_PATH = /System/Library/Extensions
               SYSTEM_LIBRARY_DIR = /System/Library
               TAPI_DEMANGLE = YES
               TAPI_ENABLE_PROJECT_HEADERS = NO
               TAPI_LANGUAGE = objective-c
               TAPI_LANGUAGE_STANDARD = compiler-default
               TAPI_USE_SRCROOT = YES
               TAPI_VERIFY_MODE = Pedantic
               TARGETED_DEVICE_FAMILY = 1,2
               TARGETNAME = Flutter
               TARGET_BUILD_DIR = /Users/macair/Documents/food_diary/build/ios/Release-iphonesimulator/Flutter
               TARGET_NAME = Flutter
               TARGET_TEMP_DIR = /Users/macair/Documents/food_diary/build/ios/Pods.build/Release-iphonesimulator/Flutter.build
               TEMP_DIR = /Users/macair/Documents/food_diary/build/ios/Pods.build/Release-iphonesimulator/Flutter.build
               TEMP_FILES_DIR = /Users/macair/Documents/food_diary/build/ios/Pods.build/Release-iphonesimulator/Flutter.build
               TEMP_FILE_DIR = /Users/macair/Documents/food_diary/build/ios/Pods.build/Release-iphonesimulator/Flutter.build
               TEMP_ROOT = /Users/macair/Documents/food_diary/build/ios
               TEMP_SANDBOX_DIR = /Users/macair/Documents/food_diary/build/ios/TemporaryTaskSandboxes
               TEST_FRAMEWORK_SEARCH_PATHS =  /Applications/Xcode.app/Contents/Developer/Platforms/iPhoneSimulator.platform/Developer/Library/Frameworks /Applications/Xcode.app/Contents/Developer/Platforms/iPhoneSimulator.platform/Developer/SDKs/iPhoneSimulator26.5.sdk/Developer/Library/Frameworks
               TEST_LIBRARY_SEARCH_PATHS =  /Applications/Xcode.app/Contents/Developer/Platforms/iPhoneSimulator.platform/Developer/usr/lib
               TOOLCHAINS = com.apple.dt.toolchain.XcodeDefault
               TOOLCHAIN_DIR = /Applications/Xcode.app/Contents/Developer/Toolchains/XcodeDefault.xctoolchain
               TREAT_MISSING_BASELINES_AS_TEST_FAILURES = NO
               TREAT_MISSING_SCRIPT_PHASE_OUTPUTS_AS_ERRORS = NO
               TVOS_DEPLOYMENT_TARGET = 26.5
               UID = 501
               UNINSTALLED_PRODUCTS_DIR = /Users/macair/Documents/food_diary/build/ios/UninstalledProducts
               UNSTRIPPED_PRODUCT = NO
               USER = macair
               USER_APPS_DIR = /Users/macair/Applications
               USER_LIBRARY_DIR = /Users/macair/Library
               USE_DYNAMIC_NO_PIC = YES
               USE_HEADERMAP = YES
               USE_HEADER_SYMLINKS = NO
               USE_RECURSIVE_SCRIPT_INPUTS_IN_SCRIPT_PHASES = YES
               VALIDATE_DEVELOPMENT_ASSET_PATHS = YES_ERROR
               VALIDATE_PRODUCT = YES
               VALID_ARCHS = arm64 x86_64
               VERBOSE_PBXCP = NO
               VERSION_INFO_BUILDER = macair
               VERSION_INFO_FILE = Flutter_vers.c
               VERSION_INFO_STRING = "@(#)PROGRAM:Flutter  PROJECT:Pods-"
               WATCHOS_DEPLOYMENT_TARGET = 26.5
               WORKSPACE_DIR = /Users/macair/Documents/food_diary/ios/Pods/Pods.xcodeproj
               WRAP_ASSET_PACKS_IN_SEPARATE_DIRECTORIES = NO
               XCODE_APP_SUPPORT_DIR = /Applications/Xcode.app/Contents/Developer/Library/Xcode
               XCODE_PRODUCT_BUILD_VERSION = 17F113
               XCODE_VERSION_ACTUAL = 2660
               XCODE_VERSION_MAJOR = 2600
               XCODE_VERSION_MINOR = 2660
               XPCSERVICES_FOLDER_PATH = /XPCServices
               XROS_DEPLOYMENT_TARGET = 26.5
               YACC = yacc
               _DISCOVER_COMMAND_LINE_LINKER_INPUTS = YES
               _DISCOVER_COMMAND_LINE_LINKER_INPUTS_INCLUDE_WL = YES
               _LD_MULTIARCH = YES
               __DIAGNOSE_DEPRECATED_ARCHS = YES
               __ORIGINAL_SDK_DEFINED_LLVM_TARGET_TRIPLE_SYS = ios
               arch = undefined_arch
               variant = normal
[  +78 ms] Found plugin url_launcher at /Users/macair/.pub-cache/hosted/pub.dev/url_launcher-6.3.2/
[        ] Found plugin url_launcher_windows at /Users/macair/.pub-cache/hosted/pub.dev/url_launcher_windows-3.1.5/
[   +1 ms] Found plugin url_launcher_web at /Users/macair/.pub-cache/hosted/pub.dev/url_launcher_web-2.4.3/
[        ] Found plugin url_launcher_macos at /Users/macair/.pub-cache/hosted/pub.dev/url_launcher_macos-3.2.5/
[        ] Found plugin url_launcher_linux at /Users/macair/.pub-cache/hosted/pub.dev/url_launcher_linux-3.2.2/
[        ] Found plugin url_launcher_ios at /Users/macair/.pub-cache/hosted/pub.dev/url_launcher_ios-6.4.1/
[        ] Found plugin url_launcher_android at /Users/macair/.pub-cache/hosted/pub.dev/url_launcher_android-6.3.32/
[   +1 ms] Found plugin shared_preferences at /Users/macair/.pub-cache/hosted/pub.dev/shared_preferences-2.5.5/
[   +1 ms] Found plugin shared_preferences_windows at /Users/macair/.pub-cache/hosted/pub.dev/shared_preferences_windows-2.4.1/
[        ] Found plugin path_provider_windows at /Users/macair/.pub-cache/hosted/pub.dev/path_provider_windows-2.3.0/
[   +1 ms] Found plugin shared_preferences_web at /Users/macair/.pub-cache/hosted/pub.dev/shared_preferences_web-2.4.3/
[        ] Found plugin shared_preferences_linux at /Users/macair/.pub-cache/hosted/pub.dev/shared_preferences_linux-2.4.1/
[        ] Found plugin path_provider_linux at /Users/macair/.pub-cache/hosted/pub.dev/path_provider_linux-2.2.2/
[   +1 ms] Found plugin shared_preferences_foundation at /Users/macair/.pub-cache/hosted/pub.dev/shared_preferences_foundation-2.5.6/
[        ] Found plugin shared_preferences_android at /Users/macair/.pub-cache/hosted/pub.dev/shared_preferences_android-2.4.27/
[   +1 ms] Found plugin image_picker at /Users/macair/.pub-cache/hosted/pub.dev/image_picker-1.2.3/
[        ] Found plugin image_picker_windows at /Users/macair/.pub-cache/hosted/pub.dev/image_picker_windows-0.2.2/
[   +1 ms] Found plugin file_selector_windows at /Users/macair/.pub-cache/hosted/pub.dev/file_selector_windows-0.9.3+5/
[        ] Found plugin image_picker_macos at /Users/macair/.pub-cache/hosted/pub.dev/image_picker_macos-0.2.2+1/
[        ] Found plugin file_selector_macos at /Users/macair/.pub-cache/hosted/pub.dev/file_selector_macos-0.9.5/
[        ] Found plugin image_picker_linux at /Users/macair/.pub-cache/hosted/pub.dev/image_picker_linux-0.2.2/
[        ] Found plugin file_selector_linux at /Users/macair/.pub-cache/hosted/pub.dev/file_selector_linux-0.9.4/
[        ] Found plugin image_picker_ios at /Users/macair/.pub-cache/hosted/pub.dev/image_picker_ios-0.8.13+6/
[        ] Found plugin image_picker_for_web at /Users/macair/.pub-cache/hosted/pub.dev/image_picker_for_web-3.1.1/
[        ] Found plugin image_picker_android at /Users/macair/.pub-cache/hosted/pub.dev/image_picker_android-0.8.13+19/
[        ] Found plugin flutter_plugin_android_lifecycle at /Users/macair/.pub-cache/hosted/pub.dev/flutter_plugin_android_lifecycle-2.0.35/
[        ] Found plugin path_provider at /Users/macair/.pub-cache/hosted/pub.dev/path_provider-2.1.6/
[        ] Found plugin path_provider_foundation at /Users/macair/.pub-cache/hosted/pub.dev/path_provider_foundation-2.6.0/
[   +1 ms] Found plugin path_provider_android at /Users/macair/.pub-cache/hosted/pub.dev/path_provider_android-2.3.1/
[        ] Found plugin jni_flutter at /Users/macair/.pub-cache/hosted/pub.dev/jni_flutter-1.0.1/
[        ] Found plugin jni at /Users/macair/.pub-cache/hosted/pub.dev/jni-1.0.0/
[        ] Found plugin geolocator at /Users/macair/.pub-cache/hosted/pub.dev/geolocator-13.0.4/
[        ] Found plugin geolocator_windows at /Users/macair/.pub-cache/hosted/pub.dev/geolocator_windows-0.2.5/
[        ] Found plugin geolocator_web at /Users/macair/.pub-cache/hosted/pub.dev/geolocator_web-4.1.4/
[        ] Found plugin geolocator_apple at /Users/macair/.pub-cache/hosted/pub.dev/geolocator_apple-2.3.14/
[        ] Found plugin geolocator_android at /Users/macair/.pub-cache/hosted/pub.dev/geolocator_android-4.6.2/
[   +1 ms] Found plugin geocoding at /Users/macair/.pub-cache/hosted/pub.dev/geocoding-3.0.0/
[        ] Found plugin geocoding_ios at /Users/macair/.pub-cache/hosted/pub.dev/geocoding_ios-3.1.0/
[        ] Found plugin geocoding_android at /Users/macair/.pub-cache/hosted/pub.dev/geocoding_android-3.3.1/
[   +9 ms] executing: /usr/bin/plutil -convert xml1 -o - /Users/macair/Documents/food_diary/ios/Runner/Info.plist
[  +14 ms] Exit code 0 from: /usr/bin/plutil -convert xml1 -o - /Users/macair/Documents/food_diary/ios/Runner/Info.plist
[        ] <?xml version="1.0" encoding="UTF-8"?>
           <!DOCTYPE plist PUBLIC "-//Apple//DTD PLIST 1.0//EN" "http://www.apple.com/DTDs/PropertyList-1.0.dtd">
           <plist version="1.0">
           <dict>
           	<key>CADisableMinimumFrameDurationOnPhone</key>
           	<true/>
           	<key>CFBundleDevelopmentRegion</key>
           	<string>$(DEVELOPMENT_LANGUAGE)</string>
           	<key>CFBundleDisplayName</key>
           	<string>Food Diary</string>
           	<key>CFBundleExecutable</key>
           	<string>$(EXECUTABLE_NAME)</string>
           	<key>CFBundleIdentifier</key>
           	<string>$(PRODUCT_BUNDLE_IDENTIFIER)</string>
           	<key>CFBundleInfoDictionaryVersion</key>
           	<string>6.0</string>
           	<key>CFBundleName</key>
           	<string>food_diary</string>
           	<key>CFBundlePackageType</key>
           	<string>APPL</string>
           	<key>CFBundleShortVersionString</key>
           	<string>$(FLUTTER_BUILD_NAME)</string>
           	<key>CFBundleSignature</key>
           	<string>????</string>
           	<key>CFBundleVersion</key>
           	<string>$(FLUTTER_BUILD_NUMBER)</string>
           	<key>LSRequiresIPhoneOS</key>
           	<true/>
           	<key>UIApplicationSceneManifest</key>
           	<dict>
           		<key>UIApplicationSupportsMultipleScenes</key>
           		<false/>
           		<key>UISceneConfigurations</key>
           		<dict>
           			<key>UIWindowSceneSessionRoleApplication</key>
           			<array>
           				<dict>
           					<key>UISceneClassName</key>
           					<string>UIWindowScene</string>
           					<key>UISceneConfigurationName</key>
           					<string>flutter</string>
           					<key>UISceneDelegateClassName</key>
           					<string>$(PRODUCT_MODULE_NAME).SceneDelegate</string>
           					<key>UISceneStoryboardFile</key>
           					<string>Main</string>
           				</dict>
           			</array>
           		</dict>
           	</dict>
           	<key>UIApplicationSupportsIndirectInputEvents</key>
           	<true/>
           	<key>UILaunchStoryboardName</key>
           	<string>LaunchScreen</string>
           	<key>UIMainStoryboardFile</key>
           	<string>Main</string>
           	<key>UISupportedInterfaceOrientations</key>
           	<array>
           		<string>UIInterfaceOrientationPortrait</string>
           		<string>UIInterfaceOrientationLandscapeLeft</string>
           		<string>UIInterfaceOrientationLandscapeRight</string>
           	</array>
           	<key>UISupportedInterfaceOrientations~ipad</key>
           	<array>
           		<string>UIInterfaceOrientationPortrait</string>
           		<string>UIInterfaceOrientationPortraitUpsideDown</string>
           		<string>UIInterfaceOrientationLandscapeLeft</string>
           		<string>UIInterfaceOrientationLandscapeRight</string>
           	</array>
           </dict>
           </plist>
[   +3 ms] executing: mkfifo /var/folders/t7/4ns5bn2972v1xz_j79mgwsyw0000gn/T/flutter_tools.prcA3B/flutter_ios_build_temp_dirniDCoi/pipe_to_stdout
[  +10 ms] Exit code 0 from: mkfifo /var/folders/t7/4ns5bn2972v1xz_j79mgwsyw0000gn/T/flutter_tools.prcA3B/flutter_ios_build_temp_dirniDCoi/pipe_to_stdout
[   +1 ms] Running Xcode build...
[        ] executing: [/Users/macair/Documents/food_diary/ios/] /usr/bin/arch -arm64e xcrun xcodebuild -clonedSourcePackagesDirPath /Users/macair/Documents/food_diary/build/ios/SourcePackages -configuration Debug VERBOSE_SCRIPT_LOGGING=YES -allowProvisioningUpdates -allowProvisioningDeviceRegistration -workspace Runner.xcworkspace -scheme Runner BUILD_DIR=/Users/macair/Documents/food_diary/build/ios -sdk iphoneos -destination id=00008150-000E7D291199401C ONLY_ACTIVE_ARCH=YES ARCHS=arm64 SCRIPT_OUTPUT_STREAM_FILE=/var/folders/t7/4ns5bn2972v1xz_j79mgwsyw0000gn/T/flutter_tools.prcA3B/flutter_ios_build_temp_dirniDCoi/pipe_to_stdout -resultBundlePath /var/folders/t7/4ns5bn2972v1xz_j79mgwsyw0000gn/T/flutter_tools.prcA3B/flutter_ios_build_temp_dirniDCoi/temporary_xcresult_bundle -resultBundleVersion 3 FLUTTER_SUPPRESS_ANALYTICS=true COMPILER_INDEX_STORE_ENABLE=NO
[+3460 ms] Command line invocation:
               /Applications/Xcode.app/Contents/Developer/usr/bin/xcodebuild -clonedSourcePackagesDirPath /Users/macair/Documents/food_diary/build/ios/SourcePackages -configuration Debug VERBOSE_SCRIPT_LOGGING=YES -allowProvisioningUpdates -allowProvisioningDeviceRegistration -workspace Runner.xcworkspace -scheme Runner BUILD_DIR=/Users/macair/Documents/food_diary/build/ios -sdk iphoneos -destination id=00008150-000E7D291199401C ONLY_ACTIVE_ARCH=YES ARCHS=arm64 SCRIPT_OUTPUT_STREAM_FILE=/var/folders/t7/4ns5bn2972v1xz_j79mgwsyw0000gn/T/flutter_tools.prcA3B/flutter_ios_build_temp_dirniDCoi/pipe_to_stdout -resultBundlePath /var/folders/t7/4ns5bn2972v1xz_j79mgwsyw0000gn/T/flutter_tools.prcA3B/flutter_ios_build_temp_dirniDCoi/temporary_xcresult_bundle -resultBundleVersion 3 FLUTTER_SUPPRESS_ANALYTICS=true COMPILER_INDEX_STORE_ENABLE=NO

           Build settings from command line:
               ARCHS = arm64
               BUILD_DIR = /Users/macair/Documents/food_diary/build/ios
               COMPILER_INDEX_STORE_ENABLE = NO
               FLUTTER_SUPPRESS_ANALYTICS = true
               ONLY_ACTIVE_ARCH = YES
               SCRIPT_OUTPUT_STREAM_FILE = /var/folders/t7/4ns5bn2972v1xz_j79mgwsyw0000gn/T/flutter_tools.prcA3B/flutter_ios_build_temp_dirniDCoi/pipe_to_stdout
               SDKROOT = iphoneos26.5
               VERBOSE_SCRIPT_LOGGING = YES

           Resolve Package Graph


           Resolved source packages:
             FlutterFramework: /Users/macair/Documents/food_diary/ios/Flutter/ephemeral/Packages/.packages/FlutterFramework @ local
             geolocator_apple: /Users/macair/Documents/food_diary/ios/Flutter/ephemeral/Packages/.packages/geolocator_apple-2.3.14 @ local
             shared_preferences_foundation: /Users/macair/Documents/food_diary/ios/Flutter/ephemeral/Packages/.packages/shared_preferences_foundation-2.5.6 @ local
             image_picker_ios: /Users/macair/Documents/food_diary/ios/Flutter/ephemeral/Packages/.packages/image_picker_ios-0.8.13+6 @ local
             url_launcher_ios: /Users/macair/Documents/food_diary/ios/Flutter/ephemeral/Packages/.packages/url_launcher_ios-6.4.1 @ local
             FlutterGeneratedPluginSwiftPackage: /Users/macair/Documents/food_diary/ios/Flutter/ephemeral/Packages/FlutterGeneratedPluginSwiftPackage
             geocoding_ios: /Users/macair/Documents/food_diary/ios/Flutter/ephemeral/Packages/.packages/geocoding_ios-3.1.0 @ local

           Writing result bundle at path:
           	/var/folders/t7/4ns5bn2972v1xz_j79mgwsyw0000gn/T/flutter_tools.prcA3B/flutter_ios_build_temp_dirniDCoi/temporary_xcresult_bundle

           Run pre-actions

           SchemeAction Run\ Prepare\ Flutter\ Framework\ Script /var/folders/t7/4ns5bn2972v1xz_j79mgwsyw0000gn/T/SchemeScriptAction-ETghID.sh
               cd /var/folders/t7/4ns5bn2972v1xz_j79mgwsyw0000gn/T/
               export ACTION=build
               export ADDITIONAL_SDKS=
               export AD_HOC_CODE_SIGNING_ALLOWED=NO
               export AGGREGATE_TRACKED_DOMAINS=YES
               export ALLOW_BUILD_REQUEST_OVERRIDES=NO
               export ALLOW_TARGET_PLATFORM_SPECIALIZATION=NO
               export ALL_OTHER_LDFLAGS="      "
               export ALL_OTHER_LIBTOOLFLAGS="    "
               export ALTERNATE_GROUP=staff
               export ALTERNATE_LINKER=
               export ALTERNATE_MODE=u+w,go-w,a+rX
               export ALTERNATE_OWNER=macair
               export ALTERNATE_PERMISSIONS_FILES=
               export ALTERNATIVE_DISTRIBUTION_WEB=NO
               export ALWAYS_EMBED_SWIFT_STANDARD_LIBRARIES=NO
               export ALWAYS_SEARCH_USER_PATHS=NO
               export ALWAYS_USE_SEPARATE_HEADERMAPS=NO
               export APPLE_INTERNAL_DEVELOPER_DIR=/AppleInternal/Developer
               export APPLE_INTERNAL_DIR=/AppleInternal
               export APPLE_INTERNAL_DOCUMENTATION_DIR=/AppleInternal/Documentation
               export APPLE_INTERNAL_LIBRARY_DIR=/AppleInternal/Library
               export APPLE_INTERNAL_TOOLS=/AppleInternal/Developer/Tools
               export APPLICATION_EXTENSION_API_ONLY=NO
               export APPLY_RULES_IN_COPY_FILES=NO
               export APPLY_RULES_IN_COPY_HEADERS=NO
               export APP_INTENTS_DEPLOYMENT_POSTPROCESSING=NO
               export APP_INTENTS_DEPLOYMENT_TARGET=13.0
               export APP_INTENTS_METADATA_PATH=/Metadata.appintents
               export APP_INTENTS_PLATFORM_FAMILY=
               export APP_PLAYGROUND_ASSET_CATALOG_GENERATOR=appleProductTypesTool
               export APP_PLAYGROUND_GENERATED_ASSET_CATALOG_APPICON_NAME=AppIcon
               export APP_PLAYGROUND_GENERATED_ASSET_CATALOG_FILE=/Users/macair/Library/Developer/Xcode/DerivedData/Runner-drisucxfldzxzqdqixhnzsaitavw/Build/Intermediates.noindex/Runner.build/Debug-iphoneos/Runner.build/DerivedSources/AppPlaygroundDefaultAssetCatalog.xcassets
               export APP_PLAYGROUND_GENERATED_ASSET_CATALOG_GLOBAL_ACCENT_COLOR_NAME=
               export APP_PLAYGROUND_GENERATED_ASSET_CATALOG_PLACEHOLDER_APPICON=
               export APP_PLAYGROUND_GENERATED_ASSET_CATALOG_PRESET_ACCENT_COLOR=
               export APP_PLAYGROUND_GENERATE_ASSET_CATALOG=NO
               export APP_SHORTCUTS_ENABLE_FLEXIBLE_MATCHING=YES
               export ARCHS=arm64
               export ARCHS_BASE=arm64
               export ARCHS_STANDARD=arm64
               export ARCHS_STANDARD_32_64_BIT="armv7 arm64"
               export ARCHS_STANDARD_32_BIT=armv7
               export ARCHS_STANDARD_64_BIT=arm64
               export ARCHS_STANDARD_INCLUDING_64_BIT=arm64
               export ARCHS_UNIVERSAL_IPHONE_OS="armv7 arm64"
               export ARC_LINKER_ARG_LINKER_DRIVER=-fobjc-arc
               export ARC_LINKER_ARG_LINKER_DRIVER_clang=-fobjc-arc
               export ARC_LINKER_ARG_LINKER_DRIVER_swiftc=
               export ASSETCATALOG_COMPILER_APPICON_NAME=AppIcon
               export ASSETCATALOG_COMPILER_BUNDLE_IDENTIFIER=com.dashay.foodiary
               export ASSETCATALOG_COMPILER_COMPLICATION_NAME=
               export ASSETCATALOG_COMPILER_COMPRESS_PNGS=YES
               export ASSETCATALOG_COMPILER_DEPENDENCY_INFO_FILE=/Users/macair/Library/Developer/Xcode/DerivedData/Runner-drisucxfldzxzqdqixhnzsaitavw/Build/Intermediates.noindex/Runner.build/Debug-iphoneos/Runner.build/assetcatalog_dependencies
               export ASSETCATALOG_COMPILER_ENABLE_ON_DEMAND_RESOURCES=YES
               export ASSETCATALOG_COMPILER_FLATTENED_APP_ICON_PATH=
               export ASSETCATALOG_COMPILER_GENERATE_ASSET_SYMBOLS=YES
               export ASSETCATALOG_COMPILER_GENERATE_ASSET_SYMBOL_BACKWARDS_DEPLOYMENT_SUPPORT=
               export ASSETCATALOG_COMPILER_GENERATE_ASSET_SYMBOL_ERRORS=YES
               export ASSETCATALOG_COMPILER_GENERATE_ASSET_SYMBOL_FRAMEWORKS="SwiftUI UIKit AppKit"
               export ASSETCATALOG_COMPILER_GENERATE_ASSET_SYMBOL_INDEX_PATH=/Users/macair/Library/Developer/Xcode/DerivedData/Runner-drisucxfldzxzqdqixhnzsaitavw/Build/Intermediates.noindex/Runner.build/Debug-iphoneos/Runner.build/DerivedSources/GeneratedAssetSymbols-Index.plist
               export ASSETCATALOG_COMPILER_GENERATE_ASSET_SYMBOL_WARNINGS=YES
               export ASSETCATALOG_COMPILER_GENERATE_OBJC_ASSET_SYMBOLS_PATH=/Users/macair/Library/Developer/Xcode/DerivedData/Runner-drisucxfldzxzqdqixhnzsaitavw/Build/Intermediates.noindex/Runner.build/Debug-iphoneos/Runner.build/DerivedSources/GeneratedAssetSymbols.h
               export ASSETCATALOG_COMPILER_GENERATE_SWIFT_ASSET_SYMBOLS_PATH=/Users/macair/Library/Developer/Xcode/DerivedData/Runner-drisucxfldzxzqdqixhnzsaitavw/Build/Intermediates.noindex/Runner.build/Debug-iphoneos/Runner.build/DerivedSources/GeneratedAssetSymbols.swift
               export ASSETCATALOG_COMPILER_GENERATE_SWIFT_ASSET_SYMBOL_EXTENSIONS=YES
               export ASSETCATALOG_COMPILER_GLOBAL_ACCENT_COLOR_NAME=
               export ASSETCATALOG_COMPILER_INCLUDED_LANGUAGES=
               export ASSETCATALOG_COMPILER_INCLUDE_ALL_APPICON_ASSETS=NO
               export ASSETCATALOG_COMPILER_INCLUDE_INFOPLIST_LOCALIZATIONS=YES
               export ASSETCATALOG_COMPILER_INCLUDE_STICKER_CONTENT=NO
               export ASSETCATALOG_COMPILER_INFOPLIST_CONTENT_FILE=/Users/macair/Library/Developer/Xcode/DerivedData/Runner-drisucxfldzxzqdqixhnzsaitavw/Build/Intermediates.noindex/Runner.build/Debug-iphoneos/Runner.build/assetcatalog_generated_info.plist
               export ASSETCATALOG_COMPILER_LAUNCHIMAGE_NAME=
               export ASSETCATALOG_COMPILER_LEADERBOARD_IDENTIFIER_PREFIX=
               export ASSETCATALOG_COMPILER_LEADERBOARD_SET_IDENTIFIER_PREFIX=
               export ASSETCATALOG_COMPILER_OPTIMIZATION=
               export ASSETCATALOG_COMPILER_OUTPUT_DIR=
               export ASSETCATALOG_COMPILER_SKIP_APP_STORE_DEPLOYMENT=
               export ASSETCATALOG_COMPILER_STANDALONE_ICON_BEHAVIOR=default
               export ASSETCATALOG_COMPILER_STICKER_PACK_IDENTIFIER_PREFIX=
               export ASSETCATALOG_COMPILER_STICKER_PACK_STRINGS=
               export ASSETCATALOG_COMPILER_TARGET_STICKERS_ICON_ROLE=
               export ASSETCATALOG_COMPILER_WIDGET_BACKGROUND_COLOR_NAME=
               export ASSETCATALOG_EXEC=actool
               export ASSETCATALOG_FILTER_FOR_DEVICE_MODEL=iPhone18,2
               export ASSETCATALOG_FILTER_FOR_DEVICE_OS_VERSION=26.6
               export ASSETCATALOG_FILTER_FOR_THINNING_DEVICE_CONFIGURATION=iPhone18,2
               export ASSETCATALOG_LIGHTWEIGHT_ASSET_RUNTIME_MODE=default
               export ASSETCATALOG_NOTICES=YES
               export ASSETCATALOG_OTHER_FLAGS=
               export ASSETCATALOG_OUTPUT_FORMAT=human-readable-text
               export ASSETCATALOG_WARNINGS=YES
               export ASSET_PACK_MANIFEST_URL_PREFIX=
               export AUTOMATICALLY_MERGE_DEPENDENCIES=NO
               export AUTOMATION_APPLE_EVENTS=NO
               export AVAILABLE_PLATFORMS="appletvos appletvsimulator driverkit iphoneos iphonesimulator macosx watchos watchsimulator xros xrsimulator"
               export AdditionalInfoFileKeys=
               export AdditionalInfoFileValues=
               export BUILD_ACTIVE_RESOURCES_ONLY=YES
               export BUILD_COMPONENTS=
               export BUILD_DIR=/Users/macair/Documents/food_diary/build/ios
               export BUILD_LIBRARY_FOR_DISTRIBUTION=NO
               export BUILD_ONLY_KNOWN_LOCALIZATIONS=NO
               export BUILD_ROOT=/Users/macair/Library/Developer/Xcode/DerivedData/Runner-drisucxfldzxzqdqixhnzsaitavw/Build/Products
               export BUILD_STYLE=Debug
               export BUILD_VARIANTS=normal
               export BUILT_PRODUCTS_DIR=/Users/macair/Documents/food_diary/build/ios/Debug-iphoneos
               export BUNDLE_CONTENTS_FOLDER_PATH=
               export BUNDLE_CONTENTS_FOLDER_PATH_deep=Contents/
               export BUNDLE_EXECUTABLE_FOLDER_NAME_deep=MacOS
               export BUNDLE_EXECUTABLE_FOLDER_PATH=
               export BUNDLE_EXTENSIONS_FOLDER_PATH=Extensions
               export BUNDLE_FORMAT=shallow
               export BUNDLE_FRAMEWORKS_FOLDER_PATH=Frameworks
               export BUNDLE_LOADER=
               export BUNDLE_PLUGINS_FOLDER_PATH=PlugIns
               export BUNDLE_PRIVATE_HEADERS_FOLDER_PATH=PrivateHeaders
               export BUNDLE_PUBLIC_HEADERS_FOLDER_PATH=Headers
               export CACHE_ROOT=/var/folders/t7/4ns5bn2972v1xz_j79mgwsyw0000gn/C/com.apple.DeveloperTools/26.6-17F113/Xcode
               export CC=
               export CCHROOT=/var/folders/t7/4ns5bn2972v1xz_j79mgwsyw0000gn/C/com.apple.DeveloperTools/26.6-17F113/Xcode
               export CHMOD=/bin/chmod
               export CHOWN=chown
               export CLANG_ADDRESS_SANITIZER=
               export CLANG_ADDRESS_SANITIZER_ALLOW_ERROR_RECOVERY=
               export CLANG_ADDRESS_SANITIZER_CONTAINER_OVERFLOW=NO
               export CLANG_ADDRESS_SANITIZER_USE_AFTER_SCOPE=NO
               export CLANG_ALLOW_NON_MODULAR_INCLUDES_IN_FRAMEWORK_MODULES=NO
               export CLANG_ALTERNATE_LINKER=
               export CLANG_ANALYZER_DEADCODE_DEADSTORES=YES
               export CLANG_ANALYZER_DEFINES=-D__clang_analyzer__
               export CLANG_ANALYZER_DIVIDE_BY_ZERO=YES
               export CLANG_ANALYZER_EXEC=clang
               export CLANG_ANALYZER_GCD=YES
               export CLANG_ANALYZER_GCD_PERFORMANCE=NO
               export CLANG_ANALYZER_LIBKERN_RETAIN_COUNT=YES
               export CLANG_ANALYZER_LOCALIZABILITY_EMPTY_CONTEXT=NO
               export CLANG_ANALYZER_LOCALIZABILITY_NONLOCALIZED=NO
               export CLANG_ANALYZER_MALLOC=YES
               export CLANG_ANALYZER_MEMORY_MANAGEMENT=YES
               export CLANG_ANALYZER_MIG_CONVENTIONS=YES
               export CLANG_ANALYZER_NONNULL=YES
               export CLANG_ANALYZER_NULL_DEREFERENCE=YES
               export CLANG_ANALYZER_NUMBER_OBJECT_CONVERSION=YES
               export CLANG_ANALYZER_OBJC_ATSYNC=YES
               export CLANG_ANALYZER_OBJC_COLLECTIONS=YES
               export CLANG_ANALYZER_OBJC_DEALLOC=YES
               export CLANG_ANALYZER_OBJC_GENERICS=YES
               export CLANG_ANALYZER_OBJC_INCOMP_METHOD_TYPES=YES
               export CLANG_ANALYZER_OBJC_NSCFERROR=YES
               export CLANG_ANALYZER_OBJC_RETAIN_COUNT=YES
               export CLANG_ANALYZER_OBJC_SELF_INIT=YES
               export CLANG_ANALYZER_OBJC_UNUSED_IVARS=YES
               export CLANG_ANALYZER_OSOBJECT_C_STYLE_CAST=NO
               export CLANG_ANALYZER_OUTPUT=plist-multi-file
               export CLANG_ANALYZER_OUTPUT_DIR=/Users/macair/Library/Developer/Xcode/DerivedData/Runner-drisucxfldzxzqdqixhnzsaitavw/Build/Intermediates.noindex/Runner.build/Debug-iphoneos/Runner.build
               export CLANG_ANALYZER_REPORT_MAIN_SOURCE_FILE=YES
               export CLANG_ANALYZER_SECURITY_BUFFER_OVERFLOW_EXPERIMENTAL=NO
               export CLANG_ANALYZER_SECURITY_FLOATLOOPCOUNTER=NO
               export CLANG_ANALYZER_SECURITY_INSECUREAPI_GETPW_GETS=YES
               export CLANG_ANALYZER_SECURITY_INSECUREAPI_MKSTEMP=YES
               export CLANG_ANALYZER_SECURITY_INSECUREAPI_RAND=NO
               export CLANG_ANALYZER_SECURITY_INSECUREAPI_STRCPY=NO
               export CLANG_ANALYZER_SECURITY_INSECUREAPI_UNCHECKEDRETURN=YES
               export CLANG_ANALYZER_SECURITY_INSECUREAPI_VFORK=YES
               export CLANG_ANALYZER_SECURITY_KEYCHAIN_API=YES
               export CLANG_ANALYZER_USE_AFTER_MOVE=YES_AGGRESSIVE
               export CLANG_BOUNDS_SAFETY_BRINGUP_MISSING_CHECKS=default
               export CLANG_BOUNDS_SAFETY_BRINGUP_MISSING_CHECKS_OPT_OUTS=
               export CLANG_CLANG_COVERAGE_MAPPING_LINKER_ARGS=NO
               export CLANG_COHORT_ARCHS=
               export CLANG_COLOR_DIAGNOSTICS=NO
               export CLANG_COVERAGE_MAPPING=NO
               export CLANG_COVERAGE_MAPPING_LINKER_ARGS=NO
               export CLANG_CXX_LANGUAGE_STANDARD=gnu++0x
               export CLANG_CXX_LIBRARY=libc++
               export CLANG_CXX_STANDARD_LIBRARY_HARDENING=debug
               export CLANG_DEBUG_INFORMATION_LEVEL=default
               export CLANG_DEBUG_MODULES=YES
               export CLANG_DIAGNOSTICS_FILE=/Users/macair/Library/Developer/Xcode/DerivedData/Runner-drisucxfldzxzqdqixhnzsaitavw/Build/Intermediates.noindex/Runner.build/Debug-iphoneos/Runner.build/Metal/.dia
               export CLANG_DISABLE_CXX_MODULES=YES
               export CLANG_ENABLE_APP_EXTENSION=NO
               export CLANG_ENABLE_BOUNDS_ATTRIBUTES=NO
               export CLANG_ENABLE_BOUNDS_SAFETY=NO
               export CLANG_ENABLE_CODE_COVERAGE=YES
               export CLANG_ENABLE_COMPILE_CACHE=
               export CLANG_ENABLE_CPLUSPLUS_TYPED_ALLOCATOR_SUPPORT=compiler-default
               export CLANG_ENABLE_CPP_STATIC_DESTRUCTORS=YES
               export CLANG_ENABLE_C_TYPED_ALLOCATOR_SUPPORT=compiler-default
               export CLANG_ENABLE_EXPLICIT_MODULES=YES
               export CLANG_ENABLE_MODULES=YES
               export CLANG_ENABLE_MODULE_DEBUGGING=YES
               export CLANG_ENABLE_MODULE_IMPLEMENTATION_OF=YES
               export CLANG_ENABLE_OBJC_ARC=YES
               export CLANG_ENABLE_OBJC_ARC_EXCEPTIONS=NO
               export CLANG_ENABLE_OBJC_WEAK=NO
               export CLANG_ENABLE_PREFIX_MAPPING=
               export CLANG_ENABLE_SECURITY_COMPILER_WARNINGS=NO
               export CLANG_ENABLE_STACK_ZERO_INIT=NO
               export CLANG_INDEX_STORE_COMPRESS=NO
               export CLANG_INDEX_STORE_ENABLE=YES
               export CLANG_INDEX_STORE_IGNORE_MACROS=NO
               export CLANG_INDEX_STORE_ONLY_PROJECT_FILES=NO
               export CLANG_INDEX_STORE_PATH=/Users/macair/Library/Developer/Xcode/DerivedData/Runner-drisucxfldzxzqdqixhnzsaitavw/Index.noindex/DataStore
               export CLANG_INSTRUMENT_FOR_OPTIMIZATION_PROFILING=NO
               export CLANG_LD_DYLIB_INSTALL_NAME=
               export CLANG_LD_EXPORT_GLOBAL_SYMBOLS=YES
               export CLANG_LD_SUPPRESS_WARNINGS=NO
               export CLANG_LD_THREAD_SANITIZER=
               export CLANG_LIBFUZZER=
               export CLANG_LINK_OBJC_RUNTIME=
               export CLANG_LINK_WITH_STANDARD_LIBRARIES=YES
               export CLANG_MACH_O_TYPE=mh_execute
               export CLANG_MACRO_BACKTRACE_LIMIT=0
               export CLANG_MODULES_AUTOLINK=YES
               export CLANG_MODULES_BUILD_SESSION_FILE=
               export CLANG_MODULES_DISABLE_PRIVATE_WARNING=NO
               export CLANG_MODULES_ENABLE_VERIFIER_TOOL=NO
               export CLANG_MODULES_IGNORE_MACROS=
               export CLANG_MODULES_PRUNE_AFTER=345600
               export CLANG_MODULES_PRUNE_INTERVAL=86400
               export CLANG_MODULES_VALIDATE_SYSTEM_HEADERS=NO
               export CLANG_MODULES_VERIFIER_VERBOSE_OUTPUT=NO
               export CLANG_MODULE_CACHE_PATH=/Users/macair/Library/Developer/Xcode/DerivedData/ModuleCache.noindex
               export CLANG_MODULE_LSV=NO
               export CLANG_OMIT_FRAME_POINTERS=compiler-default
               export CLANG_OPTIMIZATION_PROFILE_FILE=/Users/macair/Documents/food_diary/ios/OptimizationProfiles/Runner.profdata
               export CLANG_OTHER_PREFIX_MAPPINGS=
               export CLANG_RESOURCE_DIR_CLANG=
               export CLANG_RESOURCE_DIR_SWIFTC=
               export CLANG_RETAIN_COMMENTS_FROM_SYSTEM_HEADERS=NO
               export CLANG_SANITIZER_COVERAGE=
               export CLANG_SDKROOT_LINKER_INPUT=iphoneos26.5
               export CLANG_STATIC_ANALYZER_MODE=shallow
               export CLANG_STATIC_ANALYZER_MODE_ACTION_deep=
               export CLANG_STATIC_ANALYZER_MODE_ACTION_shallow=Shallow
               export CLANG_STATIC_ANALYZER_MODE_ON_ANALYZE_ACTION=deep
               export CLANG_SYSTEM_FRAMEWORK_SEARCH_PATHS=
               export CLANG_TARGET_TRIPLE_ARCHS=undefined_arch
               export CLANG_THREAD_SANITIZER=
               export CLANG_TIDY_BUGPRONE_ASSERT_SIDE_EFFECT=YES
               export CLANG_TIDY_BUGPRONE_INFINITE_LOOP=YES
               export CLANG_TIDY_BUGPRONE_MOVE_FORWARDING_REFERENCE=YES
               export CLANG_TIDY_BUGPRONE_REDUNDANT_BRANCH_CONDITION=NO
               export CLANG_TIDY_MISC_REDUNDANT_EXPRESSION=NO
               export CLANG_TRIVIAL_AUTO_VAR_INIT=default
               export CLANG_UNDEFINED_BEHAVIOR_SANITIZER=
               export CLANG_UNDEFINED_BEHAVIOR_SANITIZER_INTEGER=NO
               export CLANG_UNDEFINED_BEHAVIOR_SANITIZER_NULLABILITY=NO
               export CLANG_UNDEFINED_BEHAVIOR_SANITIZER_TRAP_ON_SECURITY_ISSUES=NO
               export CLANG_UNDEFINED_BEHAVIOR_SANITIZER_TRAP_ON_SECURITY_ISSUES_OPT=YES
               export CLANG_USE_OPTIMIZATION_PROFILE=NO
               export CLANG_USE_RESPONSE_FILE=YES
               export CLANG_WARN_ASSIGN_ENUM=NO
               export CLANG_WARN_ATOMIC_IMPLICIT_SEQ_CST=NO
               export CLANG_WARN_BLOCK_CAPTURE_AUTORELEASING=YES
               export CLANG_WARN_BOOL_CONVERSION=YES
               export CLANG_WARN_COMMA=YES
               export CLANG_WARN_COMPLETION_HANDLER_MISUSE=NO
               export CLANG_WARN_CONSTANT_CONVERSION=YES
               export CLANG_WARN_CXX0X_EXTENSIONS=NO
               export CLANG_WARN_DELETE_NON_VIRTUAL_DTOR=YES
               export CLANG_WARN_DEPRECATED_OBJC_IMPLEMENTATIONS=YES
               export CLANG_WARN_DIRECT_OBJC_ISA_USAGE=YES_ERROR
               export CLANG_WARN_DOCUMENTATION_COMMENTS=NO
               export CLANG_WARN_EMPTY_BODY=YES
               export CLANG_WARN_ENUM_CONVERSION=YES
               export CLANG_WARN_FLOAT_CONVERSION=NO
               export CLANG_WARN_FRAMEWORK_INCLUDE_PRIVATE_FROM_PUBLIC=NO
               export CLANG_WARN_IMPLICIT_FALLTHROUGH=NO
               export CLANG_WARN_IMPLICIT_SIGN_CONVERSION=NO
               export CLANG_WARN_INFINITE_RECURSION=YES
               export CLANG_WARN_INT_CONVERSION=YES
               export CLANG_WARN_MISSING_NOESCAPE=YES
               export CLANG_WARN_NON_LITERAL_NULL_CONVERSION=YES
               export CLANG_WARN_NULLABLE_TO_NONNULL_CONVERSION=NO
               export CLANG_WARN_OBJC_EXPLICIT_OWNERSHIP_TYPE=NO
               export CLANG_WARN_OBJC_IMPLICIT_ATOMIC_PROPERTIES=NO
               export CLANG_WARN_OBJC_IMPLICIT_RETAIN_SELF=YES
               export CLANG_WARN_OBJC_INTERFACE_IVARS=NO
               export CLANG_WARN_OBJC_LITERAL_CONVERSION=YES
               export CLANG_WARN_OBJC_MISSING_PROPERTY_SYNTHESIS=NO
               export CLANG_WARN_OBJC_REPEATED_USE_OF_WEAK=NO
               export CLANG_WARN_OBJC_ROOT_CLASS=YES_ERROR
               export CLANG_WARN_PRAGMA_PACK=YES
               export CLANG_WARN_PRIVATE_MODULE=YES
               export CLANG_WARN_QUOTED_INCLUDE_IN_FRAMEWORK_HEADER=NO
               export CLANG_WARN_RANGE_LOOP_ANALYSIS=YES
               export CLANG_WARN_SEMICOLON_BEFORE_METHOD_BODY=NO
               export CLANG_WARN_STRICT_PROTOTYPES=YES
               export CLANG_WARN_SUSPICIOUS_IMPLICIT_CONVERSION=NO
               export CLANG_WARN_SUSPICIOUS_MOVE=YES
               export CLANG_WARN_UNGUARDED_AVAILABILITY=YES
               export CLANG_WARN_UNREACHABLE_CODE=YES
               export CLANG_WARN_UNSAFE_BUFFER_USAGE=DEFAULT
               export CLANG_WARN_VEXING_PARSE=YES
               export CLANG_WARN_XNU_TYPED_ALLOCATORS=DEFAULT
               export CLANG_WARN__ARC_BRIDGE_CAST_NONARC=YES
               export CLANG_WARN__DUPLICATE_METHOD_MATCH=YES
               export CLANG_WARN__EXIT_TIME_DESTRUCTORS=NO
               export CLANG_X86_VECTOR_INSTRUCTIONS=default
               export CLANG__INPUT_FILE_LIST_PATH__=
               export CLASS_FILE_DIR=/Users/macair/Library/Developer/Xcode/DerivedData/Runner-drisucxfldzxzqdqixhnzsaitavw/Build/Intermediates.noindex/Runner.build/Debug-iphoneos/Runner.build/JavaClasses
               export CLEAN_PRECOMPS=YES
               export CLONE_HEADERS=NO
               export COCOAPODS_PARALLEL_CODE_SIGN=true
               export CODESIGNING_FOLDER_PATH=/Users/macair/Documents/food_diary/build/ios/Debug-iphoneos/Runner.app
               export CODE_SIGNING_ALLOWED=YES
               export CODE_SIGNING_REQUIRED=YES
               export CODE_SIGN_CONTEXT_CLASS=XCiPhoneOSCodeSignContext
               export CODE_SIGN_ENTITLEMENTS=
               export CODE_SIGN_IDENTITY="iPhone Developer"
               export CODE_SIGN_INJECT_BASE_ENTITLEMENTS=YES
               export CODE_SIGN_KEYCHAIN=
               export CODE_SIGN_LOCAL_EXECUTION_IDENTITY=
               export CODE_SIGN_RESOURCE_RULES_IN_BUNDLE=
               export CODE_SIGN_STYLE=
               export COHORT_ARCHS=
               export COHORT_BASE_ARCH=
               export COLORTERM=truecolor
               export COLOR_DIAGNOSTICS=NO
               export COMBINE_HIDPI_IMAGES=NO
               export COMMAND_MODE=unix2003
               export COMPILATION_CACHE_ENABLE_CACHING=
               export COMPILATION_CACHE_ENABLE_DIAGNOSTIC_REMARKS=
               export COMPILER_INDEX_STORE_ENABLE=NO
               export COMPOSITE_SDK_DIRS=/Users/macair/Library/Developer/Xcode/DerivedData/Runner-drisucxfldzxzqdqixhnzsaitavw/Build/Intermediates.noindex/CompositeSDKs
               export COMPRESS_PNG_FILES=YES
               export COMPRESS_TIFF_FILES_WHILE_COPYING=NO
               export CONFIGURATION=Debug
               export CONFIGURATION_BUILD_DIR=/Users/macair/Documents/food_diary/build/ios/Debug-iphoneos
               export CONFIGURATION_TEMP_DIR=/Users/macair/Library/Developer/Xcode/DerivedData/Runner-drisucxfldzxzqdqixhnzsaitavw/Build/Intermediates.noindex/Runner.build/Debug-iphoneos
               export CONTENTS_FOLDER_PATH=Runner.app
               export CONTENTS_FOLDER_PATH_SHALLOW_BUNDLE_NO=Runner.app/Contents
               export CONTENTS_FOLDER_PATH_SHALLOW_BUNDLE_YES=Runner.app
               export COPILOT_DEBUG_NONCE=69f0ad4725e3ac17aed54ee5e6cc443c
               export COPYING_PRESERVES_HFS_DATA=NO
               export COPY_HEADERS_RUN_UNIFDEF=NO
               export COPY_HEADERS_UNIFDEF_FLAGS=
               export COPY_PHASE_STRIP=NO
               export COREML_CODEGEN_LANGUAGE=Automatic
               export COREML_CODEGEN_SWIFT_GLOBAL_MODULE=NO
               export COREML_CODEGEN_SWIFT_VERSION=5.0
               export COREML_COMPILER_CONTAINER=bundle-resources
               export COREML_COMPILER_INFOPLIST_CONTENT_FILE=/Users/macair/Library/Developer/Xcode/DerivedData/Runner-drisucxfldzxzqdqixhnzsaitavw/Build/Intermediates.noindex/Runner.build/Debug-iphoneos/Runner.build/-CoreMLPartialInfo.plist
               export COREML_DEPLOYMENT_TARGET=13.0
               export COREML_DEPLOYMENT_TARGET__NO=13.0
               export COREML_DEPLOYMENT_TARGET__YES=13.0
               export COREML_PLATFORM_NAME=ios
               export COREML_PLATFORM_NAME__NO=ios
               export COREML_PLATFORM_NAME__YES=maccatalyst
               export CORRESPONDING_SIMULATOR_PLATFORM_DIR=/Applications/Xcode.app/Contents/Developer/Platforms/iPhoneSimulator.platform
               export CORRESPONDING_SIMULATOR_PLATFORM_NAME=iphonesimulator
               export CORRESPONDING_SIMULATOR_SDK_DIR=/Applications/Xcode.app/Contents/Developer/Platforms/iPhoneSimulator.platform/Developer/SDKs/iPhoneSimulator26.5.sdk
               export CORRESPONDING_SIMULATOR_SDK_NAME=iphonesimulator26.5
               export CP=/bin/cp
               export CPP_HEADERMAP_FILE=/Users/macair/Library/Developer/Xcode/DerivedData/Runner-drisucxfldzxzqdqixhnzsaitavw/Build/Intermediates.noindex/Runner.build/Debug-iphoneos/Runner.build/Runner.hmap
               export CPP_HEADERMAP_FILE_FOR_ALL_NON_FRAMEWORK_TARGET_HEADERS=/Users/macair/Library/Developer/Xcode/DerivedData/Runner-drisucxfldzxzqdqixhnzsaitavw/Build/Intermediates.noindex/Runner.build/Debug-iphoneos/Runner.build/Runner-all-non-framework-target-headers.hmap
               export CPP_HEADERMAP_FILE_FOR_ALL_TARGET_HEADERS=/Users/macair/Library/Developer/Xcode/DerivedData/Runner-drisucxfldzxzqdqixhnzsaitavw/Build/Intermediates.noindex/Runner.build/Debug-iphoneos/Runner.build/Runner-all-target-headers.hmap
               export CPP_HEADERMAP_FILE_FOR_GENERATED_FILES=/Users/macair/Library/Developer/Xcode/DerivedData/Runner-drisucxfldzxzqdqixhnzsaitavw/Build/Intermediates.noindex/Runner.build/Debug-iphoneos/Runner.build/Runner-generated-files.hmap
               export CPP_HEADERMAP_FILE_FOR_OWN_TARGET_HEADERS=/Users/macair/Library/Developer/Xcode/DerivedData/Runner-drisucxfldzxzqdqixhnzsaitavw/Build/Intermediates.noindex/Runner.build/Debug-iphoneos/Runner.build/Runner-own-target-headers.hmap
               export CPP_HEADERMAP_FILE_FOR_PROJECT_FILES=/Users/macair/Library/Developer/Xcode/DerivedData/Runner-drisucxfldzxzqdqixhnzsaitavw/Build/Intermediates.noindex/Runner.build/Debug-iphoneos/Runner.build/Runner-project-headers.hmap
               export CPP_HEADERMAP_PRODUCT_HEADERS_VFS_FILE=/Users/macair/Library/Developer/Xcode/DerivedData/Runner-drisucxfldzxzqdqixhnzsaitavw/Build/Intermediates.noindex/Runner.build/Debug-iphoneos/Runner--VFS-iphoneos/all-product-headers.yaml
               export CPP_HEADER_SYMLINKS_DIR=/Users/macair/Library/Developer/Xcode/DerivedData/Runner-drisucxfldzxzqdqixhnzsaitavw/Build/Intermediates.noindex/Runner.build/Debug-iphoneos/Runner.build/Runner.hdrs
               export CREATE_INFOPLIST_SECTION_IN_BINARY=NO
               export CURRENT_ARCH=undefined_arch
               export CURRENT_PROJECT_VERSION=1
               export CURRENT_VARIANT=normal
               export CURRENT_VERSION=
               export C_COMPILER_LAUNCHER=
               export CodeSignEntitlements=
               export CodeSignResourceRules=
               export DART_DEFINES=RkxVVFRFUl9WRVJTSU9OPTMuNDQuNA==,RkxVVFRFUl9DSEFOTkVMPXN0YWJsZQ==,RkxVVFRFUl9HSVRfVVJMPWh0dHBzOi8vZ2l0aHViLmNvbS9mbHV0dGVyL2ZsdXR0ZXIuZ2l0,RkxVVFRFUl9GUkFNRVdPUktfUkVWSVNJT049YWQ3MGVjNDYxNw==,RkxVVFRFUl9FTkdJTkVfUkVWSVNJT049YTEwZDhhYzM4ZA==,RkxVVFRFUl9EQVJUX1ZFUlNJT049My4xMi4y
               export DART_OBFUSCATION=false
               export DEAD_CODE_STRIPPING=YES
               export DEBUGGING_SYMBOLS=YES
               export DEBUG_INFORMATION_FORMAT=dwarf
               export DEBUG_INFORMATION_VERSION=compiler-default
               export DEFAULT_COMPILER=com.apple.compilers.llvm.clang.1_0
               export DEFAULT_DEXT_INSTALL_PATH=/System/Library/DriverExtensions
               export DEFAULT_KEXT_INSTALL_PATH=/System/Library/Extensions
               export DEFAULT_SSE_LEVEL_3_NO=default
               export DEFAULT_SSE_LEVEL_3_SUPPLEMENTAL_NO=default
               export DEFAULT_SSE_LEVEL_3_SUPPLEMENTAL_YES=ssse3
               export DEFAULT_SSE_LEVEL_3_YES=sse3
               export DEFAULT_SSE_LEVEL_4_1_NO=default
               export DEFAULT_SSE_LEVEL_4_1_YES=sse4.1
               export DEFAULT_SSE_LEVEL_4_2_NO=default
               export DEFAULT_SSE_LEVEL_4_2_YES=sse4.2
               export DEFINES_MODULE=NO
               export DEPLOYMENT_LOCATION=NO
               export DEPLOYMENT_POSTPROCESSING=NO
               export DEPLOYMENT_TARGET=13.0
               export DEPLOYMENT_TARGET_SETTING_NAME=IPHONEOS_DEPLOYMENT_TARGET
               export DEPLOYMENT_TARGET_SUGGESTED_VALUES="12.0 12.1 12.2 12.3 12.4 13.0 13.1 13.2 13.3 13.4 13.5 13.6 14.0 14.1 14.2 14.3 14.4 14.5 14.6 14.7 15.0 15.1 15.2 15.3 15.4 15.5 15.6 16.0 16.1 16.2 16.3 16.4 16.5 16.6 17.0 17.1 17.2 17.3 17.4 17.5 17.6 18.0 18.1 18.2 18.3 18.4 18.5 18.6 26.0 26.2 26.3 26.4 26.5"
               export DERIVED_DATA_DIR=/Users/macair/Library/Developer/Xcode/DerivedData
               export DERIVED_FILES_DIR=/Users/macair/Library/Developer/Xcode/DerivedData/Runner-drisucxfldzxzqdqixhnzsaitavw/Build/Intermediates.noindex/Runner.build/Debug-iphoneos/Runner.build/DerivedSources
               export DERIVED_FILE_DIR=/Users/macair/Library/Developer/Xcode/DerivedData/Runner-drisucxfldzxzqdqixhnzsaitavw/Build/Intermediates.noindex/Runner.build/Debug-iphoneos/Runner.build/DerivedSources
               export DERIVED_PATHS=
               export DERIVED_SOURCES_DIR=/Users/macair/Library/Developer/Xcode/DerivedData/Runner-drisucxfldzxzqdqixhnzsaitavw/Build/Intermediates.noindex/Runner.build/Debug-iphoneos/Runner.build/DerivedSources
               export DERIVE_MACCATALYST_PRODUCT_BUNDLE_IDENTIFIER=NO
               export DEVELOPER_APPLICATIONS_DIR=/Applications/Xcode.app/Contents/Developer/Applications
               export DEVELOPER_BIN_DIR=/Applications/Xcode.app/Contents/Developer/usr/bin
               export DEVELOPER_DIR=/Applications/Xcode.app/Contents/Developer
               export DEVELOPER_FRAMEWORKS_DIR=/Applications/Xcode.app/Contents/Developer/Library/Frameworks
               export DEVELOPER_FRAMEWORKS_DIR_QUOTED=/Applications/Xcode.app/Contents/Developer/Library/Frameworks
               export DEVELOPER_LIBRARY_DIR=/Applications/Xcode.app/Contents/Developer/Library
               export DEVELOPER_SDK_DIR=/Applications/Xcode.app/Contents/Developer/Platforms/MacOSX.platform/Developer/SDKs
               export DEVELOPER_TOOLS_DIR=/Applications/Xcode.app/Contents/Developer/Tools
               export DEVELOPER_USR_DIR=/Applications/Xcode.app/Contents/Developer/usr
               export DEVELOPMENT_ASSET_PATHS=
               export DEVELOPMENT_LANGUAGE=en
               export DEVELOPMENT_TEAM=4ZVUAHH827
               export DEVICE_NAME="ה-iPhone של Shay"
               export DIFF=/usr/bin/diff
               export DOCC_ANALYZE_DIAGNOSTICS=NO
               export DOCC_ARCHIVE_PATH=/Users/macair/Documents/food_diary/build/ios/Debug-iphoneos/Runner.doccarchive
               export DOCC_CATALOG_DISPLAY_NAME=Runner
               export DOCC_CATALOG_IDENTIFIER=com.dashay.foodiary
               export DOCC_DIAGNOSTICS_FILE=/Users/macair/Library/Developer/Xcode/DerivedData/Runner-drisucxfldzxzqdqixhnzsaitavw/Build/Intermediates.noindex/Runner.build/Debug-iphoneos/Runner.build/Runner-diagnostics.json
               export DOCC_EMIT_FIXITS=YES
               export DOCC_ENABLE_CXX_SUPPORT=YES
               export DOCC_EXEC=docc
               export DOCC_EXTRACT_EXTENSION_SYMBOLS=YES
               export DOCC_EXTRACT_OBJC_INFO_FOR_SWIFT_SYMBOLS=NO
               export DOCC_EXTRACT_SPI_DOCUMENTATION=NO
               export DOCC_EXTRACT_SWIFT_INFO_FOR_OBJC_SYMBOLS=NO
               export DOCC_HOSTING_BASE_PATH=
               export DOCC_IDE_CONSOLE_OUTPUT=YES
               export DOCC_MINIMUM_ACCESS_LEVEL=none
               export DOCC_OUTPUT_DIGEST_INFORMATION=NO
               export DOCC_OUTPUT_DIR=/Users/macair/Documents/food_diary/build/ios/Debug-iphoneos
               export DOCC_OUTPUT_NAVIGATOR_INDEX=YES
               export DOCC_PRETTY_PRINT=NO
               export DOCC_SKIP_INHERITED_DOCS=NO
               export DOCC_SKIP_SYNTHESIZED_MEMBERS=NO
               export DOCC_TEMPLATE_PATH=
               export DOCC_TRANSFORM_FOR_STATIC_HOSTING=YES
               export DOCUMENTATION_FOLDER_PATH=Runner.app/en.lproj/Documentation
               export DONT_GENERATE_INFOPLIST_FILE=NO
               export DRIVERKIT_DEPLOYMENT_TARGET=20.4
               export DSTROOT=/tmp/Runner.dst
               export DSYMUTIL_DSYM_SEARCH_PATHS=
               export DSYMUTIL_QUIET_OPERATION=NO
               export DSYMUTIL_VARIANT_SUFFIX=
               export DSYMUTIL_VERBOSE=NO
               export DTRACE_OTHER_FLAGS=
               export DTRACE_OUTPUT_FILE_TYPE=Header
               export DT_TOOLCHAIN_DIR=/Applications/Xcode.app/Contents/Developer/Toolchains/XcodeDefault.xctoolchain
               export DUMP_DEPENDENCIES=NO
               export DUMP_DEPENDENCIES_OUTPUT_PATH=/Users/macair/Library/Developer/Xcode/DerivedData/Runner-drisucxfldzxzqdqixhnzsaitavw/Build/Intermediates.noindex/Runner.build/Debug-iphoneos/Runner.build/Runner-BuildDependencyInfo.json
               export DWARF_DSYM_FILE_NAME=Runner.app.dSYM
               export DWARF_DSYM_FILE_SHOULD_ACCOMPANY_PRODUCT=NO
               export DWARF_DSYM_FOLDER_PATH=/Users/macair/Documents/food_diary/build/ios/Debug-iphoneos
               export DYLIB_COMPATIBILITY_VERSION=
               export DYLIB_CURRENT_VERSION=
               export DYLIB_INSTALL_NAME_BASE=
               export EAGER_COMPILATION_ALLOW_SCRIPTS=NO
               export EAGER_LINKING=NO
               export EFFECTIVE_PLATFORM_NAME=-iphoneos
               export EFFECTIVE_PLATFORM_SUFFIX=os
               export EFFECTIVE_TOOLCHAINS_DIRS=/Applications/Xcode.app/Contents/Developer/Toolchains/XcodeDefault.xctoolchain
               export EMBEDDED_CONTENT_CONTAINS_SWIFT=NO
               export EMBEDDED_PROFILE_NAME=embedded.mobileprovision
               export EMBED_ASSET_PACKS_IN_PRODUCT_BUNDLE=NO
               export ENABLE_APPINTENTS_DEPLOYMENT_AWARE_PROCESSING=YES
               export ENABLE_APPLE_KEXT_CODE_GENERATION=NO
               export ENABLE_APP_SANDBOX=NO
               export ENABLE_ASSISTANT_INTENTS_PROVIDER_VALIDATION=YES
               export ENABLE_BITCODE=NO
               export ENABLE_CODE_COVERAGE=YES
               export ENABLE_COHORT_ARCHS=NO
               export ENABLE_CPLUSPLUS_BOUNDS_SAFE_BUFFERS=NO
               export ENABLE_C_BOUNDS_SAFETY=NO
               export ENABLE_DEBUG_DYLIB=YES
               export ENABLE_DEFAULT_HEADER_SEARCH_PATHS=YES
               export ENABLE_DEFAULT_SEARCH_PATHS=YES
               export ENABLE_ENHANCED_SECURITY=NO
               export ENABLE_FILE_ACCESS_DOWNLOADS_FOLDER=
               export ENABLE_FILE_ACCESS_MOVIES_FOLDER=
               export ENABLE_FILE_ACCESS_MUSIC_FOLDER=
               export ENABLE_FILE_ACCESS_PICTURE_FOLDER=
               export ENABLE_HARDENED_RUNTIME=NO
               export ENABLE_HEADER_DEPENDENCIES=YES
               export ENABLE_INCOMING_NETWORK_CONNECTIONS=NO
               export ENABLE_INCREMENTAL_DISTILL=NO
               export ENABLE_MODULE_VERIFIER=NO
               export ENABLE_NS_ASSERTIONS=YES
               export ENABLE_ONLY_ACTIVE_RESOURCES=YES
               export ENABLE_ON_DEMAND_RESOURCES=YES
               export ENABLE_OUTGOING_NETWORK_CONNECTIONS=NO
               export ENABLE_POINTER_AUTHENTICATION=NO
               export ENABLE_PREVIEWS=
               export ENABLE_RESOURCE_ACCESS_AUDIO_INPUT=NO
               export ENABLE_RESOURCE_ACCESS_BLUETOOTH=NO
               export ENABLE_RESOURCE_ACCESS_CALENDARS=NO
               export ENABLE_RESOURCE_ACCESS_CAMERA=NO
               export ENABLE_RESOURCE_ACCESS_CONTACTS=NO
               export ENABLE_RESOURCE_ACCESS_LOCATION=NO
               export ENABLE_RESOURCE_ACCESS_PHOTO_LIBRARY=NO
               export ENABLE_RESOURCE_ACCESS_PRINTING=NO
               export ENABLE_RESOURCE_ACCESS_USB=NO
               export ENABLE_SDK_IMPORTS=NO
               export ENABLE_SECURITY_COMPILER_WARNINGS=NO
               export ENABLE_STRICT_OBJC_MSGSEND=YES
               export ENABLE_SWIFT_6_UPCOMING_FEATURES_IN_SWIFT_VERSION_6_0=YES
               export ENABLE_SYSTEM_SANITIZERS=
               export ENABLE_TESTABILITY=YES
               export ENABLE_TESTING_SEARCH_PATHS=NO
               export ENABLE_USER_SCRIPT_SANDBOXING=NO
               export ENABLE_USER_SELECTED_FILES=
               export ENFORCE_VALID_ARCHS=YES
               export ENTITLEMENTS_ALLOWED=YES
               export ENTITLEMENTS_DESTINATION=Signature
               export ENTITLEMENTS_REQUIRED=NO
               export EXCLUDED_ARCHS=armv7
               export EXCLUDED_EXPLICIT_TARGET_DEPENDENCIES=
               export EXCLUDED_INSTALLSRC_SUBDIRECTORY_PATTERNS=".DS_Store .svn .git .hg CVS"
               export EXCLUDED_RECURSIVE_SEARCH_PATH_SUBDIRECTORIES="*.nib *.lproj *.framework *.gch *.xcode* *.xcassets *.icon (*) .DS_Store CVS .svn .git .hg *.pbproj *.pbxproj"
               export EXCLUDED_SOURCE_FILE_NAMES=
               export EXECUTABLES_FOLDER_PATH=Runner.app/Executables
               export EXECUTABLE_EXTENSION=
               export EXECUTABLE_FOLDER_PATH=Runner.app
               export EXECUTABLE_FOLDER_PATH_SHALLOW_BUNDLE_NO=Runner.app/MacOS
               export EXECUTABLE_FOLDER_PATH_SHALLOW_BUNDLE_YES=Runner.app
               export EXECUTABLE_NAME=Runner
               export EXECUTABLE_PATH=Runner.app/Runner
               export EXECUTABLE_PREFIX=
               export EXECUTABLE_SUFFIX=
               export EXECUTABLE_VARIANT_SUFFIX=
               export EXPORTED_SYMBOLS_FILE=
               export EXTENSIONS_FOLDER_PATH=Runner.app/Extensions
               export ExpandBuildSettings=
               export FILE_LIST=/Users/macair/Library/Developer/Xcode/DerivedData/Runner-drisucxfldzxzqdqixhnzsaitavw/Build/Intermediates.noindex/Runner.build/Debug-iphoneos/Runner.build/Objects/LinkFileList
               export FIXED_FILES_DIR=/Users/macair/Library/Developer/Xcode/DerivedData/Runner-drisucxfldzxzqdqixhnzsaitavw/Build/Intermediates.noindex/Runner.build/Debug-iphoneos/Runner.build/FixedFiles
               export FLUTTER_ALREADY_LOCKED=true
               export FLUTTER_APPLICATION_PATH=/Users/macair/Documents/food_diary
               export FLUTTER_BUILD_DIR=build
               export FLUTTER_BUILD_NAME=1.0.0
               export FLUTTER_BUILD_NUMBER=1
               export FLUTTER_FRAMEWORK_SWIFT_PACKAGE_PATH=/Users/macair/Documents/food_diary/ios/Flutter/ephemeral/Packages/.packages/FlutterFramework
               export FLUTTER_ROOT=/Users/macair/development/flutter
               export FLUTTER_SUPPRESS_ANALYTICS=true
               export FLUTTER_TARGET=/Users/macair/Documents/food_diary/lib/main.dart
               export FPATH="/opt/homebrew/share/zsh/site-functions:/opt/homebrew/share/zsh/site-functions:/usr/local/share/zsh/site-functions:/usr/share/zsh/site-functions:/usr/share/zsh/5.9/functions"
               export FRAMEWORKS_FOLDER_PATH=Runner.app/Frameworks
               export FRAMEWORK_FLAG_PREFIX=-framework
               export FRAMEWORK_SEARCH_PATHS=
               export FRAMEWORK_VERSION=A
               export FULL_PRODUCT_NAME=Runner.app
               export FUSE_BUILD_PHASES=YES
               export FUSE_BUILD_SCRIPT_PHASES=NO
               export GCC3_VERSION=3.3
               export GCC_CHAR_IS_UNSIGNED_CHAR=NO
               export GCC_CW_ASM_SYNTAX=YES
               export GCC_C_LANGUAGE_STANDARD=gnu99
               export GCC_DEBUG_INFORMATION_FORMAT=dwarf
               export GCC_DEBUG_INFORMATION_VERSION=compiler-default
               export GCC_DYNAMIC_NO_PIC=NO
               export GCC_ENABLE_ASM_KEYWORD=YES
               export GCC_ENABLE_BUILTIN_FUNCTIONS=YES
               export GCC_ENABLE_CPP_EXCEPTIONS=YES
               export GCC_ENABLE_CPP_RTTI=YES
               export GCC_ENABLE_EXCEPTIONS=NO
               export GCC_ENABLE_FLOATING_POINT_LIBRARY_CALLS=NO
               export GCC_ENABLE_KERNEL_DEVELOPMENT=NO
               export GCC_ENABLE_OBJC_EXCEPTIONS=YES
               export GCC_ENABLE_PASCAL_STRINGS=YES
               export GCC_ENABLE_SSE3_EXTENSIONS=NO
               export GCC_ENABLE_SSE41_EXTENSIONS=NO
               export GCC_ENABLE_SSE42_EXTENSIONS=NO
               export GCC_ENABLE_SUPPLEMENTAL_SSE3_INSTRUCTIONS=NO
               export GCC_ENABLE_TRIGRAPHS=NO
               export GCC_FAST_MATH=NO
               export GCC_GENERATE_DEBUGGING_SYMBOLS=YES
               export GCC_GENERATE_TEST_COVERAGE_FILES=NO
               export GCC_INCREASE_PRECOMPILED_HEADER_SHARING=NO
               export GCC_INLINES_ARE_PRIVATE_EXTERN=YES
               export GCC_INPUT_FILETYPE=automatic
               export GCC_INSTRUMENT_PROGRAM_FLOW_ARCS=NO
               export GCC_LINK_WITH_DYNAMIC_LIBRARIES=YES
               export GCC_NO_COMMON_BLOCKS=YES
               export GCC_OBJC_ABI_VERSION=
               export GCC_OBJC_LEGACY_DISPATCH=NO
               export GCC_OPERATION=compile
               export GCC_OPTIMIZATION_LEVEL=0
               export GCC_PFE_FILE_C_DIALECTS="c objective-c c++ objective-c++"
               export GCC_PRECOMPILE_PREFIX_HEADER=
               export GCC_PREFIX_HEADER=
               export GCC_PREPROCESSOR_DEFINITIONS="DEBUG=1  COCOAPODS=1"
               export GCC_PREPROCESSOR_DEFINITIONS_NOT_USED_IN_PRECOMPS=
               export GCC_PRODUCT_TYPE_PREPROCESSOR_DEFINITIONS=
               export GCC_REUSE_STRINGS=YES
               export GCC_SHORT_ENUMS=NO
               export GCC_STRICT_ALIASING=YES
               export GCC_SYMBOLS_PRIVATE_EXTERN=NO
               export GCC_THREADSAFE_STATICS=YES
               export GCC_THUMB_SUPPORT=YES
               export GCC_TREAT_IMPLICIT_FUNCTION_DECLARATIONS_AS_ERRORS=NO
               export GCC_TREAT_INCOMPATIBLE_POINTER_TYPE_WARNINGS_AS_ERRORS=NO
               export GCC_TREAT_WARNINGS_AS_ERRORS=NO
               export GCC_UNROLL_LOOPS=NO
               export GCC_USE_GCC3_PFE_SUPPORT=
               export GCC_USE_STANDARD_INCLUDE_SEARCHING=YES
               export GCC_VERSION=
               export GCC_VERSION_IDENTIFIER=
               export GCC_WARN_64_TO_32_BIT_CONVERSION=YES
               export GCC_WARN_ABOUT_DEPRECATED_FUNCTIONS=YES
               export GCC_WARN_ABOUT_INVALID_OFFSETOF_MACRO=YES
               export GCC_WARN_ABOUT_MISSING_FIELD_INITIALIZERS=NO
               export GCC_WARN_ABOUT_MISSING_NEWLINE=NO
               export GCC_WARN_ABOUT_MISSING_PROTOTYPES=NO
               export GCC_WARN_ABOUT_POINTER_SIGNEDNESS=YES
               export GCC_WARN_ABOUT_RETURN_TYPE=YES_ERROR
               export GCC_WARN_ALLOW_INCOMPLETE_PROTOCOL=YES
               export GCC_WARN_CHECK_SWITCH_STATEMENTS=YES
               export GCC_WARN_FOUR_CHARACTER_CONSTANTS=NO
               export GCC_WARN_HIDDEN_VIRTUAL_FUNCTIONS=NO
               export GCC_WARN_INHIBIT_ALL_WARNINGS=NO
               export GCC_WARN_INITIALIZER_NOT_FULLY_BRACKETED=NO
               export GCC_WARN_MISSING_PARENTHESES=YES
               export GCC_WARN_MULTIPLE_DEFINITION_TYPES_FOR_SELECTOR=NO
               export GCC_WARN_NON_VIRTUAL_DESTRUCTOR=NO
               export GCC_WARN_PEDANTIC=NO
               export GCC_WARN_SHADOW=NO
               export GCC_WARN_SIGN_COMPARE=NO
               export GCC_WARN_STRICT_SELECTOR_MATCH=NO
               export GCC_WARN_TYPECHECK_CALLS_TO_PRINTF=YES
               export GCC_WARN_UNDECLARED_SELECTOR=YES
               export GCC_WARN_UNINITIALIZED_AUTOS=YES_AGGRESSIVE
               export GCC_WARN_UNKNOWN_PRAGMAS=NO
               export GCC_WARN_UNUSED_FUNCTION=YES
               export GCC_WARN_UNUSED_LABEL=NO
               export GCC_WARN_UNUSED_PARAMETER=NO
               export GCC_WARN_UNUSED_VALUE=YES
               export GCC_WARN_UNUSED_VARIABLE=YES
               export GENERATED_MODULEMAP_DIR=/Users/macair/Library/Developer/Xcode/DerivedData/Runner-drisucxfldzxzqdqixhnzsaitavw/Build/Intermediates.noindex/GeneratedModuleMaps-iphoneos
               export GENERATE_INFOPLIST_FILE=NO
               export GENERATE_INTERMEDIATE_TEXT_BASED_STUBS=YES
               export GENERATE_PKGINFO_FILE=YES
               export GENERATE_PRELINK_OBJECT_FILE=NO
               export GENERATE_PROFILING_CODE=NO
               export GENERATE_TEXT_BASED_STUBS=NO
               export GID=20
               export GIT_ASKPASS="/Users/macair/Desktop/Visual Studio Code.app/Contents/Resources/app/extensions/git/dist/askpass.sh"
               export GLOBAL_CFLAGS=
               export GROUP=staff
               export GeneratedPkgInfoFile=
               export HEADERMAP_FILE_FORMAT=traditional
               export HEADERMAP_INCLUDES_FLAT_ENTRIES_FOR_TARGET_BEING_BUILT=YES
               export HEADERMAP_INCLUDES_FRAMEWORK_ENTRIES_FOR_ALL_PRODUCT_TYPES=YES
               export HEADERMAP_INCLUDES_FRAMEWORK_ENTRIES_FOR_TARGETS_NOT_BEING_BUILT=YES
               export HEADERMAP_INCLUDES_NONPUBLIC_NONPRIVATE_HEADERS=YES
               export HEADERMAP_INCLUDES_PROJECT_HEADERS=YES
               export HEADERMAP_USES_FRAMEWORK_PREFIX_ENTRIES=YES
               export HEADERMAP_USES_VFS=NO
               export HEADER_DEPENDENCIES=
               export HEADER_SEARCH_PATHS=
               export HOME=/Users/macair
               export HOMEBREW_CELLAR=/opt/homebrew/Cellar
               export HOMEBREW_PREFIX=/opt/homebrew
               export HOMEBREW_REPOSITORY=/opt/homebrew
               export HOST_ARCH=arm64e
               export IBC_COMPILATION_MODE_FOR_IOS=
               export IBC_COMPILER_AUTO_ACTIVATE_CUSTOM_FONTS=YES
               export IBC_COMPILER_USE_NIBKEYEDARCHIVER_FOR_MACOS=NO
               export IBC_ERRORS=YES
               export IBC_EXEC=ibtool
               export IBC_FLATTEN_NIBS=YES
               export IBC_MODULE=Runner
               export IBC_NOTICES=YES
               export IBC_OTHER_FLAGS=
               export IBC_OVERRIDING_PLUGINS_AND_FRAMEWORKS_DIR=
               export IBC_PLUGINS=
               export IBC_PLUGIN_SEARCH_PATHS=
               export IBC_REGIONS_AND_STRINGS_FILES=
               export IBC_STRIP_NIBS=YES
               export IBC_WARNINGS=YES
               export IBSC_COMPILATION_MODE_FOR_IOS=
               export IBSC_COMPILER_AUTO_ACTIVATE_CUSTOM_FONTS=YES
               export IBSC_COMPILER_USE_NIBKEYEDARCHIVER_FOR_MACOS=NO
               export IBSC_ERRORS=YES
               export IBSC_FLATTEN_NIBS=YES
               export IBSC_MODULE=Runner
               export IBSC_NOTICES=YES
               export IBSC_OTHER_FLAGS=
               export IBSC_REGIONS_AND_STRINGS_FILES=
               export IBSC_STRIP_NIBS=YES
               export IBSC_WARNINGS=YES
               export ICONV=/usr/bin/iconv
               export IIG_CXX_LANGUAGE_STANDARD=gnu++0x
               export IIG_DERIVED_FILE_DIR=/Users/macair/Library/Developer/Xcode/DerivedData/Runner-drisucxfldzxzqdqixhnzsaitavw/Build/Intermediates.noindex/Runner.build/Debug-iphoneos/Runner.build/DerivedSources/Runner
               export IIG_EXEC=iig
               export IIG_FRAMEWORK_NAME=Runner
               export IIG_HEADERS_DIR=/Users/macair/Library/Developer/Xcode/DerivedData/Runner-drisucxfldzxzqdqixhnzsaitavw/Build/Intermediates.noindex/Runner.build/Debug-iphoneos/Runner.build/DerivedSources/Runner
               export IIG_IMPLEMENTATION_DIR=/Users/macair/Library/Developer/Xcode/DerivedData/Runner-drisucxfldzxzqdqixhnzsaitavw/Build/Intermediates.noindex/Runner.build/Debug-iphoneos/Runner.build/DerivedSources/Runner
               export IIG_PREPROCESSOR_DEFINITIONS=__IIG=1
               export IMPLICIT_DEPENDENCY_DOMAIN=default
               export INCLUDED_EXPLICIT_TARGET_DEPENDENCIES=
               export INCLUDED_RECURSIVE_SEARCH_PATH_SUBDIRECTORIES=
               export INCLUDED_SOURCE_FILE_NAMES=
               export INDEX_DATA_STORE_DIR=/Users/macair/Library/Developer/Xcode/DerivedData/Runner-drisucxfldzxzqdqixhnzsaitavw/Index.noindex/DataStore
               export INDEX_ENABLE_DATA_STORE=YES
               export INDEX_PRECOMPS_DIR=/Users/macair/Library/Developer/Xcode/DerivedData/Runner-drisucxfldzxzqdqixhnzsaitavw/Index.noindex/PrecompiledHeaders
               export INDEX_STORE_COMPRESS=NO
               export INDEX_STORE_ONLY_PROJECT_FILES=NO
               export INFOPATH="/opt/homebrew/share/info:/opt/homebrew/share/info:"
               export INFOPLIST_ENABLE_CFBUNDLEICONS_MERGE=YES
               export INFOPLIST_EXPAND_BUILD_SETTINGS=YES
               export INFOPLIST_FILE=Runner/Info.plist
               export INFOPLIST_KEY_CFBundleDisplayName=
               export INFOPLIST_KEY_CLKComplicationPrincipalClass=
               export INFOPLIST_KEY_GCSupportsControllerUserInteraction=
               export INFOPLIST_KEY_GCSupportsGameMode=
               export INFOPLIST_KEY_ITSAppUsesNonExemptEncryption=
               export INFOPLIST_KEY_ITSEncryptionExportComplianceCode=
               export INFOPLIST_KEY_LSApplicationCategoryType=
               export INFOPLIST_KEY_LSBackgroundOnly=
               export INFOPLIST_KEY_LSSupportsOpeningDocumentsInPlace=
               export INFOPLIST_KEY_LSUIElement=
               export INFOPLIST_KEY_MetalCaptureEnabled=
               export INFOPLIST_KEY_NFCReaderUsageDescription=
               export INFOPLIST_KEY_NSAccessoryTrackingUsageDescription=
               export INFOPLIST_KEY_NSAppDataUsageDescription=
               export INFOPLIST_KEY_NSAppleEventsUsageDescription=
               export INFOPLIST_KEY_NSAppleMusicUsageDescription=
               export INFOPLIST_KEY_NSBluetoothAlwaysUsageDescription=
               export INFOPLIST_KEY_NSBluetoothPeripheralUsageDescription=
               export INFOPLIST_KEY_NSBluetoothWhileInUseUsageDescription=
               export INFOPLIST_KEY_NSCalendarsFullAccessUsageDescription=
               export INFOPLIST_KEY_NSCalendarsUsageDescription=
               export INFOPLIST_KEY_NSCalendarsWriteOnlyAccessUsageDescription=
               export INFOPLIST_KEY_NSCameraUsageDescription=
               export INFOPLIST_KEY_NSContactsUsageDescription=
               export INFOPLIST_KEY_NSCriticalMessagingUsageDescription=
               export INFOPLIST_KEY_NSDesktopFolderUsageDescription=
               export INFOPLIST_KEY_NSDocumentsFolderUsageDescription=
               export INFOPLIST_KEY_NSDownloadsFolderUsageDescription=
               export INFOPLIST_KEY_NSFaceIDUsageDescription=
               export INFOPLIST_KEY_NSFallDetectionUsageDescription=
               export INFOPLIST_KEY_NSFileProviderDomainUsageDescription=
               export INFOPLIST_KEY_NSFileProviderPresenceUsageDescription=
               export INFOPLIST_KEY_NSFinancialDataUsageDescription=
               export INFOPLIST_KEY_NSFocusStatusUsageDescription=
               export INFOPLIST_KEY_NSGKFriendListUsageDescription=
               export INFOPLIST_KEY_NSHandsTrackingUsageDescription=
               export INFOPLIST_KEY_NSHealthClinicalHealthRecordsShareUsageDescription=
               export INFOPLIST_KEY_NSHealthShareUsageDescription=
               export INFOPLIST_KEY_NSHealthUpdateUsageDescription=
               export INFOPLIST_KEY_NSHomeKitUsageDescription=
               export INFOPLIST_KEY_NSHumanReadableCopyright=
               export INFOPLIST_KEY_NSIdentityUsageDescription=
               export INFOPLIST_KEY_NSLocalNetworkUsageDescription=
               export INFOPLIST_KEY_NSLocationAlwaysAndWhenInUseUsageDescription=
               export INFOPLIST_KEY_NSLocationAlwaysUsageDescription=
               export INFOPLIST_KEY_NSLocationTemporaryUsageDescriptionDictionary=
               export INFOPLIST_KEY_NSLocationUsageDescription=
               export INFOPLIST_KEY_NSLocationWhenInUseUsageDescription=
               export INFOPLIST_KEY_NSMainCameraUsageDescription=
               export INFOPLIST_KEY_NSMainNibFile=
               export INFOPLIST_KEY_NSMainStoryboardFile=
               export INFOPLIST_KEY_NSMicrophoneUsageDescription=
               export INFOPLIST_KEY_NSMotionUsageDescription=
               export INFOPLIST_KEY_NSNearbyInteractionAllowOnceUsageDescription=
               export INFOPLIST_KEY_NSNearbyInteractionUsageDescription=
               export INFOPLIST_KEY_NSNetworkVolumesUsageDescription=
               export INFOPLIST_KEY_NSPhotoLibraryAddUsageDescription=
               export INFOPLIST_KEY_NSPhotoLibraryUsageDescription=
               export INFOPLIST_KEY_NSPrincipalClass=
               export INFOPLIST_KEY_NSRemindersFullAccessUsageDescription=
               export INFOPLIST_KEY_NSRemindersUsageDescription=
               export INFOPLIST_KEY_NSRemovableVolumesUsageDescription=
               export INFOPLIST_KEY_NSSensorKitPrivacyPolicyURL=
               export INFOPLIST_KEY_NSSensorKitUsageDescription=
               export INFOPLIST_KEY_NSSiriUsageDescription=
               export INFOPLIST_KEY_NSSpeechRecognitionUsageDescription=
               export INFOPLIST_KEY_NSStickerSharingLevel=
               export INFOPLIST_KEY_NSSupportsLiveActivities=
               export INFOPLIST_KEY_NSSupportsLiveActivitiesFrequentUpdates=
               export INFOPLIST_KEY_NSSystemAdministrationUsageDescription=
               export INFOPLIST_KEY_NSSystemExtensionUsageDescription=
               export INFOPLIST_KEY_NSUserTrackingUsageDescription=
               export INFOPLIST_KEY_NSVideoSubscriberAccountUsageDescription=
               export INFOPLIST_KEY_NSVoIPUsageDescription=
               export INFOPLIST_KEY_NSWorldSensingUsageDescription=
               export INFOPLIST_KEY_OSBundleUsageDescription=
               export INFOPLIST_KEY_UIApplicationSceneManifest_Generation=
               export INFOPLIST_KEY_UIApplicationSupportsIndirectInputEvents=
               export INFOPLIST_KEY_UILaunchScreen_Generation=
               export INFOPLIST_KEY_UILaunchStoryboardName=
               export INFOPLIST_KEY_UIMainStoryboardFile=
               export INFOPLIST_KEY_UIRequiresFullScreen=
               export INFOPLIST_KEY_UIStatusBarHidden=
               export INFOPLIST_KEY_UIStatusBarStyle=
               export INFOPLIST_KEY_UISupportsDocumentBrowser=
               export INFOPLIST_KEY_UIUserInterfaceStyle=
               export INFOPLIST_KEY_WKCompanionAppBundleIdentifier=
               export INFOPLIST_KEY_WKExtensionDelegateClassName=
               export INFOPLIST_KEY_WKRunsIndependentlyOfCompanionApp=
               export INFOPLIST_KEY_WKWatchOnly=
               export INFOPLIST_OTHER_PREPROCESSOR_FLAGS=
               export INFOPLIST_OUTPUT_FORMAT=binary
               export INFOPLIST_PATH=Runner.app/Info.plist
               export INFOPLIST_PREFIX_HEADER=
               export INFOPLIST_PREPROCESS=NO
               export INFOPLIST_PREPROCESSOR_DEFINITIONS=
               export INFOSTRINGS_PATH=Runner.app/en.lproj/InfoPlist.strings
               export INIT_ROUTINE=
               export INLINE_PRIVATE_FRAMEWORKS=NO
               export INSTALLAPI_IGNORE_SKIP_INSTALL=YES
               export INSTALLHDRS_COPY_PHASE=NO
               export INSTALLHDRS_SCRIPT_PHASE=NO
               export INSTALL_DIR=/tmp/Runner.dst/Applications
               export INSTALL_GROUP=staff
               export INSTALL_MODE_FLAG=u+w,go-w,a+rX
               export INSTALL_OWNER=macair
               export INSTALL_PATH=/Applications
               export INSTALL_ROOT=/tmp/Runner.dst
               export INSTRUMENTS_PACKAGE_BUILDER=instrumentbuilder
               export INSTRUMENTS_PACKAGE_BUILDER_DEPENDENCY_INFO_FILE=/Users/macair/Library/Developer/Xcode/DerivedData/Runner-drisucxfldzxzqdqixhnzsaitavw/Build/Intermediates.noindex/Runner.build/Debug-iphoneos/Runner.build/instruments-package-builder.dependencies
               export INSTRUMENTS_PACKAGE_BUILDER_LINKED_PACKAGES=
               export INSTRUMENTS_PACKAGE_BUILDER_NO_SYSTEM_SEARCH=NO
               export INSTRUMENTS_PACKAGE_BUILDER_SEARCH_PATHS=/Users/macair/Documents/food_diary/build/ios/Debug-iphoneos
               export INSTRUMENTS_PACKAGE_BUILDER_VERSION_OVERRIDE=
               export INTENTS_CODEGEN_LANGUAGE=Automatic
               export IPHONEOS_DEPLOYMENT_TARGET=13.0
               export IS_MACCATALYST=
               export InfoPlistPath=
               export JAVAC_DEFAULT_FLAGS="-J-Xms64m -J-XX:NewSize=4M -J-Dfile.encoding=UTF8"
               export JAVA_APP_STUB=/System/Library/Frameworks/JavaVM.framework/Resources/MacOS/JavaApplicationStub
               export JAVA_ARCHIVE_CLASSES=YES
               export JAVA_ARCHIVE_TYPE=JAR
               export JAVA_COMPILER=/usr/bin/javac
               export JAVA_FOLDER_PATH=Runner.app/Java
               export JAVA_FRAMEWORK_JARS=
               export JAVA_FRAMEWORK_RESOURCES_DIRS=Resources
               export JAVA_JAR_FLAGS=cv
               export JAVA_SOURCE_SUBDIR=.
               export JAVA_USE_DEPENDENCIES=YES
               export JAVA_ZIP_FLAGS=-urg
               export JIKES_DEFAULT_FLAGS="+E +OLDCSO"
               export KASAN_CFLAGS_CLASSIC="-DKASAN=1 -DKASAN_CLASSIC=1 -fsanitize=address -mllvm -asan-globals-live-support -mllvm -asan-force-dynamic-shadow"
               export KASAN_CFLAGS_TBI="-DKASAN=1 -DKASAN_TBI=1 -fsanitize=kernel-hwaddress -mllvm -hwasan-recover=0 -mllvm -hwasan-instrument-atomics=0 -mllvm -hwasan-instrument-stack=1 -mllvm -hwasan-generate-tags-with-calls=1 -mllvm -hwasan-instrument-with-calls=1 -mllvm -hwasan-use-short-granules=0 -mllvm -hwasan-memory-access-callback-prefix=__asan_"
               export KASAN_DEFAULT_CFLAGS="-DKASAN=1 -DKASAN_CLASSIC=1 -fsanitize=address -mllvm -asan-globals-live-support -mllvm -asan-force-dynamic-shadow"
               export KEEP_PRIVATE_EXTERNS=NO
               export KEXT_CFLAGS=
               export KEXT_CPLUSPLUSFLAGS=
               export LANG=C.UTF-8
               export LAUNCH_CONSTRAINT_PARENT=
               export LAUNCH_CONSTRAINT_RESPONSIBLE=
               export LAUNCH_CONSTRAINT_SELF=
               export LD_ADDRESS_SANITIZER=-fsanitize=address
               export LD_ADDRESS_SANITIZER_clang=-fsanitize=address
               export LD_ADDRESS_SANITIZER_swiftc=-sanitize=address
               export LD_ADD_MERGEABLE_DEBUG_HOOK=
               export LD_CLIENT_NAME=
               export LD_COHORT_ARCHS=
               export LD_DEBUG_VARIANT=YES
               export LD_DEPENDENCY_INFO_FILE=/undefined_arch/Runner_dependency_info.dat
               export LD_DETERMINISTIC_MODE=YES
               export LD_DONT_RUN_DEDUPLICATION=YES
               export LD_DYLIB_ALLOWABLE_CLIENTS=
               export LD_DYLIB_INSTALL_NAME=
               export LD_ENTITLEMENTS_SECTION=
               export LD_ENTITLEMENTS_SECTION_DER=
               export LD_ENTRY_POINT=
               export LD_ENVIRONMENT=
               export LD_EXPORT_GLOBAL_SYMBOLS=YES
               export LD_EXPORT_SYMBOLS=YES
               export LD_FINAL_OUTPUT_FILE=/Applications/Runner.app/Runner
               export LD_FLAGS=
               export LD_GENERATE_MAP_FILE=NO
               export LD_LTO_OBJECT_FILE=/undefined_arch/Runner_lto.o
               export LD_MAKE_MERGEABLE=NO
               export LD_MAP_FILE_PATH=/Users/macair/Library/Developer/Xcode/DerivedData/Runner-drisucxfldzxzqdqixhnzsaitavw/Build/Intermediates.noindex/Runner.build/Debug-iphoneos/Runner.build/Runner-LinkMap-normal-undefined_arch.txt
               export LD_NO_PIE=NO
               export LD_OBJC_ABI_VERSION=
               export LD_OBJC_RUNTIME_ARGS=-fobjc-link-runtime
               export LD_OBJC_RUNTIME_ARGS_clang=-fobjc-link-runtime
               export LD_OBJC_RUNTIME_ARGS_swiftc=-link-objc-runtime
               export LD_OPTIMIZATION_LEVEL=0
               export LD_QUOTE_LINKER_ARGUMENTS_FOR_COMPILER_DRIVER=YES
               export LD_RUNPATH_SEARCH_PATHS=" '@executable_path/Frameworks' '@loader_path/Frameworks' @executable_path/Frameworks"
               export LD_RUNPATH_SEARCH_PATHS_YES="@loader_path/../Frameworks"
               export LD_SDK_IMPORTS_FILE=/undefined_arch/Runner_normal_undefined_arch_sdk_imports.json
               export LD_SHARED_CACHE_ELIGIBLE=Automatic
               export LD_SKIP_MERGEABLE_LIBRARY_BUNDLE_HOOK=NO
               export LD_SUPPRESS_WARNINGS=NO
               export LD_TARGET_TRIPLE_ARCHS=undefined_arch
               export LD_THREAD_SANITIZER=
               export LD_WARN_DUPLICATE_LIBRARIES=NO
               export LD_WARN_UNUSED_DYLIBS=NO
               export LEGACY_DEVELOPER_DIR=/Applications/Xcode.app/Contents/Developer/PlugIns/Xcode3Core.ideplugin/Contents/SharedSupport/Developer
               export LEX=lex
               export LEXFLAGS=
               export LEX_CASE_INSENSITIVE_SCANNER=NO
               export LEX_INSERT_LINE_DIRECTIVES=YES
               export LEX_SUPPRESS_DEFAULT_RULE=NO
               export LEX_SUPPRESS_WARNINGS=NO
               export LIBRARY_DEXT_INSTALL_PATH=/Library/DriverExtensions
               export LIBRARY_FLAG_NOSPACE=YES
               export LIBRARY_FLAG_PREFIX=-l
               export LIBRARY_KEXT_INSTALL_PATH=/Library/Extensions
               export LIBRARY_LOAD_CONSTRAINT=
               export LIBRARY_SEARCH_PATHS=
               export LIBTOOL=libtool
               export LIBTOOL_ARCH=undefined_arch
               export LIBTOOL_COHORT_ARCHS=
               export LIBTOOL_DEPENDENCY_INFO_FILE=/undefined_arch/Runner_libtool_dependency_info.dat
               export LIBTOOL_DEPLOYMENT_TARGET=13.0
               export LIBTOOL_DETERMINISTIC_MODE=YES
               export LIBTOOL_FILE_LIST_FORMAT=unescapedNewlineSeparated
               export LIBTOOL_USE_RESPONSE_FILE=YES
               export LINKER_DISPLAYS_MANGLED_NAMES=NO
               export LINKER_DRIVER=clang
               export LINKER_FILE_LIST_FORMAT=unescapedNewlineSeparated
               export LINKER_FILE_LIST_FORMAT_clang=unescapedNewlineSeparated
               export LINKER_FILE_LIST_FORMAT_swiftc=unixShellQuotedSpaceSeparated
               export LINKER_LIBRARY_FLAGS=
               export LINKER_RESPONSE_FILE_FORMAT=unixShellQuotedSpaceSeparated
               export LINK_WITH_STANDARD_LIBRARIES=YES
               export LLVM_IMPLICIT_AGGRESSIVE_OPTIMIZATIONS=NO
               export LLVM_LTO=NO
               export LLVM_OPTIMIZATION_LEVEL_VAL_0=NO
               export LLVM_OPTIMIZATION_LEVEL_VAL_1=NO
               export LLVM_OPTIMIZATION_LEVEL_VAL_2=NO
               export LLVM_OPTIMIZATION_LEVEL_VAL_3=NO
               export LLVM_OPTIMIZATION_LEVEL_VAL_fast=YES
               export LLVM_OPTIMIZATION_LEVEL_VAL_s=NO
               export LLVM_OPTIMIZATION_LEVEL_VAL_z=NO
               export LLVM_TARGET_TRIPLE_OS_VERSION=ios13.0
               export LLVM_TARGET_TRIPLE_SUFFIX=
               export LLVM_TARGET_TRIPLE_VENDOR=apple
               export LM_AUX_CONST_METADATA_LIST_PATH=
               export LM_AUX_INTENTS_METADATA_FILES_LIST_PATH=/Users/macair/Library/Developer/Xcode/DerivedData/Runner-drisucxfldzxzqdqixhnzsaitavw/Build/Intermediates.noindex/Runner.build/Debug-iphoneos/Runner.build/Runner.DependencyMetadataFileList
               export LM_AUX_INTENTS_STATIC_METADATA_FILES_LIST_PATH=/Users/macair/Library/Developer/Xcode/DerivedData/Runner-drisucxfldzxzqdqixhnzsaitavw/Build/Intermediates.noindex/Runner.build/Debug-iphoneos/Runner.build/Runner.DependencyStaticMetadataFileList
               export LM_BINARY_PATH=
               export LM_BUNDLE_IDENTIFIER=com.dashay.foodiary
               export LM_COMPILE_TIME_EXTRACTION=YES
               export LM_DEPENDENCY_FILES=
               export LM_ENABLE_APP_NAME_OVERRIDE=NO
               export LM_ENABLE_ASSISTANT_INTENT_APP_NAME_OVERRIDE=NO
               export LM_ENABLE_LINK_GENERATION=YES
               export LM_ENABLE_STRING_VALIDATION=YES
               export LM_FILTER_WARNINGS=NO
               export LM_FORCE_LINK_GENERATION=NO
               export LM_FORCE_METADATA_OUTPUT=NO
               export LM_NO_APP_SHORTCUT_LOCALIZATION=YES
               export LM_OUTPUT_DIR=
               export LM_STRINGSDATA_FILES=
               export LOCALIZABLE_CONTENT_DIR=
               export LOCALIZATION_EXPORT_SUPPORTED=YES
               export LOCALIZATION_PREFERS_STRING_CATALOGS=NO
               export LOCALIZED_RESOURCES_FOLDER_PATH=Runner.app/en.lproj
               export LOCALIZED_STRING_CODE_COMMENTS=NO
               export LOCALIZED_STRING_MACRO_NAMES="NSLocalizedString CFCopyLocalizedString"
               export LOCALIZED_STRING_SWIFTUI_SUPPORT=YES
               export LOCAL_ADMIN_APPS_DIR=/Applications/Utilities
               export LOCAL_APPS_DIR=/Applications
               export LOCAL_DEVELOPER_DIR=/Library/Developer
               export LOCAL_DEVELOPER_EXECUTABLES_DIR=
               export LOCAL_LIBRARY_DIR=/Library
               export LOCROOT=
               export LOCSYMROOT=
               export LOGNAME=macair
               export MACH_O_TYPE=mh_execute
               export MACOSX_DEPLOYMENT_TARGET=11.5
               export MACOS_CREATOR=
               export MACOS_CREATOR_ARG=
               export MACOS_TYPE=
               export MACOS_TYPE_ARG=
               export MAC_OS_X_PRODUCT_BUILD_VERSION=25G5028f
               export MAC_OS_X_VERSION_ACTUAL=260600
               export MAC_OS_X_VERSION_MAJOR=260000
               export MAC_OS_X_VERSION_MAX_ALLOWED=
               export MAC_OS_X_VERSION_MINOR=260600
               export MAC_OS_X_VERSION_MIN_REQUIRED=
               export MAKE_MERGEABLE=NO
               export MANPATH="/Applications/Xcode.app/Contents/Developer/Platforms/MacOSX.platform/Developer/SDKs/MacOSX.sdk/usr/share/man:/Applications/Xcode.app/Contents/Developer/Platforms/MacOSX.platform/usr/share/man:/Applications/Xcode.app/Contents/Developer/usr/share/man:/Applications/Xcode.app/Contents/Developer/Toolchains/XcodeDefault.xctoolchain/usr/share/man:"
               export MAPC_MODULE=Runner
               export MAPC_NO_WARNINGS=NO
               export MARKETING_VERSION=
               export MERGEABLE_LIBRARY=NO
               export MERGED_BINARY_TYPE=none
               export MERGE_LINKED_LIBRARIES=NO
               export METAL_INDEX_STORE_ONLY_PROJECT_FILES=NO
               export METAL_LIBRARY_FILE_BASE=default
               export METAL_LIBRARY_OUTPUT_DIR=/Users/macair/Documents/food_diary/build/ios/Debug-iphoneos/Runner.app
               export MIG_DEPLOYMENT_TARGET=13.0
               export MIG_EXEC=mig
               export MODULEMAP_FILE=
               export MODULEMAP_PRIVATE_FILE=
               export MODULES_FOLDER_PATH=Runner.app/Modules
               export MODULES_VERIFIER_EXEC=modules-verifier
               export MODULE_CACHE_DIR=/Users/macair/Library/Developer/Xcode/DerivedData/ModuleCache.noindex
               export MODULE_DEPENDENCIES=
               export MODULE_NAME=
               export MODULE_START=
               export MODULE_STOP=
               export MODULE_VERIFIER_LSV=NO
               export MODULE_VERIFIER_SUPPORTED_LANGUAGES=objective-c
               export MODULE_VERIFIER_TARGET_TRIPLE_ARCHS=arm64
               export MODULE_VERIFIER_VERBOSE=NO
               export MODULE_VERSION=
               export MOMC_MODULE=Runner
               export MOMC_NO_DELETE_RULE_WARNINGS=NO
               export MOMC_NO_INVERSE_RELATIONSHIP_WARNINGS=NO
               export MOMC_NO_MAX_PROPERTY_COUNT_WARNINGS=NO
               export MOMC_NO_WARNINGS=NO
               export MOMC_OUTPUT_SUFFIX=
               export MOMC_OUTPUT_SUFFIX__xcdatamodel=.mom
               export MOMC_OUTPUT_SUFFIX__xcdatamodeld=.momd
               export MOMC_SUPPRESS_INVERSE_TRANSIENT_ERROR=NO
               export MTLCOMPILER_DEPENDENCY_INFO_FILE=/Users/macair/Library/Developer/Xcode/DerivedData/Runner-drisucxfldzxzqdqixhnzsaitavw/Build/Intermediates.noindex/Runner.build/Debug-iphoneos/Runner.build/Metal/.dat
               export MTLCOMPILER_OUTPUT_FILE=/Users/macair/Library/Developer/Xcode/DerivedData/Runner-drisucxfldzxzqdqixhnzsaitavw/Build/Intermediates.noindex/Runner.build/Debug-iphoneos/Runner.build/Metal/.air
               export MTLLINKER_ALTERNATE_LINKER=
               export MTLLINKER_INCLUDE_SOURCE=
               export MTLLINKER_OUTPUT_FILE=
               export MTLLINKER_TARGET_TRIPLE=
               export MTL_COMPILER_FLAGS=
               export MTL_ENABLE_DEBUG_INFO=YES
               export MTL_ENABLE_INDEX_STORE=YES
               export MTL_ENABLE_MODULES=STDLIB
               export MTL_FAST_MATH=YES
               export MTL_FRAMEWORK_SEARCH_PATH_BUILT_PRODUCTS_DIR=
               export MTL_HEADER_SEARCH_PATHS=
               export MTL_HEADER_SEARCH_PATH_BUILT_PRODUCTS_DIR=
               export MTL_IGNORE_WARNINGS=NO
               export MTL_INDEX_STORE_PATH=/Users/macair/Library/Developer/Xcode/DerivedData/Runner-drisucxfldzxzqdqixhnzsaitavw/Index.noindex/DataStore
               export MTL_LANGUAGE_REVISION=UseDeploymentTarget
               export MTL_LANGUAGE_REVISION_dialect=ios
               export MTL_LANGUAGE_REVISION_dialect_macosx=macos
               export MTL_LANGUAGE_REVISION_optgen=UseDeploymentTarget
               export MTL_MATH_FP32_FUNCTIONS=FAST
               export MTL_MATH_FP32_FUNCTIONS_derived_NO=PRECISE
               export MTL_MATH_MODE=FAST
               export MTL_MATH_MODE_derived_NO=SAFE
               export MTL_OPTIMIZATION_LEVEL=default
               export MTL_TARGET_TRIPLE=air64-apple-ios13.0
               export MTL_TREAT_WARNINGS_AS_ERRORS=NO
               export MallocNanoZone=0
               export NATIVE_ARCH=arm64e
               export NATIVE_ARCH_32_BIT=i386
               export NATIVE_ARCH_64_BIT=arm64e
               export NATIVE_ARCH_ACTUAL=arm64e
               export NO_COMMON=YES
               export OBJECT_FILE_ASSEMBLER_LINKER_RESPONSE_FILE_FORMAT=unixShellQuotedSpaceSeparated
               export OBJECT_FILE_DIR=/Users/macair/Library/Developer/Xcode/DerivedData/Runner-drisucxfldzxzqdqixhnzsaitavw/Build/Intermediates.noindex/Runner.build/Debug-iphoneos/Runner.build/Objects
               export OBJROOT=/Users/macair/Library/Developer/Xcode/DerivedData/Runner-drisucxfldzxzqdqixhnzsaitavw/Build/Intermediates.noindex
               export ONLY_ACTIVE_ARCH=YES
               export OPENCLC=/System/Library/Frameworks/OpenCL.framework/Libraries/openclc
               export OPENCL_ARCHS="i386 x86_64 gpu_32 gpu_64"
               export OPENCL_AUTO_VECTORIZE_ENABLE=YES
               export OPENCL_COMPILER_VERSION=CL1.1
               export OPENCL_DENORMS_ARE_ZERO=NO
               export OPENCL_DOUBLE_AS_SINGLE=NO
               export OPENCL_FAST_RELAXED_MATH=NO
               export OPENCL_MAD_ENABLE=NO
               export OPENCL_OPTIMIZATION_LEVEL=s
               export OPTIMIZATION_CFLAGS=
               export ORDER_FILE=
               export OS=MACOS
               export OSAC=/usr/bin/osacompile
               export OSACOMPILE_EXECUTE_ONLY=NO
               export OSLogRateLimit=64
               export OTHER_CLANG_MODULES_VERIFIER_FLAGS=
               export OTHER_CODE_SIGN_FLAGS=
               export OTHER_CPLUSPLUSFLAGS=
               export OTHER_IIG_CFLAGS=
               export OTHER_IIG_FLAGS=
               export OTHER_LDFLAGS=
               export OTHER_LDRFLAGS=
               export OTHER_LIBTOOLFLAGS=
               export OTHER_MIGFLAGS=
               export OTHER_MODULE_VERIFIER_FLAGS=" \"-F/Users/macair/Documents/food_diary/build/ios/Debug-iphoneos/Flutter\""
               export OTHER_OSACOMPILEFLAGS=
               export OTHER_OSAFLAGS=
               export OTHER_PRECOMP_CFLAGS=
               export OTHER_RESMERGERFLAGS=
               export OTHER_REZFLAGS=
               export OTHER_SWIFT_STDLIB_TOOL_FLAGS=
               export OTHER_TAPI_FLAGS=
               export OutputFormat=
               export PACKAGE_CONFIG=/Users/macair/Documents/food_diary/.dart_tool/package_config.json
               export PACKAGE_TYPE=com.apple.package-type.wrapper.application
               export PASCAL_STRINGS=YES
               export PATH="/Applications/Xcode.app/Contents/Developer/usr/bin:/Users/macair/development/flutter/bin/:/Users/macair/Library/Application Support/Code/User/globalStorage/github.copilot-chat/debugCommand:/Users/macair/Library/Application Support/Code/User/globalStorage/github.copilot-chat/copilotCli:/opt/homebrew/bin:/opt/homebrew/sbin:/usr/local/bin:/System/Cryptexes/App/usr/bin:/usr/bin:/bin:/usr/sbin:/sbin:/var/run/com.apple.security.cryptexd/codex.system/bootstrap/usr/local/bin:/var/run/com.apple.security.cryptexd/codex.system/bootstrap/usr/bin:/var/run/com.apple.security.cryptexd/codex.system/bootstrap/usr/appleinternal/bin:/pkg/env/global/bin:/Library/Apple/usr/bin:/Users/macair/Desktop/coffee trail/flutter/bin:/Users/macair/Library/Application Support/Code/User/globalStorage/github.copilot-chat/debugCommand:/Users/macair/Library/Application Support/Code/User/globalStorage/github.copilot-chat/copilotCli:/Users/macair/development/flutter/bin/:/Users/macair/development/flutter/bin:/Users/macair/development/flutter/bin:/Users/macair/development/flutter/bin:/Users/macair/development/flutter/bin:/Users/macair/development/flutter/bin"
               export PATH_PREFIXES_EXCLUDED_FROM_HEADER_DEPENDENCIES="/usr/include /usr/local/include /System/Library/Frameworks /System/Library/PrivateFrameworks /Applications/Xcode.app/Contents/Developer/Headers /Applications/Xcode.app/Contents/Developer/SDKs /Applications/Xcode.app/Contents/Developer/Platforms"
               export PBDEVELOPMENTPLIST_PATH=Runner.app/pbdevelopment.plist
               export PBXCP_BITCODE_STRIP_MODE=
               export PBXCP_BITCODE_STRIP_TOOL=
               export PBXCP_EXCLUDE_SUBPATHS=
               export PBXCP_IGNORE_MISSING_INPUTS=NO
               export PBXCP_INCLUDE_ONLY_SUBPATHS=
               export PBXCP_STRIP_BITCODE=NO
               export PBXCP_STRIP_SUBPATHS=
               export PBXCP_STRIP_TOOL=
               export PBXCP_STRIP_UNSIGNED_BINARIES=NO
               export PER_ARCH_MODULE_FILE_DIR=/Modules
               export PFE_FILE_C_DIALECTS=
               export PKGINFO_PATH=Runner.app/PkgInfo
               export PLATFORM_DEVELOPER_APPLICATIONS_DIR=/Applications/Xcode.app/Contents/Developer/Platforms/iPhoneOS.platform/Developer/Applications
               export PLATFORM_DEVELOPER_BIN_DIR=/Applications/Xcode.app/Contents/Developer/Platforms/iPhoneOS.platform/Developer/usr/bin
               export PLATFORM_DEVELOPER_LIBRARY_DIR=/Applications/Xcode.app/Contents/Developer/Platforms/iPhoneOS.platform/Developer/Library
               export PLATFORM_DEVELOPER_SDK_DIR=/Applications/Xcode.app/Contents/Developer/Platforms/iPhoneOS.platform/Developer/SDKs
               export PLATFORM_DEVELOPER_TOOLS_DIR=/Applications/Xcode.app/Contents/Developer/Platforms/iPhoneOS.platform/Developer/Tools
               export PLATFORM_DEVELOPER_USR_DIR=/Applications/Xcode.app/Contents/Developer/Platforms/iPhoneOS.platform/Developer/usr
               export PLATFORM_DIR=/Applications/Xcode.app/Contents/Developer/Platforms/iPhoneOS.platform
               export PLATFORM_DISPLAY_NAME=iOS
               export PLATFORM_NAME=iphoneos
               export PLATFORM_PREFERRED_ARCH=undefined_arch
               export PLATFORM_PRODUCT_BUILD_VERSION=23F81a
               export PLIST_FILE_OUTPUT_FORMAT=binary
               export PLUGINS_FOLDER_PATH=Runner.app/PlugIns
               export PODS_BUILD_DIR=/Users/macair/Documents/food_diary/build/ios
               export PODS_CONFIGURATION_BUILD_DIR=/Users/macair/Documents/food_diary/build/ios/Debug-iphoneos
               export PODS_PODFILE_DIR_PATH=/Users/macair/Documents/food_diary/ios/.
               export PODS_ROOT=/Users/macair/Documents/food_diary/ios/Pods
               export PODS_XCFRAMEWORKS_BUILD_DIR=/Users/macair/Documents/food_diary/build/ios/Debug-iphoneos/XCFrameworkIntermediates
               export PRECOMPILE_PREFIX_HEADER=
               export PRECOMPS_INCLUDE_HEADERS_FROM_BUILT_PRODUCTS_DIR=YES
               export PRECOMP_DESTINATION_DIR=/Users/macair/Library/Developer/Xcode/DerivedData/Runner-drisucxfldzxzqdqixhnzsaitavw/Build/Intermediates.noindex/Runner.build/Debug-iphoneos/Runner.build/PrefixHeaders
               export PREFIX_CFLAG_BASE=
               export PREFIX_FLAGS=
               export PREFIX_HEADER=
               export PREFIX_REFERENCE=
               export PRELINK_FLAGS=
               export PRELINK_LIBS=
               export PRIVATE_HEADERS_FOLDER_PATH=Runner.app/PrivateHeaders
               export PROCESSED_INFOPLIST_PATH=/Users/macair/Library/Developer/Xcode/DerivedData/Runner-drisucxfldzxzqdqixhnzsaitavw/Build/Intermediates.noindex/Runner.build/Debug-iphoneos/Runner.build/Objects-normal/undefined_arch/Processed-Info.plist
               export PRODUCT_BUNDLE_IDENTIFIER=com.dashay.foodiary
               export PRODUCT_BUNDLE_PACKAGE_TYPE=APPL
               export PRODUCT_DEFINITION_PLIST=
               export PRODUCT_MODULE_NAME=Runner
               export PRODUCT_NAME=Runner
               export PRODUCT_TYPE=com.apple.product-type.application
               export PRODUCT_TYPE_SWIFT_STDLIB_TOOL_FLAGS=
               export PROFILING_CODE=NO
               export PROJECT=Runner
               export PROJECT_DERIVED_FILE_DIR=/Users/macair/Library/Developer/Xcode/DerivedData/Runner-drisucxfldzxzqdqixhnzsaitavw/Build/Intermediates.noindex/Runner.build/DerivedSources
               export PROJECT_DIR=/Users/macair/Documents/food_diary/ios
               export PROJECT_FILE_PATH=/Users/macair/Documents/food_diary/ios/Runner.xcodeproj
               export PROJECT_NAME=Runner
               export PROJECT_TEMP_DIR=/Users/macair/Library/Developer/Xcode/DerivedData/Runner-drisucxfldzxzqdqixhnzsaitavw/Build/Intermediates.noindex/Runner.build
               export PROJECT_TEMP_ROOT=/Users/macair/Library/Developer/Xcode/DerivedData/Runner-drisucxfldzxzqdqixhnzsaitavw/Build/Intermediates.noindex
               export PROVISIONING_PROFILE=
               export PROVISIONING_PROFILE_DESTINATION_PATH=/Users/macair/Documents/food_diary/build/ios/Debug-iphoneos/Runner.app
               export PROVISIONING_PROFILE_REQUIRED=YES
               export PROVISIONING_PROFILE_REQUIRED_YES_YES=YES
               export PROVISIONING_PROFILE_SPECIFIER=
               export PROVISIONING_PROFILE_SUPPORTED=YES
               export PUBLIC_HEADERS_FOLDER_PATH=Runner.app/Headers
               export PWD=/Users/macair/Documents/food_diary
               export REALITYASSET_DEPLOYMENT_TARGET=13.0
               export RECURSIVE_SEARCH_PATHS_FOLLOW_SYMLINKS=YES
               export REFERENCEOBJECT_STRIP_USDZ=NO
               export REGISTER_APP_GROUPS=
               export REMOVE_CVS_FROM_RESOURCES=YES
               export REMOVE_GIT_FROM_RESOURCES=YES
               export REMOVE_HEADERS_FROM_EMBEDDED_BUNDLES=YES
               export REMOVE_HEADER_DIRECTORIES=NO
               export REMOVE_HG_FROM_RESOURCES=YES
               export REMOVE_STATIC_EXECUTABLES_FROM_EMBEDDED_BUNDLES=YES
               export REMOVE_SVN_FROM_RESOURCES=YES
               export RESCHEDULE_INDEPENDENT_HEADERS_PHASES=YES
               export RESMERGER_SOURCES_FORK=auto
               export RESOURCES_PLATFORM_NAME=
               export RESOURCES_UI_FRAMEWORK_FAMILY=
               export RESOURCE_RULES_PLIST_PATH=
               export RETAIN_RAW_BINARIES=
               export REZ_COLLECTOR_DIR=/Users/macair/Library/Developer/Xcode/DerivedData/Runner-drisucxfldzxzqdqixhnzsaitavw/Build/Intermediates.noindex/Runner.build/Debug-iphoneos/Runner.build/ResourceManagerResources
               export REZ_EXECUTABLE=
               export REZ_OBJECTS_DIR=/Users/macair/Library/Developer/Xcode/DerivedData/Runner-drisucxfldzxzqdqixhnzsaitavw/Build/Intermediates.noindex/Runner.build/Debug-iphoneos/Runner.build/ResourceManagerResources/Objects
               export REZ_PREFIX_FILE=
               export REZ_PREPROCESSOR_DEFINITIONS=
               export REZ_PREPROCESSOR_UNDEFINITIONS=
               export REZ_RESOLVE_ALIASES=Always
               export REZ_RESOURCE_MAP_READ_ONLY=NO
               export REZ_SCRIPT_TYPE=Roman
               export REZ_SEARCH_PATHS=
               export REZ_SHOW_DEBUG_OUTPUT=NO
               export REZ_SUPPRESS_REDECLARED_RESOURCE_TYPE_WARNINGS=NO
               export RUNTIME_EXCEPTION_ALLOW_DYLD_ENVIRONMENT_VARIABLES=NO
               export RUNTIME_EXCEPTION_ALLOW_JIT=NO
               export RUNTIME_EXCEPTION_ALLOW_UNSIGNED_EXECUTABLE_MEMORY=NO
               export RUNTIME_EXCEPTION_DEBUGGING_TOOL=NO
               export RUNTIME_EXCEPTION_DISABLE_EXECUTABLE_PAGE_PROTECTION=NO
               export RUNTIME_EXCEPTION_DISABLE_LIBRARY_VALIDATION=NO
               export RUN_CLANG_STATIC_ANALYZER=NO
               export RUN_DESTINATION_DEVICE_ECID=4078265016336412
               export RUN_DESTINATION_DEVICE_MODEL=iPhone18,2
               export RUN_DESTINATION_DEVICE_NAME="ה-iPhone של Shay"
               export RUN_DESTINATION_DEVICE_OS_VERSION=26.6
               export RUN_DESTINATION_DEVICE_PLATFORM_IDENTIFIER=com.apple.platform.iphoneos
               export RUN_DESTINATION_DEVICE_PLATFORM_NAME=iphoneos
               export RUN_DESTINATION_DEVICE_UDID=00008150-000E7D291199401C
               export RUN_DESTINATION_DEVICE_UUID=F1F78B6E-3039-5AFA-A449-AA18EFE948C7
               export RUN_DOCUMENTATION_COMPILER=NO
               export RemoveFile=
               export SCAN_ALL_SOURCE_FILES_FOR_INCLUDES=NO
               export SCENEKIT_DEPLOYMENT_TARGET=13.0
               export SCHEME_ACTION_NAME="Run Prepare Flutter Framework Script"
               export SCHEME_NAME=Runner
               export SCRIPTS_FOLDER_PATH=Runner.app/Scripts
               export SCRIPT_OUTPUT_STREAM_FILE=/var/folders/t7/4ns5bn2972v1xz_j79mgwsyw0000gn/T/flutter_tools.prcA3B/flutter_ios_build_temp_dirniDCoi/pipe_to_stdout
               export SDKDB_TO_SYMGRAPH_EXEC=/Applications/Xcode.app/Contents/Developer/../SharedFrameworks/CoreDocumentation.framework/Resources/sdkdb_to_symgraph
               export SDKROOT=iphoneos26.5
               export SDK_DIR=/Applications/Xcode.app/Contents/Developer/Platforms/iPhoneOS.platform/Developer/SDKs/iPhoneOS26.5.sdk
               export SDK_DIR_iphoneos26_5=/Applications/Xcode.app/Contents/Developer/Platforms/iPhoneOS.platform/Developer/SDKs/iPhoneOS26.5.sdk
               export SDK_NAME=iphoneos26.5
               export SDK_NAMES=iphoneos26.5
               export SDK_PRODUCT_BUILD_VERSION=23F81a
               export SDK_STAT_CACHE_ENABLE=YES
               export SDK_STAT_CACHE_VERBOSE_LOGGING=NO
               export SDK_VERSION=26.5
               export SDK_VERSION_ACTUAL=260500
               export SDK_VERSION_MAJOR=260000
               export SDK_VERSION_MINOR=260500
               export SECTORDER_FLAGS=
               export SED=/usr/bin/sed
               export SEPARATE_STRIP=NO
               export SEPARATE_SYMBOL_EDIT=NO
               export SETTING_DefaultValue_NO_NO=NO
               export SETTING_DefaultValue_NO_YES=YES
               export SETTING_DefaultValue_YES_NO=YES
               export SETTING_DefaultValue_YES_YES=YES
               export SETTING_DefaultValue__=NO
               export SET_DIR_MODE_OWNER_GROUP=YES
               export SET_FILE_MODE_OWNER_GROUP=NO
               export SHALLOW_BUNDLE=YES
               export SHALLOW_BUNDLE_PLATFORM=
               export SHALLOW_BUNDLE_TRIPLE=ios
               export SHALLOW_BUNDLE_ios_macabi=NO
               export SHALLOW_BUNDLE_macos=NO
               export SHARED_DERIVED_FILE_DIR=/Users/macair/Documents/food_diary/build/ios/Debug-iphoneos/DerivedSources
               export SHARED_FRAMEWORKS_FOLDER_PATH=Runner.app/SharedFrameworks
               export SHARED_PRECOMPS_DIR=/Users/macair/Library/Developer/Xcode/DerivedData/Runner-drisucxfldzxzqdqixhnzsaitavw/Build/Intermediates.noindex/PrecompiledHeaders
               export SHARED_SUPPORT_FOLDER_PATH=Runner.app/SharedSupport
               export SHELL=/bin/zsh
               export SHLVL=1
               export SKIP_INSTALL=NO
               export SKIP_MERGEABLE_LIBRARY_BUNDLE_HOOK=NO
               export SOURCE_ROOT=/Users/macair/Documents/food_diary/ios
               export SRCROOT=/Users/macair/Documents/food_diary/ios
               export SSH_AUTH_SOCK=/var/run/com.apple.launchd.0LNelOIdIg/Listeners
               export STORYBOARD_COMPILER_INFOPLIST_CONTENT_FILE=/Users/macair/Library/Developer/Xcode/DerivedData/Runner-drisucxfldzxzqdqixhnzsaitavw/Build/Intermediates.noindex/Runner.build/Debug-iphoneos/Runner.build/-SBPartialInfo.plist
               export STRINGSDATA_DIR=/undefined_arch
               export STRINGSDATA_ROOT=/Users/macair/Library/Developer/Xcode/DerivedData/Runner-drisucxfldzxzqdqixhnzsaitavw/Build/Intermediates.noindex/Runner.build/Debug-iphoneos/Runner.build
               export STRINGS_FILE_INFOPLIST_RENAME=YES
               export STRINGS_FILE_INPUT_ENCODING=
               export STRINGS_FILE_OUTPUT_ENCODING=binary
               export STRINGS_FILE_OUTPUT_FILENAME=
               export STRING_CATALOG_GENERATE_SYMBOLS=YES
               export STRIPFLAGS=
               export STRIP_BITCODE_FROM_COPIED_FILES=YES
               export STRIP_DETERMINISTIC_MODE=YES
               export STRIP_INSTALLED_PRODUCT=YES
               export STRIP_PNG_TEXT=YES
               export STRIP_STYLE=all
               export STRIP_SWIFT_SYMBOLS=YES
               export SUPPORTED_DEVICE_FAMILIES=1,2
               export SUPPORTED_PLATFORMS="iphonesimulator iphoneos"
               export SUPPORTS_MACCATALYST=NO
               export SUPPORTS_MAC_DESIGNED_FOR_IPHONE_IPAD=YES
               export SUPPORTS_ON_DEMAND_RESOURCES=YES
               export SUPPORTS_TEXT_BASED_API=NO
               export SUPPORTS_XR_DESIGNED_FOR_IPHONE_IPAD=YES
               export SUPPRESS_WARNINGS=NO
               export SWIFTC_ALTERNATE_LINKER=
               export SWIFTC_CLANG_COVERAGE_MAPPING_LINKER_ARGS=NO
               export SWIFTC_LD_DYLIB_INSTALL_NAME=
               export SWIFTC_LD_EXPORT_GLOBAL_SYMBOLS=YES
               export SWIFTC_LD_SUPPRESS_WARNINGS=NO
               export SWIFTC_LD_THREAD_SANITIZER=
               export SWIFTC_LINK_WITH_STANDARD_LIBRARIES=YES
               export SWIFTC_MACH_O_TYPE=mh_execute
               export SWIFTC_PASS_SDKROOT=YES
               export SWIFTC_RESOURCE_DIR=
               export SWIFTC_SDKROOT_LINKER_INPUT=iphoneos26.5
               export SWIFTC_SYSTEM_FRAMEWORK_SEARCH_PATHS=
               export SWIFTC__INPUT_FILE_LIST_PATH__=
               export SWIFT_ACTIVE_COMPILATION_CONDITIONS=
               export SWIFT_ADDITIONAL_LINKER_ARGS_OUTPUT_PATH=/Runner-linker-args.resp
               export SWIFT_ADDRESS_SANITIZER=
               export SWIFT_ADDRESS_SANITIZER_ALLOW_ERROR_RECOVERY=
               export SWIFT_ALLOW_INSTALL_OBJC_HEADER=YES
               export SWIFT_API_DIGESTER_MODE=abi
               export SWIFT_APPROACHABLE_CONCURRENCY=NO
               export SWIFT_AUTOLINK_EXTRACT_OUTPUT_PATH=/Runner-swiftbuild.autolink
               export SWIFT_BRIDGING_HEADER_IS_INTERNAL=NO
               export SWIFT_CLANG_CXX_LANGUAGE_STANDARD=objc-gnu++0x
               export SWIFT_CLANG_CXX_STANDARD_LIBRARY_HARDENING=debug
               export SWIFT_COHORT_ARCHS=
               export SWIFT_COMPILATION_MODE=singlefile
               export SWIFT_CROSS_MODULE_OPTIMIZATION=NO
               export SWIFT_DEBUG_INFORMATION_FORMAT=dwarf
               export SWIFT_DEBUG_INFORMATION_VERSION=compiler-default
               export SWIFT_DEFAULT_ACTOR_ISOLATION=nonisolated
               export SWIFT_DEPLOYMENT_TARGET=13.0
               export SWIFT_DISABLE_SAFETY_CHECKS=NO
               export SWIFT_EAGER_MODULE_EMISSION_IN_WMO=YES
               export SWIFT_EMIT_LOC_STRINGS=NO
               export SWIFT_EMIT_MODULE_INTERFACE=NO
               export SWIFT_ENABLE_APP_EXTENSION=NO
               export SWIFT_ENABLE_BARE_SLASH_REGEX=YES
               export SWIFT_ENABLE_BATCH_MODE=YES
               export SWIFT_ENABLE_COMPILE_CACHE=
               export SWIFT_ENABLE_EMIT_CONST_VALUES=YES
               export SWIFT_ENABLE_EXPLICIT_MODULES=
               export SWIFT_ENABLE_INCREMENTAL_COMPILATION=YES
               export SWIFT_ENABLE_LAYOUT_STRING_VALUE_WITNESSES=NO
               export SWIFT_ENABLE_LIBRARY_EVOLUTION=NO
               export SWIFT_ENABLE_OPAQUE_TYPE_ERASURE=NO
               export SWIFT_ENABLE_PREFIX_MAPPING=
               export SWIFT_ENABLE_TESTABILITY=NO
               export SWIFT_ENFORCE_EXCLUSIVE_ACCESS=default
               export SWIFT_EXEC=swiftc
               export SWIFT_EXPERIMENTAL_FEATURE_DEBUG_DESCRIPTION_MACRO=YES
               export SWIFT_GENERATE_ADDITIONAL_LINKER_ARGS=
               export SWIFT_INDEX_STORE_COMPRESS=NO
               export SWIFT_INDEX_STORE_ENABLE=YES
               export SWIFT_INDEX_STORE_ONLY_PROJECT_FILES=NO
               export SWIFT_INDEX_STORE_PATH=/Users/macair/Library/Developer/Xcode/DerivedData/Runner-drisucxfldzxzqdqixhnzsaitavw/Index.noindex/DataStore
               export SWIFT_INSTALL_MODULE=YES
               export SWIFT_INSTALL_MODULE_ABI_DESCRIPTOR=YES
               export SWIFT_INSTALL_OBJC_HEADER=YES
               export SWIFT_LIBFUZZER=
               export SWIFT_LIBRARIES_ONLY=NO
               export SWIFT_LIBRARY_PATH=
               export SWIFT_LINK_OBJC_RUNTIME=
               export SWIFT_LTO=NO
               export SWIFT_MODULES_AUTOLINK=YES
               export SWIFT_MODULE_ALIASES=
               export SWIFT_MODULE_NAME=Runner
               export SWIFT_OBJC_BRIDGING_HEADER=Runner/Runner-Bridging-Header.h
               export SWIFT_OBJC_INTERFACE_HEADER_NAME=Runner-Swift.h
               export SWIFT_OBJC_INTEROP_MODE=objc
               export SWIFT_OMIT_FRAME_POINTERS=compiler-default
               export SWIFT_OPTIMIZATION_LEVEL=-Onone
               export SWIFT_OTHER_PREFIX_MAPPINGS=
               export SWIFT_OVERLOAD_PREBUILT_MODULE_CACHE_PATH=
               export SWIFT_PACKAGE_NAME=
               export SWIFT_PLATFORM_TARGET_PREFIX=ios
               export SWIFT_PRECOMPILE_BRIDGING_HEADER=YES
               export SWIFT_REFLECTION_METADATA_LEVEL=all
               export SWIFT_RESOURCE_DIR=
               export SWIFT_RESPONSE_FILE_PATH=
               export SWIFT_SERIALIZE_DEBUGGING_OPTIONS=YES
               export SWIFT_SKIP_AUTOLINKING_ALL_FRAMEWORKS=NO
               export SWIFT_STDLIB=swiftCore
               export SWIFT_STDLIB_TOOL_ACTION=
               export SWIFT_STDLIB_TOOL_CODE_SIGN_IDENTITY=
               export SWIFT_STDLIB_TOOL_DESTINATION_DIR=/Users/macair/Documents/food_diary/build/ios/Debug-iphoneos/Runner.app/Frameworks
               export SWIFT_STDLIB_TOOL_EXECUTABLE_TO_SCAN=
               export SWIFT_STDLIB_TOOL_FOLDERS_TO_SCAN=
               export SWIFT_STDLIB_TOOL_KEYCHAIN=
               export SWIFT_STDLIB_TOOL_OTHER_CODE_SIGN_FLAGS=
               export SWIFT_STDLIB_TOOL_SOURCE_LIBRARIES=
               export SWIFT_STDLIB_TOOL_STRIP_BITCODE=YES
               export SWIFT_STDLIB_TOOL_TOOLCHAINS=/Applications/Xcode.app/Contents/Developer/Toolchains/XcodeDefault.xctoolchain
               export SWIFT_STDLIB_TOOL_UNSIGNED_DESTINATION_DIR=
               export SWIFT_STDLIB_TOOL_VERBOSITY=verbose
               export SWIFT_STRICT_CONCURRENCY=minimal
               export SWIFT_STRICT_CONCURRENCY_DEFAULT=minimal
               export SWIFT_STRICT_CONCURRENCY_IN_SWIFT_VERSION_6_0=complete
               export SWIFT_STRICT_MEMORY_SAFETY=NO
               export SWIFT_SUPPRESS_WARNINGS=NO
               export SWIFT_SYSTEM_INCLUDE_PATHS=
               export SWIFT_TARGET_TRIPLE=undefined_arch-apple-ios13.0
               export SWIFT_THREAD_SANITIZER=
               export SWIFT_TREAT_WARNINGS_AS_ERRORS=NO
               export SWIFT_UPCOMING_FEATURE_6_0=NO
               export SWIFT_UPCOMING_FEATURE_CONCISE_MAGIC_FILE=NO
               export SWIFT_UPCOMING_FEATURE_DEPRECATE_APPLICATION_MAIN=NO
               export SWIFT_UPCOMING_FEATURE_DISABLE_OUTWARD_ACTOR_ISOLATION=NO
               export SWIFT_UPCOMING_FEATURE_DYNAMIC_ACTOR_ISOLATION=NO
               export SWIFT_UPCOMING_FEATURE_EXISTENTIAL_ANY=No
               export SWIFT_UPCOMING_FEATURE_FORWARD_TRAILING_CLOSURES=NO
               export SWIFT_UPCOMING_FEATURE_GLOBAL_ACTOR_ISOLATED_TYPES_USABILITY=NO
               export SWIFT_UPCOMING_FEATURE_GLOBAL_CONCURRENCY=NO
               export SWIFT_UPCOMING_FEATURE_IMPLICIT_OPEN_EXISTENTIALS=NO
               export SWIFT_UPCOMING_FEATURE_IMPORT_OBJC_FORWARD_DECLS=NO
               export SWIFT_UPCOMING_FEATURE_INFER_ISOLATED_CONFORMANCES=NO
               export SWIFT_UPCOMING_FEATURE_INFER_SENDABLE_FROM_CAPTURES=NO
               export SWIFT_UPCOMING_FEATURE_INTERNAL_IMPORTS_BY_DEFAULT=NO
               export SWIFT_UPCOMING_FEATURE_ISOLATED_DEFAULT_VALUES=NO
               export SWIFT_UPCOMING_FEATURE_MEMBER_IMPORT_VISIBILITY=NO
               export SWIFT_UPCOMING_FEATURE_NONFROZEN_ENUM_EXHAUSTIVITY=NO
               export SWIFT_UPCOMING_FEATURE_NONISOLATED_NONSENDING_BY_DEFAULT=NO
               export SWIFT_UPCOMING_FEATURE_REGION_BASED_ISOLATION=NO
               export SWIFT_USE_PARALLEL_WHOLE_MODULE_OPTIMIZATION=YES
               export SWIFT_USE_PARALLEL_WMO_TARGETS=YES
               export SWIFT_VALIDATE_CLANG_MODULES_ONCE_PER_BUILD_SESSION=YES
               export SWIFT_VERSION=5.0
               export SWIFT_WARNINGS_AS_ERRORS_GROUPS=
               export SWIFT_WARNINGS_AS_WARNINGS_GROUPS=
               export SWIFT_WHOLE_MODULE_OPTIMIZATION=NO
               export SYMBOL_GRAPH_EXTRACTOR_EXEC=swift-symbolgraph-extract
               export SYMBOL_GRAPH_EXTRACTOR_MODULE_CACHE_PATH=/Users/macair/Library/Developer/Xcode/DerivedData/ModuleCache.noindex
               export SYMBOL_GRAPH_EXTRACTOR_MODULE_NAME=Runner
               export SYMBOL_GRAPH_EXTRACTOR_OUTPUT_BASE=/Users/macair/Library/Developer/Xcode/DerivedData/Runner-drisucxfldzxzqdqixhnzsaitavw/Build/Intermediates.noindex/Runner.build/Debug-iphoneos/Runner.build/symbol-graph
               export SYMBOL_GRAPH_EXTRACTOR_OUTPUT_DIR=/Users/macair/Library/Developer/Xcode/DerivedData/Runner-drisucxfldzxzqdqixhnzsaitavw/Build/Intermediates.noindex/Runner.build/Debug-iphoneos/Runner.build/symbol-graph/swift/undefined_arch-apple-ios13.0
               export SYMBOL_GRAPH_EXTRACTOR_SDK=iphoneos26.5
               export SYMBOL_GRAPH_EXTRACTOR_SEARCH_PATHS=
               export SYMBOL_GRAPH_EXTRACTOR_SWIFT_VERSION=5.0
               export SYMBOL_GRAPH_EXTRACTOR_TARGET_TRIPLE=undefined_arch-apple-ios13.0
               export SYMBOL_HEADER=
               export SYMROOT=/Users/macair/Library/Developer/Xcode/DerivedData/Runner-drisucxfldzxzqdqixhnzsaitavw/Build/Products
               export SYSTEM_ADMIN_APPS_DIR=/Applications/Utilities
               export SYSTEM_APPS_DIR=/Applications
               export SYSTEM_CORE_SERVICES_DIR=/System/Library/CoreServices
               export SYSTEM_DEMOS_DIR=/Applications/Extras
               export SYSTEM_DEVELOPER_APPS_DIR=/Applications/Xcode.app/Contents/Developer/Applications
               export SYSTEM_DEVELOPER_BIN_DIR=/Applications/Xcode.app/Contents/Developer/usr/bin
               export SYSTEM_DEVELOPER_DEMOS_DIR="/Applications/Xcode.app/Contents/Developer/Applications/Utilities/Built Examples"
               export SYSTEM_DEVELOPER_DIR=/Applications/Xcode.app/Contents/Developer
               export SYSTEM_DEVELOPER_DOC_DIR="/Applications/Xcode.app/Contents/Developer/ADC Reference Library"
               export SYSTEM_DEVELOPER_EXECUTABLES_DIR=
               export SYSTEM_DEVELOPER_GRAPHICS_TOOLS_DIR="/Applications/Xcode.app/Contents/Developer/Applications/Graphics Tools"
               export SYSTEM_DEVELOPER_JAVA_TOOLS_DIR="/Applications/Xcode.app/Contents/Developer/Applications/Java Tools"
               export SYSTEM_DEVELOPER_PERFORMANCE_TOOLS_DIR="/Applications/Xcode.app/Contents/Developer/Applications/Performance Tools"
               export SYSTEM_DEVELOPER_RELEASENOTES_DIR="/Applications/Xcode.app/Contents/Developer/ADC Reference Library/releasenotes"
               export SYSTEM_DEVELOPER_TOOLS=/Applications/Xcode.app/Contents/Developer/Tools
               export SYSTEM_DEVELOPER_TOOLS_DOC_DIR="/Applications/Xcode.app/Contents/Developer/ADC Reference Library/documentation/DeveloperTools"
               export SYSTEM_DEVELOPER_TOOLS_RELEASENOTES_DIR="/Applications/Xcode.app/Contents/Developer/ADC Reference Library/releasenotes/DeveloperTools"
               export SYSTEM_DEVELOPER_USR_DIR=/Applications/Xcode.app/Contents/Developer/usr
               export SYSTEM_DEVELOPER_UTILITIES_DIR=/Applications/Xcode.app/Contents/Developer/Applications/Utilities
               export SYSTEM_DEXT_INSTALL_PATH=/System/Library/DriverExtensions
               export SYSTEM_DOCUMENTATION_DIR=/Library/Documentation
               export SYSTEM_EXTENSIONS_FOLDER_PATH=Runner.app/SystemExtensions
               export SYSTEM_EXTENSIONS_FOLDER_PATH_SHALLOW_BUNDLE_NO=Runner.app/Library/SystemExtensions
               export SYSTEM_EXTENSIONS_FOLDER_PATH_SHALLOW_BUNDLE_YES=Runner.app/SystemExtensions
               export SYSTEM_FRAMEWORK_SEARCH_PATHS=
               export SYSTEM_HEADER_SEARCH_PATHS=
               export SYSTEM_KEXT_INSTALL_PATH=/System/Library/Extensions
               export SYSTEM_LIBRARY_DIR=/System/Library
               export SYSTEM_LIBRARY_EXECUTABLES_DIR=
               export ShallowBundle=YES
               export SigningCert=
               export SkipEmbeddedFrameworksValidation=
               export TAPI_APPLICATION_EXTENSION_API_ONLY=NO
               export TAPI_DEMANGLE=YES
               export TAPI_DYLIB_ALLOWABLE_CLIENTS=
               export TAPI_DYLIB_COMPATIBILITY_VERSION=
               export TAPI_DYLIB_CURRENT_VERSION=
               export TAPI_DYLIB_INSTALL_NAME=
               export TAPI_EMIT_PROFILING_SYMBOLS=YES
               export TAPI_ENABLE_MODULES=NO
               export TAPI_ENABLE_PROJECT_HEADERS=NO
               export TAPI_ENABLE_VERIFICATION_MODE=YES
               export TAPI_EXCLUDE_PRIVATE_HEADERS=
               export TAPI_EXCLUDE_PROJECT_HEADERS=
               export TAPI_EXCLUDE_PUBLIC_HEADERS=
               export TAPI_EXEC=tapi
               export TAPI_EXTRACT_API_ENABLE_MODULES=YES
               export TAPI_EXTRACT_API_ENABLE_OBJC_ARC=YES
               export TAPI_EXTRACT_API_MODULE_CACHE_PATH=/Users/macair/Library/Developer/Xcode/DerivedData/ModuleCache.noindex
               export TAPI_EXTRACT_API_OUTPUT_DIR=/Users/macair/Library/Developer/Xcode/DerivedData/Runner-drisucxfldzxzqdqixhnzsaitavw/Build/Intermediates.noindex/Runner.build/Debug-iphoneos/Runner.build/symbol-graph/clang/undefined_arch-apple-ios13.0
               export TAPI_EXTRACT_API_SDKDB_OUTPUT_PATH=/Users/macair/Library/Developer/Xcode/DerivedData/Runner-drisucxfldzxzqdqixhnzsaitavw/Build/Intermediates.noindex/Runner.build/Debug-iphoneos/Runner.build/symbol-graph/clang/undefined_arch-apple-ios13.0/Runner.sdkdb
               export TAPI_EXTRACT_API_SEARCH_PATHS=
               export TAPI_EXTRACT_API_SYSTEM_ROOT=iphoneos26.5
               export TAPI_EXTRACT_API_TARGET_TRIPLE=undefined_arch-apple-ios13.0
               export TAPI_EXTRA_PRIVATE_HEADERS=
               export TAPI_EXTRA_PROJECT_HEADERS=
               export TAPI_EXTRA_PUBLIC_HEADERS=
               export TAPI_FRAMEWORK_SEARCH_PATHS=
               export TAPI_HEADER_SEARCH_PATHS=
               export TAPI_LANGUAGE=objective-c
               export TAPI_LANGUAGE_STANDARD=compiler-default
               export TAPI_LIBRARY_SEARCH_PATHS=
               export TAPI_MODULES_VALIDATE_SYSTEM_HEADERS=NO
               export TAPI_MODULE_CACHE_PATH=/Users/macair/Library/Developer/Xcode/DerivedData/ModuleCache.noindex
               export TAPI_PREPROCESSOR_DEFINITIONS="DEBUG=1  COCOAPODS=1 "
               export TAPI_PRODUCT_TYPE=com.apple.product-type.application
               export TAPI_READ_DSYM=YES
               export TAPI_REEXPORTED_FRAMEWORK_INSTALL_NAMES=
               export TAPI_REEXPORTED_FRAMEWORK_NAMES=
               export TAPI_REEXPORTED_LIBRARY_INSTALL_NAMES=
               export TAPI_REEXPORTED_LIBRARY_NAMES=
               export TAPI_REEXPORTED_LIBRARY_PATHS=
               export TAPI_RUNPATH_SEARCH_PATHS=" '@executable_path/Frameworks' '@loader_path/Frameworks' @executable_path/Frameworks"
               export TAPI_SHARED_CACHE_ELIGIBLE=Automatic
               export TAPI_SYSTEM_FRAMEWORK_SEARCH_PATHS=
               export TAPI_SYSTEM_HEADER_SEARCH_PATHS=
               export TAPI_TARGET_TRIPLE_ARCHS=arm64
               export TAPI_USE_SRCROOT=YES
               export TAPI_VERIFY_AGAINST=
               export TAPI_VERIFY_MODE=Pedantic
               export TARGETED_DEVICE_FAMILY=1,2
               export TARGETNAME=Runner
               export TARGET_BUILD_DIR=/Users/macair/Documents/food_diary/build/ios/Debug-iphoneos
               export TARGET_BUILD_SUBPATH=
               export TARGET_DEVICE_IDENTIFIER=00008150-000E7D291199401C
               export TARGET_DEVICE_MODEL=iPhone18,2
               export TARGET_DEVICE_OS_VERSION=26.6
               export TARGET_DEVICE_PLATFORM_NAME=iphoneos
               export TARGET_NAME=Runner
               export TARGET_TEMP_DIR=/Users/macair/Library/Developer/Xcode/DerivedData/Runner-drisucxfldzxzqdqixhnzsaitavw/Build/Intermediates.noindex/Runner.build/Debug-iphoneos/Runner.build
               export TEMP_DIR=/Users/macair/Library/Developer/Xcode/DerivedData/Runner-drisucxfldzxzqdqixhnzsaitavw/Build/Intermediates.noindex/Runner.build/Debug-iphoneos/Runner.build
               export TEMP_FILES_DIR=/Users/macair/Library/Developer/Xcode/DerivedData/Runner-drisucxfldzxzqdqixhnzsaitavw/Build/Intermediates.noindex/Runner.build/Debug-iphoneos/Runner.build
               export TEMP_FILE_DIR=/Users/macair/Library/Developer/Xcode/DerivedData/Runner-drisucxfldzxzqdqixhnzsaitavw/Build/Intermediates.noindex/Runner.build/Debug-iphoneos/Runner.build
               export TEMP_ROOT=/Users/macair/Library/Developer/Xcode/DerivedData/Runner-drisucxfldzxzqdqixhnzsaitavw/Build/Intermediates.noindex
               export TEMP_SANDBOX_DIR=/Users/macair/Library/Developer/Xcode/DerivedData/Runner-drisucxfldzxzqdqixhnzsaitavw/Build/Intermediates.noindex/TemporaryTaskSandboxes
               export TERM=xterm-256color
               export TERM_PROGRAM=vscode
               export TERM_PROGRAM_VERSION=1.127.0
               export TEST_FRAMEWORK_SEARCH_PATHS=" /Applications/Xcode.app/Contents/Developer/Platforms/iPhoneOS.platform/Developer/Library/Frameworks iphoneos26.5/Developer/Library/Frameworks"
               export TEST_HOST=
               export TEST_LIBRARY_SEARCH_PATHS=" /Applications/Xcode.app/Contents/Developer/Platforms/iPhoneOS.platform/Developer/usr/lib"
               export TEXTURE_ATLAS_ENABLE_WARNINGS=Yes
               export TEXTURE_ATLAS_FORMAT=RGBA8888_PNG
               export TEXTURE_ATLAS_MAXIMUM_SIZE=2048x2048
               export TMPDIR=/var/folders/t7/4ns5bn2972v1xz_j79mgwsyw0000gn/T/
               export TOOLCHAINS=
               export TOOLCHAIN_DIR=/Applications/Xcode.app/Contents/Developer/Toolchains/XcodeDefault.xctoolchain
               export TRACK_WIDGET_CREATION=true
               export TREAT_MISSING_BASELINES_AS_TEST_FAILURES=NO
               export TREAT_MISSING_SCRIPT_PHASE_OUTPUTS_AS_ERRORS=NO
               export TREE_SHAKE_ICONS=false
               export TVOS_DEPLOYMENT_TARGET=15.6
               export UID=501
               export UNEXPORTED_SYMBOLS_FILE=
               export UNINSTALLED_PRODUCTS_DIR=/Users/macair/Library/Developer/Xcode/DerivedData/Runner-drisucxfldzxzqdqixhnzsaitavw/Build/Intermediates.noindex/UninstalledProducts
               export UNLOCALIZED_RESOURCES_FOLDER_PATH=Runner.app
               export UNLOCALIZED_RESOURCES_FOLDER_PATH_SHALLOW_BUNDLE_NO=Runner.app/Resources
               export UNLOCALIZED_RESOURCES_FOLDER_PATH_SHALLOW_BUNDLE_YES=Runner.app
               export UNSTRIPPED_PRODUCT=NO
               export USER=macair
               export USER_APPS_DIR=/Users/macair/Applications
               export USER_LIBRARY_DIR=/Users/macair/Library
               export USER_ZDOTDIR=/Users/macair
               export USE_DYNAMIC_NO_PIC=YES
               export USE_GCC3_PFE_SUPPORT=
               export USE_HEADERMAP=YES
               export USE_HEADER_SYMLINKS=NO
               export USE_RECURSIVE_SCRIPT_INPUTS_IN_SCRIPT_PHASES=YES
               export USE_SDK_TOOLCHAINS=YES
               export VALIDATE_PLIST_FILES_WHILE_COPYING=NO
               export VALIDATE_PRODUCT=NO
               export VALIDATE_STRINGS_FILES_WHILE_COPYING=YES
               export VALID_ARCHS="arm64e arm64"
               export VERBOSE_PBXCP=NO
               export VERBOSE_SCRIPT_LOGGING=YES
               export VERSIONING_STUB=
               export VERSIONING_SYSTEM=apple-generic
               export VERSIONPLIST_PATH=Runner.app/version.plist
               export VERSIONS_FOLDER_PATH=
               export VERSION_INFO_BUILDER=macair
               export VERSION_INFO_EXPORT_DECL=
               export VERSION_INFO_FILE=Runner_vers.c
               export VERSION_INFO_PREFIX=
               export VERSION_INFO_STRING="\"@(#)PROGRAM:Runner  PROJECT:Runner-1\""
               export VERSION_INFO_SUFFIX=
               export VSCODE_GIT_ASKPASS_EXTRA_ARGS=
               export VSCODE_GIT_ASKPASS_MAIN="/Users/macair/Desktop/Visual Studio Code.app/Contents/Resources/app/extensions/git/dist/askpass-main.js"
               export VSCODE_GIT_ASKPASS_NODE="/Users/macair/Desktop/Visual Studio Code.app/Contents/Frameworks/Code Helper (Plugin).app/Contents/MacOS/Code Helper (Plugin)"
               export VSCODE_GIT_IPC_HANDLE=/var/folders/t7/4ns5bn2972v1xz_j79mgwsyw0000gn/T/vscode-git-4b1625d0cf.sock
               export VSCODE_INJECTION=1
               export VSCODE_PROFILE_INITIALIZED=1
               export VSCODE_PYTHON_AUTOACTIVATE_GUARD=1
               export ValidateForStore=NO
               export WARNING_CFLAGS=
               export WATCHOS_DEPLOYMENT_TARGET=8.7
               export WATCH_BUILT_PRODUCTS_DIR=/Users/macair/Documents/food_diary/build/ios/Debug-watchos
               export WORKSPACE_PATH=/Users/macair/Documents/food_diary/ios/Runner.xcworkspace
               export WRAPPER_EXTENSION=app
               export WRAPPER_NAME=Runner.app
               export WRAPPER_PREFIX=
               export WRAPPER_SUFFIX=.app
               export WRAP_ASSET_PACKS_IN_SEPARATE_DIRECTORIES=NO
               export XCODE_APP_SUPPORT_DIR=/Applications/Xcode.app/Contents/Developer/Library/Xcode
               export XCODE_DEVELOPER_DIR_PATH=
               export XCODE_PRODUCT_BUILD_VERSION=17F113
               export XCODE_VERSION_ACTUAL=2660
               export XCODE_VERSION_MAJOR=2600
               export XCODE_VERSION_MINOR=2660
               export XCSTRINGS_FORCE_BUILD_ALL_STRINGS=NO
               export XCSTRINGS_LANGUAGES_TO_COMPILE=
               export XIB_COMPILER_INFOPLIST_CONTENT_FILE=/Users/macair/Library/Developer/Xcode/DerivedData/Runner-drisucxfldzxzqdqixhnzsaitavw/Build/Intermediates.noindex/Runner.build/Debug-iphoneos/Runner.build/-PartialInfo.plist
               export XPCSERVICES_FOLDER_PATH=Runner.app/XPCServices
               export XPC_FLAGS=0x0
               export XPC_SERVICE_NAME=0
               export XROS_DEPLOYMENT_TARGET=1.3
               export YACC=yacc
               export YACCFLAGS=
               export YACC_GENERATED_FILE_STEM=Standard
               export YACC_GENERATE_DEBUGGING_DIRECTIVES=NO
               export YACC_INSERT_LINE_DIRECTIVES=YES
               export ZDOTDIR=/Users/macair
               export _CLANG_ENABLE_TYPED_ALLOCATOR_SUPPORT_DEFAULT=compiler-default
               export _CLANG_ENABLE_TYPED_ALLOCATOR_SUPPORT_DEFAULT_ENHANCED_SECURITY_NO=compiler-default
               export _CLANG_ENABLE_TYPED_ALLOCATOR_SUPPORT_DEFAULT_ENHANCED_SECURITY_YES=YES
               export _CLANG_TRIVIAL_AUTO_VAR_INIT_DEFAULT=default
               export _CLANG_TRIVIAL_AUTO_VAR_INIT_DEFAULT_ENABLE_ZERO_INIT_NO=default
               export _CLANG_TRIVIAL_AUTO_VAR_INIT_DEFAULT_ENABLE_ZERO_INIT_YES=zero
               export _DISCOVER_COMMAND_LINE_LINKER_INPUTS=YES
               export _DISCOVER_COMMAND_LINE_LINKER_INPUTS_INCLUDE_WL=YES
               export _LD_MULTIARCH=YES
               export _PREFIXED_SWIFT_VERSION=_5.0
               export _REZ_PREFIX_FILE=/Users/macair/Documents/food_diary/ios/
               export _UNSAFE_BUFFER_USAGE_DEFAULT=DEFAULT
               export _UNSAFE_BUFFER_USAGE_DEFAULT_ENABLE_SAFE_BUFFERS_NO=DEFAULT
               export _UNSAFE_BUFFER_USAGE_DEFAULT_ENABLE_SAFE_BUFFERS_YES=YES_ERROR
               export _WRAPPER_CONTENTS_DIR=
               export _WRAPPER_CONTENTS_DIR_SHALLOW_BUNDLE_NO=/Contents
               export _WRAPPER_PARENT_PATH=
               export _WRAPPER_PARENT_PATH_SHALLOW_BUNDLE_NO=/..
               export _WRAPPER_RESOURCES_DIR=
               export _WRAPPER_RESOURCES_DIR_SHALLOW_BUNDLE_NO=/Resources
               export __CFBundleIdentifier=com.microsoft.VSCode
               export __CF_USER_TEXT_ENCODING="0x1F5:0x0:0x0"
               export __CLANG_ANALYZER_DIVIDE_BY_ZERO_NO_SILENCE_STRING=core.DivideZero
               export __CLANG_ANALYZER_DIVIDE_BY_ZERO_YES_SILENCE_STRING=.
               export __CLANG_ANALYZER_NULL_DEREFERENCE_NO_SILENCE_STRING=core.NullDereference
               export __CLANG_ANALYZER_NULL_DEREFERENCE_YES_SILENCE_STRING=.
               export __CLANG_ANALYZER_SILENCE_CHECKERS=YES
               export __CLANG_ANALYZER_SILENCE_CHECKERS_LIST=".;."
               export __CPP_PREFIX_HEADER=
               export __CREATE_INFOPLIST_SECTION_IN_BINARY=NO
               export __DIAGNOSE_DEPRECATED_ARCHS=YES
               export __ENHANCED_SECURITY_OR_BOUNDS_SAFE_BUFFERS=NO
               export __ENHANCED_SECURITY_OR_BOUNDS_SAFE_BUFFERS_NO_NO=NO
               export __ENHANCED_SECURITY_OR_BOUNDS_SAFE_BUFFERS_NO_YES=YES
               export __ENHANCED_SECURITY_OR_BOUNDS_SAFE_BUFFERS_YES_NO=YES
               export __ENHANCED_SECURITY_OR_BOUNDS_SAFE_BUFFERS_YES_YES=YES
               export __IIG_DEPLOYMENT_TARGET__=13.0
               export __IIG_FRAMEWORK_NAME__=com.apple.product-type.application
               export __INPUT_FILE_LIST_PATH__=
               export __IS_NOT_MACOS=YES
               export __IS_NOT_MACOS_macosx=NO
               export __IS_NOT_SIMULATOR=YES
               export __IS_NOT_SIMULATOR_simulator=NO
               export __LIBRARY_HARDENING_DEFAULT_VALUE=debug
               export __LIBRARY_HARDENING_DEFAULT_VALUE_OPT_LEVEL_0_ENHANCED_SECURITY_OR_BOUNDS_SAFE_BUFFERS_NO=debug
               export __LIBRARY_HARDENING_DEFAULT_VALUE_OPT_LEVEL_0_ENHANCED_SECURITY_OR_BOUNDS_SAFE_BUFFERS_YES=debug
               export __LIBRARY_HARDENING_DEFAULT_VALUE_OPT_LEVEL_1_ENHANCED_SECURITY_OR_BOUNDS_SAFE_BUFFERS_YES=fast
               export __LIBRARY_HARDENING_DEFAULT_VALUE_OPT_LEVEL_2_ENHANCED_SECURITY_OR_BOUNDS_SAFE_BUFFERS_YES=fast
               export __LIBRARY_HARDENING_DEFAULT_VALUE_OPT_LEVEL_3_ENHANCED_SECURITY_OR_BOUNDS_SAFE_BUFFERS_YES=fast
               export __LIBRARY_HARDENING_DEFAULT_VALUE_OPT_LEVEL_fast_ENHANCED_SECURITY_OR_BOUNDS_SAFE_BUFFERS_YES=fast
               export __LIBRARY_HARDENING_DEFAULT_VALUE_OPT_LEVEL_s_ENHANCED_SECURITY_OR_BOUNDS_SAFE_BUFFERS_YES=fast
               export __LIBRARY_HARDENING_DEFAULT_VALUE_OPT_LEVEL_z_ENHANCED_SECURITY_OR_BOUNDS_SAFE_BUFFERS_YES=fast
               export __OTHER_IIG_CFLAGS__=YES
               export __SWIFT_ENFORCE_EXCLUSIVE_ACCESS_DEBUG_ENFORCEMENT_DEBUG=YES
               export __SWIFT_ENFORCE_EXCLUSIVE_ACCESS_DEBUG_ENFORCEMENT_RELEASE=YES
               export __infoplist_absolute__=/Users/macair/Documents/food_diary/build/ios/Debug-iphoneos/Runner.app
               export __infoplist_subpath__=Info.plist
               export __no_validate_extension__=YES
               export _exclude_ds_store_files_=
               export _resolve_src_symlinks_=
               export arch=undefined_arch
               export build_file_compiler_flags=
               export diagnostic_message_length=0
               export mig_generate_client_sources=YES
               export mig_generate_server_sources=NO
               export print_note_include_stack=YES
               export variant=normal
               /bin/sh -c /var/folders/t7/4ns5bn2972v1xz_j79mgwsyw0000gn/T/SchemeScriptAction-ETghID.sh
           Warning: unknown environment variable SWIFT_DEBUG_INFORMATION_FORMAT
           Warning: unknown environment variable SWIFT_DEBUG_INFORMATION_VERSION
           Warning: unknown environment variable SWIFT_DEBUG_INFORMATION_FORMAT
           Warning: unknown environment variable SWIFT_DEBUG_INFORMATION_VERSION
           Warning: unknown environment variable SWIFT_DEBUG_INFORMATION_FORMAT
           Warning: unknown environment variable SWIFT_DEBUG_INFORMATION_VERSION
           Warning: unknown environment variable SWIFT_DEBUG_INFORMATION_FORMAT
           Warning: unknown environment variable SWIFT_DEBUG_INFORMATION_VERSION
           ♦ /Users/macair/development/flutter/bin/flutter --verbose assemble --no-version-check --output=/Users/macair/Documents/food_diary/build/ios/Debug-iphoneos/ -dTargetPlatform=ios -dTargetFile=/Users/macair/Documents/food_diary/lib/main.dart -dBuildMode=debug -dConfiguration=Debug -dIosArchs=arm64 -dSdkRoot=iphoneos26.5 -dSplitDebugInfo= -dTreeShakeIcons=false -dTrackWidgetCreation=true -dDartObfuscation=false -dAction=build -dFrontendServerStarterPath= --ExtraGenSnapshotOptions= --DartDefines=RkxVVFRFUl9WRVJTSU9OPTMuNDQuNA==,RkxVVFRFUl9DSEFOTkVMPXN0YWJsZQ==,RkxVVFRFUl9HSVRfVVJMPWh0dHBzOi8vZ2l0aHViLmNvbS9mbHV0dGVyL2ZsdXR0ZXIuZ2l0,RkxVVFRFUl9GUkFNRVdPUktfUkVWSVNJT049YWQ3MGVjNDYxNw==,RkxVVFRFUl9FTkdJTkVfUkVWSVNJT049YTEwZDhhYzM4ZA==,RkxVVFRFUl9EQVJUX1ZFUlNJT049My4xMi4y --ExtraFrontEndOptions= -dSrcRoot=/Users/macair/Documents/food_diary/ios -dXcodeBuildScript=prepare -dTargetDeviceOSVersion=26.6 debug_unpack_ios
           [  +24 ms] executing: sysctl hw.optional.arm64
           [   +9 ms] Exit code 0 from: sysctl hw.optional.arm64
           [        ] hw.optional.arm64: 1
           [   +7 ms] Artifact Instance of 'MaterialFonts' is not required, skipping update.
           [        ] Artifact Instance of 'GradleWrapper' is not required, skipping update.
           [        ] Artifact Instance of 'AndroidGenSnapshotArtifacts' is not required, skipping update.
           [        ] Artifact Instance of 'AndroidInternalBuildArtifacts' is not required, skipping update.
           [        ] Artifact Instance of 'IOSEngineArtifacts' is not required, skipping update.
           [        ] Artifact Instance of 'FlutterWebSdk' is not required, skipping update.
           [        ] Artifact Instance of 'LegacyCanvasKitRemover' is not required, skipping update.
           [        ] Artifact Instance of 'FlutterSdk' is not required, skipping update.
           [        ] Artifact Instance of 'WindowsEngineArtifacts' is not required, skipping update.
           [        ] Artifact Instance of 'MacOSEngineArtifacts' is not required, skipping update.
           [        ] Artifact Instance of 'LinuxEngineArtifacts' is not required, skipping update.
           [        ] Artifact Instance of 'LinuxFuchsiaSDKArtifacts' is not required, skipping update.
           [        ] Artifact Instance of 'MacOSFuchsiaSDKArtifacts' is not required, skipping update.
           [        ] Artifact Instance of 'FlutterRunnerSDKArtifacts' is not required, skipping update.
           [        ] Artifact Instance of 'FlutterRunnerDebugSymbols' is not required, skipping update.
           [        ] Artifact Instance of 'IosUsbArtifacts' is not required, skipping update.
           [        ] Artifact Instance of 'IosUsbArtifacts' is not required, skipping update.
           [        ] Artifact Instance of 'IosUsbArtifacts' is not required, skipping update.
           [        ] Artifact Instance of 'IosUsbArtifacts' is not required, skipping update.
           [        ] Artifact Instance of 'IosUsbArtifacts' is not required, skipping update.
           [        ] Artifact Instance of 'IosUsbArtifacts' is not required, skipping update.
           [        ] Artifact Instance of 'FontSubsetArtifacts' is not required, skipping update.
           [        ] Artifact Instance of 'PubDependencies' is not required, skipping update.
           [   +9 ms] Artifact Instance of 'AndroidGenSnapshotArtifacts' is not required, skipping update.
           [        ] Artifact Instance of 'AndroidInternalBuildArtifacts' is not required, skipping update.
           [        ] Artifact Instance of 'IOSEngineArtifacts' is not required, skipping update.
           [        ] Artifact Instance of 'FlutterWebSdk' is not required, skipping update.
           [        ] Artifact Instance of 'FlutterEngineStamp' is not required, skipping update.
           [        ] Artifact Instance of 'LegacyCanvasKitRemover' is not required, skipping update.
           [   +1 ms] Artifact Instance of 'WindowsEngineArtifacts' is not required, skipping update.
           [        ] Artifact Instance of 'MacOSEngineArtifacts' is not required, skipping update.
           [        ] Artifact Instance of 'LinuxEngineArtifacts' is not required, skipping update.
           [        ] Artifact Instance of 'LinuxFuchsiaSDKArtifacts' is not required, skipping update.
           [        ] Artifact Instance of 'MacOSFuchsiaSDKArtifacts' is not required, skipping update.
           [        ] Artifact Instance of 'FlutterRunnerSDKArtifacts' is not required, skipping update.
           [        ] Artifact Instance of 'FlutterRunnerDebugSymbols' is not required, skipping update.
           [  +45 ms] Artifact Instance of 'MaterialFonts' is not required, skipping update.
           [        ] Artifact Instance of 'GradleWrapper' is not required, skipping update.
           [        ] Artifact Instance of 'AndroidGenSnapshotArtifacts' is not required, skipping update.
           [        ] Artifact Instance of 'AndroidInternalBuildArtifacts' is not required, skipping update.
           [        ] Artifact Instance of 'FlutterWebSdk' is not required, skipping update.
           [        ] Artifact Instance of 'FlutterEngineStamp' is not required, skipping update.
           [        ] Artifact Instance of 'LegacyCanvasKitRemover' is not required, skipping update.
           [        ] Artifact Instance of 'FlutterSdk' is not required, skipping update.
           [        ] Artifact Instance of 'WindowsEngineArtifacts' is not required, skipping update.
           [        ] Artifact Instance of 'MacOSEngineArtifacts' is not required, skipping update.
           [        ] Artifact Instance of 'LinuxEngineArtifacts' is not required, skipping update.
           [        ] Artifact Instance of 'LinuxFuchsiaSDKArtifacts' is not required, skipping update.
           [        ] Artifact Instance of 'MacOSFuchsiaSDKArtifacts' is not required, skipping update.
           [        ] Artifact Instance of 'FlutterRunnerSDKArtifacts' is not required, skipping update.
           [        ] Artifact Instance of 'FlutterRunnerDebugSymbols' is not required, skipping update.
           [        ] Artifact Instance of 'IosUsbArtifacts' is not required, skipping update.
           [        ] Artifact Instance of 'IosUsbArtifacts' is not required, skipping update.
           [        ] Artifact Instance of 'IosUsbArtifacts' is not required, skipping update.
           [        ] Artifact Instance of 'IosUsbArtifacts' is not required, skipping update.
           [        ] Artifact Instance of 'IosUsbArtifacts' is not required, skipping update.
           [        ] Artifact Instance of 'IosUsbArtifacts' is not required, skipping update.
           [        ] Artifact Instance of 'FontSubsetArtifacts' is not required, skipping update.
           [        ] Artifact Instance of 'PubDependencies' is not required, skipping update.
           [  +10 ms] Initializing file store
           [        ] Done initializing file store
           [  +13 ms] debug_unpack_ios: Starting due to {InvalidatedReasonKind.outputSetAddition: The following outputs were added to the output set: /Users/macair/Documents/food_diary/build/ios/Debug-iphoneos/Flutter.framework/Flutter}
           [  +75 ms] Skipping lipo for non-fat file /Users/macair/Documents/food_diary/build/ios/Debug-iphoneos/Flutter.framework/Flutter
           [   +1 ms] executing: xattr -r -d com.apple.FinderInfo /Users/macair/Documents/food_diary/build/ios/Debug-iphoneos/Flutter.framework/Flutter
           [  +11 ms] executing: xattr -r -d com.apple.provenance /Users/macair/Documents/food_diary/build/ios/Debug-iphoneos/Flutter.framework/Flutter
           [  +57 ms] Persisting file store
           [   +2 ms] Done persisting file store
           [   +2 ms] "flutter assemble" took 234ms.
           [        ] Running 1 shutdown hook
           [        ] Shutdown hooks complete
           [        ] exiting with code 1
           Warning: unknown environment variable SWIFT_DEBUG_INFORMATION_FORMAT
           Warning: unknown environment variable SWIFT_DEBUG_INFORMATION_VERSION
           Warning: unknown environment variable SWIFT_DEBUG_INFORMATION_FORMAT
           Warning: unknown environment variable SWIFT_DEBUG_INFORMATION_VERSION
           Warning: unknown environment variable SWIFT_DEBUG_INFORMATION_FORMAT
           Warning: unknown environment variable SWIFT_DEBUG_INFORMATION_VERSION
           Warning: unknown environment variable SWIFT_DEBUG_INFORMATION_FORMAT
           Warning: unknown environment variable SWIFT_DEBUG_INFORMATION_VERSION
           [   +1 ms] Target debug_unpack_ios failed: Exception: Failed to codesign /Users/macair/Documents/food_diary/build/ios/Debug-iphoneos/Flutter.framework/Flutter with identity -.
                      Warning: unknown environment variable SWIFT_DEBUG_INFORMATION_FORMAT
                      Warning: unknown environment variable SWIFT_DEBUG_INFORMATION_VERSION
                      /Users/macair/Documents/food_diary/build/ios/Debug-iphoneos/Flutter.framework/Flutter: replacing existing signature
                      /Users/macair/Documents/food_diary/build/ios/Debug-iphoneos/Flutter.framework/Flutter: resource fork, Finder information, or similar detritus not allowed

                      #0      _signFramework (package:flutter_tools/src/build_system/targets/ios.dart:955:5)
                      <asynchronous suspension>
                      #1      UnpackIOS.build (package:flutter_tools/src/build_system/targets/ios.dart:302:5)
                      <asynchronous suspension>
                      #2      _BuildInstance._invokeInternal (package:flutter_tools/src/build_system/build_system.dart:937:9)
                      <asynchronous suspension>
                      #3      FlutterBuildSystem.build (package:flutter_tools/src/build_system/build_system.dart:684:16)
                      <asynchronous suspension>
                      #4      AssembleCommand.runCommand (package:flutter_tools/src/commands/assemble.dart:369:32)
                      <asynchronous suspension>
                      #5      FlutterCommand.run.<anonymous closure> (package:flutter_tools/src/runner/flutter_command.dart:1630:27)
                      <asynchronous suspension>
                      #6      AppContext.run.<anonymous closure> (package:flutter_tools/src/base/context.dart:154:19)
                      <asynchronous suspension>
                      #7      CommandRunner.runCommand (package:args/command_runner.dart:212:13)
                      <asynchronous suspension>
                      #8      FlutterCommandRunner.runCommand.<anonymous closure> (package:flutter_tools/src/runner/flutter_command_runner.dart:496:9)
                      <asynchronous suspension>
                      #9      AppContext.run.<anonymous closure> (package:flutter_tools/src/base/context.dart:154:19)
                      <asynchronous suspension>
                      #10     FlutterCommandRunner.runCommand (package:flutter_tools/src/runner/flutter_command_runner.dart:431:5)
                      <asynchronous suspension>
                      #11     FlutterCommandRunner.run.<anonymous closure> (package:flutter_tools/src/runner/flutter_command_runner.dart:307:33)
                      <asynchronous suspension>
                      #12     run.<anonymous closure>.<anonymous closure> (package:flutter_tools/runner.dart:104:11)
                      <asynchronous suspension>
                      #13     AppContext.run.<anonymous closure> (package:flutter_tools/src/base/context.dart:154:19)
                      <asynchronous suspension>
                      #14     main (package:flutter_tools/executable.dart:103:3)
                      <asynchronous suspension>

           [   +9 ms] 
                      #0      throwToolExit (package:flutter_tools/src/base/common.dart:34:3)
                      #1      AssembleCommand.runCommand (package:flutter_tools/src/commands/assemble.dart:387:7)
                      <asynchronous suspension>
                      #2      FlutterCommand.run.<anonymous closure> (package:flutter_tools/src/runner/flutter_command.dart:1630:27)
                      <asynchronous suspension>
                      #3      AppContext.run.<anonymous closure> (package:flutter_tools/src/base/context.dart:154:19)
                      <asynchronous suspension>
                      #4      CommandRunner.runCommand (package:args/command_runner.dart:212:13)
                      <asynchronous suspension>
                      #5      FlutterCommandRunner.runCommand.<anonymous closure> (package:flutter_tools/src/runner/flutter_command_runner.dart:496:9)
                      <asynchronous suspension>
                      #6      AppContext.run.<anonymous closure> (package:flutter_tools/src/base/context.dart:154:19)
                      <asynchronous suspension>
                      #7      FlutterCommandRunner.runCommand (package:flutter_tools/src/runner/flutter_command_runner.dart:431:5)
                      <asynchronous suspension>
                      #8      FlutterCommandRunner.run.<anonymous closure> (package:flutter_tools/src/runner/flutter_command_runner.dart:307:33)
                      <asynchronous suspension>
                      #9      run.<anonymous closure>.<anonymous closure> (package:flutter_tools/runner.dart:104:11)
                      <asynchronous suspension>
                      #10     AppContext.run.<anonymous closure> (package:flutter_tools/src/base/context.dart:154:19)
                      <asynchronous suspension>
                      #11     main (package:flutter_tools/executable.dart:103:3)
                      <asynchronous suspension>
           Failed to copy Flutter framework.

           ComputePackagePrebuildTargetDependencyGraph


           Result bundle written to path:
           	/var/folders/t7/4ns5bn2972v1xz_j79mgwsyw0000gn/T/flutter_tools.prcA3B/flutter_ios_build_temp_dirniDCoi/temporary_xcresult_bundle


           ** BUILD FAILED **


           The following build commands failed:
           	Run custom shell script 'Run Prepare Flutter Framework Script'
           	eyJ0eXBlIjp7IndvcmtzcGFjZSI6e319fQ==
           (2 failures)
[   +8 ms] Running Xcode build... (completed in 3.5s)
[        ] Xcode build done.                                            3.5s
[  +30 ms] executing: /usr/bin/arch -arm64e xcrun xcresulttool get build-results --path /var/folders/t7/4ns5bn2972v1xz_j79mgwsyw0000gn/T/flutter_tools.prcA3B/flutter_ios_build_temp_dirniDCoi/temporary_xcresult_bundle --format json
[ +106 ms] {
             "actionTitle" : "Build \"Runner\"",
             "analyzerWarningCount" : 0,
             "analyzerWarnings" : [

             ],
             "destination" : {
               "architecture" : "arm64",
               "deviceId" : "00008150-000E7D291199401C",
               "deviceName" : "ה-iPhone של Shay",
               "modelName" : "iPhone 17 Pro Max",
               "osBuildNumber" : "23G71",
               "osVersion" : "26.6",
               "platform" : "iOS"
             },
             "endTime" : 1785071637.699,
             "errorCount" : 1,
             "errors" : [
               {
                 "issueType" : "Uncategorized",
                 "message" : "Exited with status code 255"
               }
             ],
             "startTime" : 1785071635.779,
             "status" : "cancelled",
             "warningCount" : 0,
             "warnings" : [

             ]
           }
[   +3 ms] Failed to build iOS app
[        ] Could not build the precompiled application for the device.
[  +19 ms] Uncategorized (Xcode): Exited with status code 255

[   +2 ms] Error launching application on ה-iPhone של Shay.
[   +2 ms] "flutter run" took 25,098ms.
[   +4 ms] executing: sw_vers -productName
[  +22 ms] Exit code 0 from: sw_vers -productName
[        ] macOS
[        ] executing: sw_vers -productVersion
[  +16 ms] Exit code 0 from: sw_vers -productVersion
[        ] 26.6
[        ] executing: sw_vers -buildVersion
[  +14 ms] Exit code 0 from: sw_vers -buildVersion
[        ] 25G5028f
[        ] executing: uname -m
[   +5 ms] Exit code 0 from: uname -m
[        ] arm64
[  +44 ms] 
           #0      throwToolExit (package:flutter_tools/src/base/common.dart:34:3)
           #1      RunCommand.runCommand (package:flutter_tools/src/commands/run.dart:940:9)
           <asynchronous suspension>
           #2      FlutterCommand.run.<anonymous closure> (package:flutter_tools/src/runner/flutter_command.dart:1630:27)
           <asynchronous suspension>
           #3      AppContext.run.<anonymous closure> (package:flutter_tools/src/base/context.dart:154:19)
           <asynchronous suspension>
           #4      CommandRunner.runCommand (package:args/command_runner.dart:212:13)
           <asynchronous suspension>
           #5      FlutterCommandRunner.runCommand.<anonymous closure> (package:flutter_tools/src/runner/flutter_command_runner.dart:496:9)
           <asynchronous suspension>
           #6      AppContext.run.<anonymous closure> (package:flutter_tools/src/base/context.dart:154:19)
           <asynchronous suspension>
           #7      FlutterCommandRunner.runCommand (package:flutter_tools/src/runner/flutter_command_runner.dart:431:5)
           <asynchronous suspension>
           #8      FlutterCommandRunner.run.<anonymous closure> (package:flutter_tools/src/runner/flutter_command_runner.dart:307:33)
           <asynchronous suspension>
           #9      run.<anonymous closure>.<anonymous closure> (package:flutter_tools/runner.dart:104:11)
           <asynchronous suspension>
           #10     AppContext.run.<anonymous closure> (package:flutter_tools/src/base/context.dart:154:19)
           <asynchronous suspension>
           #11     main (package:flutter_tools/executable.dart:103:3)
           <asynchronous suspension>


[        ] Running 3 shutdown hooks
[   +1 ms] Shutdown hooks complete
[ +258 ms] exiting with code 1
